case,experiment,group,target_family,target_level,run,sigma,d,N_train,N_test,formula_scalars,metric,formula_L,beta_mode,noisy_L_D,cv_folds,cv_validation_mse,final_refit_n,final_average_count_min,final_average_count_mean,final_average_count_max,beta_selected,final_L,clean_test_variance,train_mean_baseline_mse,family,method,target_scalar_ratio,width,stored_scalars,scalar_ratio_to_formula,mlp_depth,test_mse,train_noisy_mse,train_clean_mse,mse_over_constant,lipschitz_bound,empirical_lipschitz,optimizer_updates,training_seconds
folds_T1_d100,Folding: 1 layer,Tied,folds,1,12345,0.2,100,1000,2000,101001,l2,1.0,cv,0.33142105406650874,5,0.1483730561368698,1000,874,988.032,1000,9.22338730307246,1.0,0.11742387296509704,0.11742938191892525,constant,Training-mean constant,,,1,9.900892070375541e-06,,0.11742938191892525,0.1481251668997841,0.11779331884805012,1.0,0.0,0.0,0,0.0
folds_T1_d100,Folding: 1 layer,Tied,folds,1,12345,0.2,100,1000,2000,101001,l2,1.0,cv,0.33142105406650874,5,0.1483730561368698,1000,874,988.032,1000,9.22338730307246,1.0,0.11742387296509704,0.11742938191892525,formula,Formula,1.0,,101001,1.0,,0.11743233811385648,0.14820096375416267,0.11785756068164568,1.0000251742356379,1.0,0.0013522600177065644,0,0.9660629329737276
folds_T1_d100,Folding: 1 layer,Tied,folds,1,12345,0.2,100,1000,2000,101001,l2,1.0,cv,0.33142105406650874,5,0.1483730561368698,1000,874,988.032,1000,9.22338730307246,1.0,0.11742387296509704,0.11742938191892525,orthogonal,Orthogonal MLP,1.0,200.0,100801,0.9980198215859248,3.0,0.12365960232645477,1.6256978281113362e-06,0.0384586690225201,1.0530550387451663,0.9999990163700395,0.13123324822549082,1001,92.0793567718938
folds_T1_d100,Folding: 1 layer,Tied,folds,1,12345,0.2,100,1000,2000,101001,l2,1.0,cv,0.33142105406650874,5,0.1483730561368698,1000,874,988.032,1000,9.22338730307246,1.0,0.11742387296509704,0.11742938191892525,spectral,Spectral MLP,1.0,200.0,100801,0.9980198215859248,3.0,0.1242112896872856,1.8897342295530544e-12,0.03845665739082564,1.0577530738690482,0.9999989897245625,0.1337174104003916,1001,13.48990645003505
folds_T1_d100,Folding: 1 layer,Tied,folds,1,12345,0.2,100,1000,2000,101001,l2,1.0,cv,0.33142105406650874,5,0.1483730561368698,1000,874,988.032,1000,9.22338730307246,1.0,0.11742387296509704,0.11742938191892525,unconstrained,ReLU MLP,1.0,200.0,100801,0.9980198215859248,3.0,0.14252666623557303,8.670408245986052e-15,0.03845674893698292,1.2137223572714984,7.382186593086362,0.16082731926051802,1001,10.90619602589868
folds_T1_d100,Folding: 1 layer,Tied,folds,1,13345,0.2,100,1000,2000,101001,l2,1.0,cv,0.34403315776431614,5,0.16167258664626413,1000,20,186.09,792,7.711356597650745,1.0,0.12249064856419614,0.1224918227610159,constant,Training-mean constant,,,1,9.900892070375541e-06,,0.1224918227610159,0.16163784518871632,0.12254777140592148,1.0,0.0,0.0,0,0.0
folds_T1_d100,Folding: 1 layer,Tied,folds,1,13345,0.2,100,1000,2000,101001,l2,1.0,cv,0.34403315776431614,5,0.16167258664626413,1000,20,186.09,792,7.711356597650745,1.0,0.12249064856419614,0.1224918227610159,formula,Formula,1.0,,101001,1.0,,0.12293569497630491,0.15796697918904473,0.11938235700464912,1.0036236885473981,1.0,0.02108854881726227,0,0.9011766510084271
folds_T1_d100,Folding: 1 layer,Tied,folds,1,13345,0.2,100,1000,2000,101001,l2,1.0,cv,0.34403315776431614,5,0.16167258664626413,1000,20,186.09,792,7.711356597650745,1.0,0.12249064856419614,0.1224918227610159,orthogonal,Orthogonal MLP,1.0,200.0,100801,0.9980198215859248,3.0,0.13212326456729281,1.4027123903733297e-12,0.03733548148023081,1.0786292634820862,0.9999989758503435,0.12736800006139934,1001,91.80119713186286
folds_T1_d100,Folding: 1 layer,Tied,folds,1,13345,0.2,100,1000,2000,101001,l2,1.0,cv,0.34403315776431614,5,0.16167258664626413,1000,20,186.09,792,7.711356597650745,1.0,0.12249064856419614,0.1224918227610159,spectral,Spectral MLP,1.0,200.0,100801,0.9980198215859248,3.0,0.13490195047900302,9.32292454737228e-09,0.03732450028506651,1.1013139280505242,0.9999989750722578,0.1441195332019886,1001,13.571590910898522
folds_T1_d100,Folding: 1 layer,Tied,folds,1,13345,0.2,100,1000,2000,101001,l2,1.0,cv,0.34403315776431614,5,0.16167258664626413,1000,20,186.09,792,7.711356597650745,1.0,0.12249064856419614,0.1224918227610159,unconstrained,ReLU MLP,1.0,200.0,100801,0.9980198215859248,3.0,0.1625052116369777,4.38595631309788e-12,0.037335587606573996,1.3266617148315996,7.011292280272001,0.18400250783297767,1001,10.800153250806034
folds_T1_d100,Folding: 1 layer,Tied,folds,1,14345,0.2,100,1000,2000,101001,l2,1.0,cv,0.33381600418138924,5,0.1671187124356442,1000,991,999.824,1000,9.828199585241146,1.0,0.11604498482355952,0.11606070873923557,constant,Training-mean constant,,,1,9.900892070375541e-06,,0.11606070873923557,0.16705669701811568,0.1206359704681432,1.0,0.0,0.0,0,0.0
folds_T1_d100,Folding: 1 layer,Tied,folds,1,14345,0.2,100,1000,2000,101001,l2,1.0,cv,0.33381600418138924,5,0.1671187124356442,1000,991,999.824,1000,9.828199585241146,1.0,0.11604498482355952,0.11606070873923557,formula,Formula,1.0,,101001,1.0,,0.11606172416382031,0.1670530986174075,0.12063313535114233,1.000008749081371,1.0,0.0001622174103533161,0,0.8989324269350618
folds_T1_d100,Folding: 1 layer,Tied,folds,1,14345,0.2,100,1000,2000,101001,l2,1.0,cv,0.33381600418138924,5,0.1671187124356442,1000,991,999.824,1000,9.828199585241146,1.0,0.11604498482355952,0.11606070873923557,orthogonal,Orthogonal MLP,1.0,200.0,100801,0.9980198215859248,3.0,0.12905698383365197,5.747620512460659e-12,0.04002407117910965,1.111978250310502,0.9999990189926882,0.141064632357323,1001,91.97593090101145
folds_T1_d100,Folding: 1 layer,Tied,folds,1,14345,0.2,100,1000,2000,101001,l2,1.0,cv,0.33381600418138924,5,0.1671187124356442,1000,991,999.824,1000,9.828199585241146,1.0,0.11604498482355952,0.11606070873923557,spectral,Spectral MLP,1.0,200.0,100801,0.9980198215859248,3.0,0.12425784997870407,0.002733866245305238,0.03571094476056076,1.070628047411685,0.9999990037036189,0.1529255852780902,1001,13.31401749397628
folds_T1_d100,Folding: 1 layer,Tied,folds,1,14345,0.2,100,1000,2000,101001,l2,1.0,cv,0.33381600418138924,5,0.1671187124356442,1000,991,999.824,1000,9.828199585241146,1.0,0.11604498482355952,0.11606070873923557,unconstrained,ReLU MLP,1.0,200.0,100801,0.9980198215859248,3.0,0.14615006413612924,5.631289467457213e-09,0.040021525696148745,1.2592553132214472,8.829753845021466,0.238037969005798,1001,10.809616345912218
folds_T1_d100,Folding: 1 layer,Tied,folds,1,15345,0.2,100,1000,2000,101001,l2,1.0,cv,0.3174944381554071,5,0.157867853590143,1000,944,997.738,1000,9.525793444156804,1.0,0.1170334713185178,0.11782541557719525,constant,Training-mean constant,,,1,9.900892070375541e-06,,0.11782541557719525,0.15766133885117137,0.11464979578330363,1.0,0.0,0.0,0,0.0
folds_T1_d100,Folding: 1 layer,Tied,folds,1,15345,0.2,100,1000,2000,101001,l2,1.0,cv,0.3174944381554071,5,0.157867853590143,1000,944,997.738,1000,9.525793444156804,1.0,0.1170334713185178,0.11782541557719525,formula,Formula,1.0,,101001,1.0,,0.11782829761983148,0.15770996296724837,0.11469482074761997,1.000024460279831,1.0,0.0006463186921850222,0,0.9530587950721383
folds_T1_d100,Folding: 1 layer,Tied,folds,1,15345,0.2,100,1000,2000,101001,l2,1.0,cv,0.3174944381554071,5,0.157867853590143,1000,944,997.738,1000,9.525793444156804,1.0,0.1170334713185178,0.11782541557719525,orthogonal,Orthogonal MLP,1.0,200.0,100801,0.9980198215859248,3.0,0.12862537309560293,1.171231543061109e-12,0.04241845462592948,1.0916606783477196,0.9999989809431835,0.11764596328209055,1001,91.83821976697072
folds_T1_d100,Folding: 1 layer,Tied,folds,1,15345,0.2,100,1000,2000,101001,l2,1.0,cv,0.3174944381554071,5,0.157867853590143,1000,944,997.738,1000,9.525793444156804,1.0,0.1170334713185178,0.11782541557719525,spectral,Spectral MLP,1.0,200.0,100801,0.9980198215859248,3.0,0.12923624562915786,5.382322572234945e-07,0.04229807336772837,1.0968452349271505,0.9999989938410737,0.13082751496562278,1001,13.583987338002771
folds_T1_d100,Folding: 1 layer,Tied,folds,1,15345,0.2,100,1000,2000,101001,l2,1.0,cv,0.3174944381554071,5,0.157867853590143,1000,944,997.738,1000,9.525793444156804,1.0,0.1170334713185178,0.11782541557719525,unconstrained,ReLU MLP,1.0,200.0,100801,0.9980198215859248,3.0,0.15199793092763247,2.3548753786360498e-15,0.04241866157361674,1.2900266906170896,6.493383600755826,0.16103994708167607,1001,10.86450103786774
folds_T1_d100,Folding: 1 layer,Tied,folds,1,16345,0.2,100,1000,2000,101001,l2,1.0,cv,0.39285327123730696,5,0.16771484031706357,1000,231,645.158,973,8.316168879819433,1.0,0.11958974498515793,0.11985093447890381,constant,Training-mean constant,,,1,9.900892070375541e-06,,0.11985093447890381,0.16751727389900123,0.12654846376052878,1.0,0.0,0.0,0,0.0
folds_T1_d100,Folding: 1 layer,Tied,folds,1,16345,0.2,100,1000,2000,101001,l2,1.0,cv,0.39285327123730696,5,0.16771484031706357,1000,231,645.158,973,8.316168879819433,1.0,0.11958974498515793,0.11985093447890381,formula,Formula,1.0,,101001,1.0,,0.11988722545075658,0.16781318656806377,0.126880111462519,1.0003028009085666,1.0,0.006622497481780252,0,0.840989677933976
folds_T1_d100,Folding: 1 layer,Tied,folds,1,16345,0.2,100,1000,2000,101001,l2,1.0,cv,0.39285327123730696,5,0.16771484031706357,1000,231,645.158,973,8.316168879819433,1.0,0.11958974498515793,0.11985093447890381,orthogonal,Orthogonal MLP,1.0,200.0,100801,0.9980198215859248,3.0,0.12955409672771145,2.087315062298294e-12,0.03825534687971034,1.080960255262053,0.9999989766505011,0.11592161866233298,1001,91.79322328604758
folds_T1_d100,Folding: 1 layer,Tied,folds,1,16345,0.2,100,1000,2000,101001,l2,1.0,cv,0.39285327123730696,5,0.16771484031706357,1000,231,645.158,973,8.316168879819433,1.0,0.11958974498515793,0.11985093447890381,spectral,Spectral MLP,1.0,200.0,100801,0.9980198215859248,3.0,0.12926539777169033,8.749983998666805e-06,0.03782120634078224,1.0785514383656611,0.9999990257842942,0.1595358620813289,1001,13.402890200959519
folds_T1_d100,Folding: 1 layer,Tied,folds,1,16345,0.2,100,1000,2000,101001,l2,1.0,cv,0.39285327123730696,5,0.16771484031706357,1000,231,645.158,973,8.316168879819433,1.0,0.11958974498515793,0.11985093447890381,unconstrained,ReLU MLP,1.0,200.0,100801,0.9980198215859248,3.0,0.14673537532564893,1.0603552071932724e-09,0.0382561222647161,1.22431565480599,6.264309032073331,0.1786285582644596,1001,10.974083913024515
folds_T1_d100,Folding: 1 layer,Tied,folds,1,17345,0.2,100,1000,2000,101001,l2,1.0,cv,0.31499265767306284,5,0.14850919400700902,1000,416,831.97,994,8.618575020903775,1.0,0.12170894472556362,0.1217982534998541,constant,Training-mean constant,,,1,9.900892070375541e-06,,0.1217982534998541,0.14816041740595295,0.11537697969792486,1.0,0.0,0.0,0,0.0
folds_T1_d100,Folding: 1 layer,Tied,folds,1,17345,0.2,100,1000,2000,101001,l2,1.0,cv,0.31499265767306284,5,0.14850919400700902,1000,416,831.97,994,8.618575020903775,1.0,0.12170894472556362,0.1217982534998541,formula,Formula,1.0,,101001,1.0,,0.12182749441977349,0.14856084326350089,0.1157882702280391,1.0002400766766284,1.0,0.004261958201224328,0,0.9058450220618397
folds_T1_d100,Folding: 1 layer,Tied,folds,1,17345,0.2,100,1000,2000,101001,l2,1.0,cv,0.31499265767306284,5,0.14850919400700902,1000,416,831.97,994,8.618575020903775,1.0,0.12170894472556362,0.1217982534998541,orthogonal,Orthogonal MLP,1.0,200.0,100801,0.9980198215859248,3.0,0.1351942928034017,3.9421861436408915e-12,0.038285235818545295,1.1099854794187476,0.9999989896848235,0.10695031817350499,1001,92.08169813407585
folds_T1_d100,Folding: 1 layer,Tied,folds,1,17345,0.2,100,1000,2000,101001,l2,1.0,cv,0.31499265767306284,5,0.14850919400700902,1000,416,831.97,994,8.618575020903775,1.0,0.12170894472556362,0.1217982534998541,spectral,Spectral MLP,1.0,200.0,100801,0.9980198215859248,3.0,0.13469717831485312,7.22174585102536e-13,0.038285363066117836,1.105904021152606,0.9999990192890991,0.14433893690727975,1001,13.42887094290927
folds_T1_d100,Folding: 1 layer,Tied,folds,1,17345,0.2,100,1000,2000,101001,l2,1.0,cv,0.31499265767306284,5,0.14850919400700902,1000,416,831.97,994,8.618575020903775,1.0,0.12170894472556362,0.1217982534998541,unconstrained,ReLU MLP,1.0,200.0,100801,0.9980198215859248,3.0,0.15305353156378437,3.0465807039007915e-15,0.03828542117491532,1.2566151579830964,6.448892524771651,0.19906869428819837,1001,10.685634037014097
folds_T1_d100,Folding: 1 layer,Tied,folds,1,18345,0.2,100,1000,2000,101001,l2,1.0,cv,0.32020696914062335,5,0.15881605147827796,1000,186,640.578,974,8.316168879819433,1.0,0.11037000551239996,0.11099797747076448,constant,Training-mean constant,,,1,9.900892070375541e-06,,0.11099797747076448,0.1587459198350596,0.10765865067650503,1.0,0.0,0.0,0,0.0
folds_T1_d100,Folding: 1 layer,Tied,folds,1,18345,0.2,100,1000,2000,101001,l2,1.0,cv,0.32020696914062335,5,0.15881605147827796,1000,186,640.578,974,8.316168879819433,1.0,0.11037000551239996,0.11099797747076448,formula,Formula,1.0,,101001,1.0,,0.11074481996176345,0.15879786528228312,0.10763832033915302,0.9977192601633872,1.0,0.007295030003247979,0,0.9073240919969976
folds_T1_d100,Folding: 1 layer,Tied,folds,1,18345,0.2,100,1000,2000,101001,l2,1.0,cv,0.32020696914062335,5,0.15881605147827796,1000,186,640.578,974,8.316168879819433,1.0,0.11037000551239996,0.11099797747076448,orthogonal,Orthogonal MLP,1.0,200.0,100801,0.9980198215859248,3.0,0.12176156666816007,1.7683900597784295e-12,0.041981746792620935,1.0969710389563683,0.999998975806723,0.11360432821559864,1001,91.71660721092485
folds_T1_d100,Folding: 1 layer,Tied,folds,1,18345,0.2,100,1000,2000,101001,l2,1.0,cv,0.32020696914062335,5,0.15881605147827796,1000,186,640.578,974,8.316168879819433,1.0,0.11037000551239996,0.11099797747076448,spectral,Spectral MLP,1.0,200.0,100801,0.9980198215859248,3.0,0.12452278022053502,1.4490842221541844e-12,0.0419819727449473,1.1218472899952867,0.9999989796917147,0.15255482574808063,1001,13.28681191499345
folds_T1_d100,Folding: 1 layer,Tied,folds,1,18345,0.2,100,1000,2000,101001,l2,1.0,cv,0.32020696914062335,5,0.15881605147827796,1000,186,640.578,974,8.316168879819433,1.0,0.11037000551239996,0.11099797747076448,unconstrained,ReLU MLP,1.0,200.0,100801,0.9980198215859248,3.0,0.14441005488904388,1.5521939490315494e-10,0.04198095010162993,1.3010151912640007,7.967273004993959,0.19163302898034548,1001,11.386506485985592
folds_T1_d100,Folding: 1 layer,Tied,folds,1,19345,0.2,100,1000,2000,101001,l2,1.0,cv,0.31908333272388745,5,0.15833694287879674,1000,597,948.646,1000,8.920981161988117,1.0,0.11692568344570066,0.11694526035685435,constant,Training-mean constant,,,1,9.900892070375541e-06,,0.11694526035685435,0.15812514849867074,0.11962423453306513,1.0,0.0,0.0,0,0.0
folds_T1_d100,Folding: 1 layer,Tied,folds,1,19345,0.2,100,1000,2000,101001,l2,1.0,cv,0.31908333272388745,5,0.15833694287879674,1000,597,948.646,1000,8.920981161988117,1.0,0.11692568344570066,0.11694526035685435,formula,Formula,1.0,,101001,1.0,,0.11691431780477629,0.15825754584158244,0.1198005430795852,0.9997354099517702,1.0,0.002723576248140761,0,0.8435233861673623
folds_T1_d100,Folding: 1 layer,Tied,folds,1,19345,0.2,100,1000,2000,101001,l2,1.0,cv,0.31908333272388745,5,0.15833694287879674,1000,597,948.646,1000,8.920981161988117,1.0,0.11692568344570066,0.11694526035685435,orthogonal,Orthogonal MLP,1.0,200.0,100801,0.9980198215859248,3.0,0.12152581235048726,2.0866507748331806e-11,0.03827994322421222,1.039168342347997,0.9999990067808666,0.13919774097211712,1001,91.42043893691152
folds_T1_d100,Folding: 1 layer,Tied,folds,1,19345,0.2,100,1000,2000,101001,l2,1.0,cv,0.31908333272388745,5,0.15833694287879674,1000,597,948.646,1000,8.920981161988117,1.0,0.11692568344570066,0.11694526035685435,spectral,Spectral MLP,1.0,200.0,100801,0.9980198215859248,3.0,0.1259030294964404,1.852665003136549e-12,0.038279899890206644,1.0765979665379488,0.9999989657780554,0.15061924020481965,1001,13.480326508171856
folds_T1_d100,Folding: 1 layer,Tied,folds,1,19345,0.2,100,1000,2000,101001,l2,1.0,cv,0.31908333272388745,5,0.15833694287879674,1000,597,948.646,1000,8.920981161988117,1.0,0.11692568344570066,0.11694526035685435,unconstrained,ReLU MLP,1.0,200.0,100801,0.9980198215859248,3.0,0.15102764688204592,3.750885081698842e-15,0.03828008738854383,1.291438801548608,6.195311426946511,0.21057722654275776,1001,10.763269476825371
folds_T1_d100,Folding: 1 layer,Tied,folds,1,20345,0.2,100,1000,2000,101001,l2,1.0,cv,0.3006182752754933,5,0.15700538470165734,1000,77,378.298,924,8.013762738735089,1.0,0.11434900791128907,0.11447927448422561,constant,Training-mean constant,,,1,9.900892070375541e-06,,0.11447927448422561,0.1567096703211776,0.12030233069094907,1.0,0.0,0.0,0,0.0
folds_T1_d100,Folding: 1 layer,Tied,folds,1,20345,0.2,100,1000,2000,101001,l2,1.0,cv,0.3006182752754933,5,0.15700538470165734,1000,77,378.298,924,8.013762738735089,1.0,0.11434900791128907,0.11447927448422561,formula,Formula,1.0,,101001,1.0,,0.11441377892107707,0.1557242712137825,0.11965987995238443,0.9994278827897571,1.0,0.014184764936147285,0,0.90465924795717
folds_T1_d100,Folding: 1 layer,Tied,folds,1,20345,0.2,100,1000,2000,101001,l2,1.0,cv,0.3006182752754933,5,0.15700538470165734,1000,77,378.298,924,8.013762738735089,1.0,0.11434900791128907,0.11447927448422561,orthogonal,Orthogonal MLP,1.0,200.0,100801,0.9980198215859248,3.0,0.12153756718430893,1.0731513652370973e-12,0.03893479825160409,1.0616556379474251,0.9999990125164703,0.12820911200968013,1001,92.39534334884956
folds_T1_d100,Folding: 1 layer,Tied,folds,1,20345,0.2,100,1000,2000,101001,l2,1.0,cv,0.3006182752754933,5,0.15700538470165734,1000,77,378.298,924,8.013762738735089,1.0,0.11434900791128907,0.11447927448422561,spectral,Spectral MLP,1.0,200.0,100801,0.9980198215859248,3.0,0.12119577542814965,3.5926250667230057e-09,0.03893437277046829,1.0586700166836707,0.9999990005866038,0.13226427524013104,1001,13.67731081880629
folds_T1_d100,Folding: 1 layer,Tied,folds,1,20345,0.2,100,1000,2000,101001,l2,1.0,cv,0.3006182752754933,5,0.15700538470165734,1000,77,378.298,924,8.013762738735089,1.0,0.11434900791128907,0.11447927448422561,unconstrained,ReLU MLP,1.0,200.0,100801,0.9980198215859248,3.0,0.1351020410800611,1.8067352088009597e-15,0.03893496415268252,1.1801441063349607,6.301784390649046,0.16251805131201585,1001,10.629464250989258
folds_T1_d100,Folding: 1 layer,Tied,folds,1,21345,0.2,100,1000,2000,101001,l2,1.0,cv,0.30802578721081486,5,0.1662952657630309,1000,20,197.494,566,7.711356597650745,1.0,0.11443936350866793,0.11494812293909942,constant,Training-mean constant,,,1,9.900892070375541e-06,,0.11494812293909942,0.16635811366864817,0.12834082194383456,1.0,0.0,0.0,0,0.0
folds_T1_d100,Folding: 1 layer,Tied,folds,1,21345,0.2,100,1000,2000,101001,l2,1.0,cv,0.30802578721081486,5,0.1662952657630309,1000,20,197.494,566,7.711356597650745,1.0,0.11443936350866793,0.11494812293909942,formula,Formula,1.0,,101001,1.0,,0.11606339900834434,0.16360802157596088,0.1260341009570157,1.009702429589353,1.0,0.016821650862016743,0,0.8982616090215743
folds_T1_d100,Folding: 1 layer,Tied,folds,1,21345,0.2,100,1000,2000,101001,l2,1.0,cv,0.30802578721081486,5,0.1662952657630309,1000,20,197.494,566,7.711356597650745,1.0,0.11443936350866793,0.11494812293909942,orthogonal,Orthogonal MLP,1.0,200.0,100801,0.9980198215859248,3.0,0.12266108990563654,6.449250346437279e-12,0.04258778994917957,1.0670995469027669,0.9999989717016243,0.11744314497125925,1001,91.49332869285718
folds_T1_d100,Folding: 1 layer,Tied,folds,1,21345,0.2,100,1000,2000,101001,l2,1.0,cv,0.30802578721081486,5,0.1662952657630309,1000,20,197.494,566,7.711356597650745,1.0,0.11443936350866793,0.11494812293909942,spectral,Spectral MLP,1.0,200.0,100801,0.9980198215859248,3.0,0.12177623770546012,7.278176209958383e-06,0.04237804865861091,1.0594017074117712,0.999998998554012,0.15254326464245196,1001,13.291206784080714
folds_T1_d100,Folding: 1 layer,Tied,folds,1,21345,0.2,100,1000,2000,101001,l2,1.0,cv,0.30802578721081486,5,0.1662952657630309,1000,20,197.494,566,7.711356597650745,1.0,0.11443936350866793,0.11494812293909942,unconstrained,ReLU MLP,1.0,200.0,100801,0.9980198215859248,3.0,0.15130724314592223,1.8634353723832664e-09,0.042586013670892174,1.3163089511786652,7.6166899396142815,0.19507477782217178,1001,10.786833431804553
folds_T1_d100,Folding: 1 layer,Tied,folds,1,22345,0.2,100,1000,2000,101001,l2,1.0,cv,0.3072033994994288,5,0.16717598153549804,1000,440,836.336,994,8.618575020903775,1.0,0.12298297035718928,0.1230427537515373,constant,Training-mean constant,,,1,9.900892070375541e-06,,0.1230427537515373,0.1669029074622387,0.1200216509061822,1.0,0.0,0.0,0,0.0
folds_T1_d100,Folding: 1 layer,Tied,folds,1,22345,0.2,100,1000,2000,101001,l2,1.0,cv,0.3072033994994288,5,0.16717598153549804,1000,440,836.336,994,8.618575020903775,1.0,0.12298297035718928,0.1230427537515373,formula,Formula,1.0,,101001,1.0,,0.12318585097235556,0.16731729007445334,0.12041437610780675,1.001162987794529,1.0,0.004088000810975289,0,0.8403702490031719
folds_T1_d100,Folding: 1 layer,Tied,folds,1,22345,0.2,100,1000,2000,101001,l2,1.0,cv,0.3072033994994288,5,0.16717598153549804,1000,440,836.336,994,8.618575020903775,1.0,0.12298297035718928,0.1230427537515373,orthogonal,Orthogonal MLP,1.0,200.0,100801,0.9980198215859248,3.0,0.13168395714045944,3.784216551656865e-08,0.04016267645822613,1.0702292749914513,0.9999990037773261,0.12249513252487056,1001,91.85618101386353
folds_T1_d100,Folding: 1 layer,Tied,folds,1,22345,0.2,100,1000,2000,101001,l2,1.0,cv,0.3072033994994288,5,0.16717598153549804,1000,440,836.336,994,8.618575020903775,1.0,0.12298297035718928,0.1230427537515373,spectral,Spectral MLP,1.0,200.0,100801,0.9980198215859248,3.0,0.13129015754419243,4.009454695281931e-10,0.04016343841899209,1.0670287647276595,0.999998998213755,0.13551583746308205,1001,13.29399542300962
folds_T1_d100,Folding: 1 layer,Tied,folds,1,22345,0.2,100,1000,2000,101001,l2,1.0,cv,0.3072033994994288,5,0.16717598153549804,1000,440,836.336,994,8.618575020903775,1.0,0.12298297035718928,0.1230427537515373,unconstrained,ReLU MLP,1.0,200.0,100801,0.9980198215859248,3.0,0.15109184957197527,1.7973558297867504e-15,0.04016490754599791,1.227962191719783,6.2708107094023235,0.17944761155539096,1001,10.589689806103706
folds_T1_d100,Folding: 1 layer,Tied,folds,1,23345,0.2,100,1000,2000,101001,l2,1.0,cv,0.32402333826089763,5,0.16965675423337617,1000,963,998.298,1000,9.525793444156804,1.0,0.12103229983538279,0.12103252399580955,constant,Training-mean constant,,,1,9.900892070375541e-06,,0.12103252399580955,0.16962109933255354,0.1301074642527229,1.0,0.0,0.0,0,0.0
folds_T1_d100,Folding: 1 layer,Tied,folds,1,23345,0.2,100,1000,2000,101001,l2,1.0,cv,0.32402333826089763,5,0.16965675423337617,1000,963,998.298,1000,9.525793444156804,1.0,0.12103229983538279,0.12103252399580955,formula,Formula,1.0,,101001,1.0,,0.12103253707393186,0.16963178449161495,0.13012825222858987,1.000000108054611,1.0,0.0005256995459328228,0,0.9048800750169903
folds_T1_d100,Folding: 1 layer,Tied,folds,1,23345,0.2,100,1000,2000,101001,l2,1.0,cv,0.32402333826089763,5,0.16965675423337617,1000,963,998.298,1000,9.525793444156804,1.0,0.12103229983538279,0.12103252399580955,orthogonal,Orthogonal MLP,1.0,200.0,100801,0.9980198215859248,3.0,0.13154638048481998,5.208357492669842e-10,0.0361681334878745,1.0868680263940826,0.999998973779292,0.12801831985506892,1001,94.01337102008983
folds_T1_d100,Folding: 1 layer,Tied,folds,1,23345,0.2,100,1000,2000,101001,l2,1.0,cv,0.32402333826089763,5,0.16965675423337617,1000,963,998.298,1000,9.525793444156804,1.0,0.12103229983538279,0.12103252399580955,spectral,Spectral MLP,1.0,200.0,100801,0.9980198215859248,3.0,0.127578883027152,2.6234190651585185e-10,0.036167954411774304,1.0540876023668573,0.9999989899055627,0.14756871802637944,1001,13.691775880986825
folds_T1_d100,Folding: 1 layer,Tied,folds,1,23345,0.2,100,1000,2000,101001,l2,1.0,cv,0.32402333826089763,5,0.16965675423337617,1000,963,998.298,1000,9.525793444156804,1.0,0.12103229983538279,0.12103252399580955,unconstrained,ReLU MLP,1.0,200.0,100801,0.9980198215859248,3.0,0.14907025532895596,1.8928025249192363e-15,0.036168715987304506,1.2316545206817067,6.609341110341059,0.18693213561998998,1001,10.81493167206645
folds_T1_d100,Folding: 1 layer,Tied,folds,1,24345,0.2,100,1000,2000,101001,l2,1.0,cv,0.3187624561436424,5,0.15685021340439906,1000,1,62.704,384,7.408950456566403,1.0,0.11738987559013717,0.11748920591240289,constant,Training-mean constant,,,1,9.900892070375541e-06,,0.11748920591240289,0.15677485999762683,0.12341816950930704,1.0,0.0,0.0,0,0.0
folds_T1_d100,Folding: 1 layer,Tied,folds,1,24345,0.2,100,1000,2000,101001,l2,1.0,cv,0.3187624561436424,5,0.15685021340439906,1000,1,62.704,384,7.408950456566403,1.0,0.11738987559013717,0.11748920591240289,formula,Formula,1.0,,101001,1.0,,0.11876838507373912,0.14661114393430758,0.11559736620653895,1.010887631347938,1.0,0.03531437468437282,0,0.9572292359080166
folds_T1_d100,Folding: 1 layer,Tied,folds,1,24345,0.2,100,1000,2000,101001,l2,1.0,cv,0.3187624561436424,5,0.15685021340439906,1000,1,62.704,384,7.408950456566403,1.0,0.11738987559013717,0.11748920591240289,orthogonal,Orthogonal MLP,1.0,200.0,100801,0.9980198215859248,3.0,0.12850858550723696,1.0153411992399739e-06,0.040927160115207945,1.09379057002947,0.9999989929490251,0.1233176461103394,1001,91.81791540398262
folds_T1_d100,Folding: 1 layer,Tied,folds,1,24345,0.2,100,1000,2000,101001,l2,1.0,cv,0.3187624561436424,5,0.15685021340439906,1000,1,62.704,384,7.408950456566403,1.0,0.11738987559013717,0.11748920591240289,spectral,Spectral MLP,1.0,200.0,100801,0.9980198215859248,3.0,0.12541955196208593,0.004336237205852992,0.036351605906775795,1.06749850752754,0.9999989949302123,0.135453699953846,1001,13.483011750970036
folds_T1_d100,Folding: 1 layer,Tied,folds,1,24345,0.2,100,1000,2000,101001,l2,1.0,cv,0.3187624561436424,5,0.15685021340439906,1000,1,62.704,384,7.408950456566403,1.0,0.11738987559013717,0.11748920591240289,unconstrained,ReLU MLP,1.0,200.0,100801,0.9980198215859248,3.0,0.14981815400756482,5.169211223835677e-15,0.04092315264224003,1.2751652617285167,7.801615976861605,0.19153676036692135,1001,11.149345608893782
folds_T1_d100,Folding: 1 layer,Tied,folds,1,25345,0.2,100,1000,2000,101001,l2,1.0,cv,0.3401772401649834,5,0.16606826474454242,1000,444,843.212,995,8.618575020903775,1.0,0.12155369022999946,0.12155748976313975,constant,Training-mean constant,,,1,9.900892070375541e-06,,0.12155748976313975,0.16592405555374432,0.12205786702346372,1.0,0.0,0.0,0,0.0
folds_T1_d100,Folding: 1 layer,Tied,folds,1,25345,0.2,100,1000,2000,101001,l2,1.0,cv,0.3401772401649834,5,0.16606826474454242,1000,444,843.212,995,8.618575020903775,1.0,0.12155369022999946,0.12155748976313975,formula,Formula,1.0,,101001,1.0,,0.12164733327723963,0.16630806228565279,0.12249755430107481,1.0007391030719288,1.0,0.004514241086994308,0,0.8910900598857552
folds_T1_d100,Folding: 1 layer,Tied,folds,1,25345,0.2,100,1000,2000,101001,l2,1.0,cv,0.3401772401649834,5,0.16606826474454242,1000,444,843.212,995,8.618575020903775,1.0,0.12155369022999946,0.12155748976313975,orthogonal,Orthogonal MLP,1.0,200.0,100801,0.9980198215859248,3.0,0.13311838141875898,1.3543133712821869e-12,0.0413804411890258,1.0951063704766044,0.9999990100304615,0.1267953959230562,1001,92.21596681885421
folds_T1_d100,Folding: 1 layer,Tied,folds,1,25345,0.2,100,1000,2000,101001,l2,1.0,cv,0.3401772401649834,5,0.16606826474454242,1000,444,843.212,995,8.618575020903775,1.0,0.12155369022999946,0.12155748976313975,spectral,Spectral MLP,1.0,200.0,100801,0.9980198215859248,3.0,0.13236315831731202,7.341719783461396e-07,0.041269964698822215,1.088893482213458,0.9999990134157744,0.15879635625094746,1001,13.63627417315729
folds_T1_d100,Folding: 1 layer,Tied,folds,1,25345,0.2,100,1000,2000,101001,l2,1.0,cv,0.3401772401649834,5,0.16606826474454242,1000,444,843.212,995,8.618575020903775,1.0,0.12155369022999946,0.12155748976313975,unconstrained,ReLU MLP,1.0,200.0,100801,0.9980198215859248,3.0,0.15657472477607462,1.6280337122625893e-06,0.041449992276082315,1.288071389769298,6.574509617728552,0.18803838816206844,1001,10.915765741840005
folds_T1_d100,Folding: 1 layer,Tied,folds,1,26345,0.2,100,1000,2000,101001,l2,1.0,cv,0.3087617222484705,5,0.15080173968794483,1000,3,61.716,316,7.408950456566403,1.0,0.13082607537786897,0.13130978288472195,constant,Training-mean constant,,,1,9.900892070375541e-06,,0.13130978288472195,0.15084818367256753,0.11052927882072247,1.0,0.0,0.0,0,0.0
folds_T1_d100,Folding: 1 layer,Tied,folds,1,26345,0.2,100,1000,2000,101001,l2,1.0,cv,0.3087617222484705,5,0.15080173968794483,1000,3,61.716,316,7.408950456566403,1.0,0.13082607537786897,0.13130978288472195,formula,Formula,1.0,,101001,1.0,,0.1309640345741696,0.1402702698028242,0.10233015312920858,0.9973669264927818,1.0,0.05234942824886309,0,0.9014546070247889
folds_T1_d100,Folding: 1 layer,Tied,folds,1,26345,0.2,100,1000,2000,101001,l2,1.0,cv,0.3087617222484705,5,0.15080173968794483,1000,3,61.716,316,7.408950456566403,1.0,0.13082607537786897,0.13130978288472195,orthogonal,Orthogonal MLP,1.0,200.0,100801,0.9980198215859248,3.0,0.14296160786284065,1.3698388043971597e-12,0.03926295538662983,1.0887353913938609,0.9999990240705896,0.10337679413463767,1001,91.40498604020104
folds_T1_d100,Folding: 1 layer,Tied,folds,1,26345,0.2,100,1000,2000,101001,l2,1.0,cv,0.3087617222484705,5,0.15080173968794483,1000,3,61.716,316,7.408950456566403,1.0,0.13082607537786897,0.13130978288472195,spectral,Spectral MLP,1.0,200.0,100801,0.9980198215859248,3.0,0.1410126945505172,6.051207295125502e-13,0.03926304599407538,1.0738932884712293,0.9999989484048982,0.1294581879388291,1001,13.315300049027428
folds_T1_d100,Folding: 1 layer,Tied,folds,1,26345,0.2,100,1000,2000,101001,l2,1.0,cv,0.3087617222484705,5,0.15080173968794483,1000,3,61.716,316,7.408950456566403,1.0,0.13082607537786897,0.13130978288472195,unconstrained,ReLU MLP,1.0,200.0,100801,0.9980198215859248,3.0,0.15604089834798693,9.565606619530973e-12,0.03926296306332902,1.1883417588541492,6.362861738358249,0.17608182207555928,1001,10.611730912001804
folds_T1_d100,Folding: 1 layer,Tied,folds,1,27345,0.2,100,1000,2000,101001,l2,1.0,cv,0.33189478706560904,5,0.15285071127903105,1000,3,63.996,345,7.408950456566403,1.0,0.12051746296515313,0.12079052702935596,constant,Training-mean constant,,,1,9.900892070375541e-06,,0.12079052702935596,0.15287220718801392,0.11473528138204017,1.0,0.0,0.0,0,0.0
folds_T1_d100,Folding: 1 layer,Tied,folds,1,27345,0.2,100,1000,2000,101001,l2,1.0,cv,0.33189478706560904,5,0.15285071127903105,1000,3,63.996,345,7.408950456566403,1.0,0.12051746296515313,0.12079052702935596,formula,Formula,1.0,,101001,1.0,,0.12099080693037657,0.14512086362214885,0.10813436754741118,1.0016580762245697,1.0,0.03696272445685441,0,0.891618937952444
folds_T1_d100,Folding: 1 layer,Tied,folds,1,27345,0.2,100,1000,2000,101001,l2,1.0,cv,0.33189478706560904,5,0.15285071127903105,1000,3,63.996,345,7.408950456566403,1.0,0.12051746296515313,0.12079052702935596,orthogonal,Orthogonal MLP,1.0,200.0,100801,0.9980198215859248,3.0,0.12892165489195678,1.206852452671974e-12,0.038151050862129283,1.0673159399381105,0.9999989926675954,0.11154296754689325,1001,91.7378814460244
folds_T1_d100,Folding: 1 layer,Tied,folds,1,27345,0.2,100,1000,2000,101001,l2,1.0,cv,0.33189478706560904,5,0.15285071127903105,1000,3,63.996,345,7.408950456566403,1.0,0.12051746296515313,0.12079052702935596,spectral,Spectral MLP,1.0,200.0,100801,0.9980198215859248,3.0,0.1322637285965604,4.040692391360822e-09,0.03814244063128925,1.094984282703031,0.9999990073349101,0.13339208155080118,1001,13.681621476076543
folds_T1_d100,Folding: 1 layer,Tied,folds,1,27345,0.2,100,1000,2000,101001,l2,1.0,cv,0.33189478706560904,5,0.15285071127903105,1000,3,63.996,345,7.408950456566403,1.0,0.12051746296515313,0.12079052702935596,unconstrained,ReLU MLP,1.0,200.0,100801,0.9980198215859248,3.0,0.15139193377481255,2.9602507747126146e-15,0.03815122549951044,1.253342770315254,6.354492522021097,0.18696641492346947,1001,10.980180952930823
folds_T1_d100,Folding: 1 layer,Tied,folds,1,28345,0.2,100,1000,2000,101001,l2,1.0,cv,0.32060185445287953,5,0.17007827339089623,1000,3,65.268,342,7.408950456566403,1.0,0.12142397667994832,0.12149143775368389,constant,Training-mean constant,,,1,9.900892070375541e-06,,0.12149143775368389,0.16961909360815972,0.12512978782621562,1.0,0.0,0.0,0,0.0
folds_T1_d100,Folding: 1 layer,Tied,folds,1,28345,0.2,100,1000,2000,101001,l2,1.0,cv,0.32060185445287953,5,0.17007827339089623,1000,3,65.268,342,7.408950456566403,1.0,0.12142397667994832,0.12149143775368389,formula,Formula,1.0,,101001,1.0,,0.12277167457811752,0.1591660282228529,0.11565703175452682,1.0105376711981073,1.0,0.044120454527238256,0,0.9149541198275983
folds_T1_d100,Folding: 1 layer,Tied,folds,1,28345,0.2,100,1000,2000,101001,l2,1.0,cv,0.32060185445287953,5,0.17007827339089623,1000,3,65.268,342,7.408950456566403,1.0,0.12142397667994832,0.12149143775368389,orthogonal,Orthogonal MLP,1.0,200.0,100801,0.9980198215859248,3.0,0.131924807067619,9.857341596029652e-12,0.041601283033733054,1.0858774042586286,0.9999990230272998,0.109598454631263,1001,90.73058276483789
folds_T1_d100,Folding: 1 layer,Tied,folds,1,28345,0.2,100,1000,2000,101001,l2,1.0,cv,0.32060185445287953,5,0.17007827339089623,1000,3,65.268,342,7.408950456566403,1.0,0.12142397667994832,0.12149143775368389,spectral,Spectral MLP,1.0,200.0,100801,0.9980198215859248,3.0,0.1287812779854226,1.6723566270578883e-10,0.04159945655507691,1.0600029135099907,0.9999989783662893,0.1468219859221467,1001,14.004991197027266
folds_T1_d100,Folding: 1 layer,Tied,folds,1,28345,0.2,100,1000,2000,101001,l2,1.0,cv,0.32060185445287953,5,0.17007827339089623,1000,3,65.268,342,7.408950456566403,1.0,0.12142397667994832,0.12149143775368389,unconstrained,ReLU MLP,1.0,200.0,100801,0.9980198215859248,3.0,0.1489993047803767,2.0537259671217442e-15,0.04160148372481787,1.2264181537011956,6.359201975434729,0.1784964326461566,1001,11.309209482977167
folds_T1_d100,Folding: 1 layer,Tied,folds,1,29345,0.2,100,1000,2000,101001,l2,1.0,cv,0.300667986693627,5,0.17365909487053022,1000,14,179.532,636,7.711356597650745,1.0,0.12361204799560661,0.12493012983048346,constant,Training-mean constant,,,1,9.900892070375541e-06,,0.12493012983048346,0.1735596675622198,0.12776100952903002,1.0,0.0,0.0,0,0.0
folds_T1_d100,Folding: 1 layer,Tied,folds,1,29345,0.2,100,1000,2000,101001,l2,1.0,cv,0.300667986693627,5,0.17365909487053022,1000,14,179.532,636,7.711356597650745,1.0,0.12361204799560661,0.12493012983048346,formula,Formula,1.0,,101001,1.0,,0.12411606272267746,0.16653492852723706,0.12174173932119342,0.9934838208452148,1.0,0.025341829921534064,0,0.8866095480043441
folds_T1_d100,Folding: 1 layer,Tied,folds,1,29345,0.2,100,1000,2000,101001,l2,1.0,cv,0.300667986693627,5,0.17365909487053022,1000,14,179.532,636,7.711356597650745,1.0,0.12361204799560661,0.12493012983048346,orthogonal,Orthogonal MLP,1.0,200.0,100801,0.9980198215859248,3.0,0.13740179964815924,1.3615693242502448e-12,0.04013090799910043,1.0998291591836051,0.9999989722139314,0.1302471242963977,1001,93.65683803102002
folds_T1_d100,Folding: 1 layer,Tied,folds,1,29345,0.2,100,1000,2000,101001,l2,1.0,cv,0.300667986693627,5,0.17365909487053022,1000,14,179.532,636,7.711356597650745,1.0,0.12361204799560661,0.12493012983048346,spectral,Spectral MLP,1.0,200.0,100801,0.9980198215859248,3.0,0.1399558202148343,0.0005620037411887718,0.04061606980930666,1.1202727508947525,0.9999990092864952,0.1614783658858089,1001,13.674864078871906
folds_T1_d100,Folding: 1 layer,Tied,folds,1,29345,0.2,100,1000,2000,101001,l2,1.0,cv,0.300667986693627,5,0.17365909487053022,1000,14,179.532,636,7.711356597650745,1.0,0.12361204799560661,0.12493012983048346,unconstrained,ReLU MLP,1.0,200.0,100801,0.9980198215859248,3.0,0.15635894443482629,0.0007433567983612687,0.039471439747120175,1.251571135377737,6.853034899491749,0.17574014238855093,1001,10.893772450974211
folds_T1_d100,Folding: 1 layer,Tied,folds,1,30345,0.2,100,1000,2000,101001,l2,1.0,cv,0.30179510609934407,5,0.16620121479677172,1000,869,987.878,1000,9.22338730307246,1.0,0.12437580438558986,0.12454058366601617,constant,Training-mean constant,,,1,9.900892070375541e-06,,0.12454058366601617,0.16586358357019948,0.1267372346031568,1.0,0.0,0.0,0,0.0
folds_T1_d100,Folding: 1 layer,Tied,folds,1,30345,0.2,100,1000,2000,101001,l2,1.0,cv,0.30179510609934407,5,0.16620121479677172,1000,869,987.878,1000,9.22338730307246,1.0,0.12437580438558986,0.12454058366601617,formula,Formula,1.0,,101001,1.0,,0.12455599680229872,0.16603806467013835,0.12693392746993754,1.000123759948997,1.0,0.001397773870985574,0,0.9043832779861987
folds_T1_d100,Folding: 1 layer,Tied,folds,1,30345,0.2,100,1000,2000,101001,l2,1.0,cv,0.30179510609934407,5,0.16620121479677172,1000,869,987.878,1000,9.22338730307246,1.0,0.12437580438558986,0.12454058366601617,orthogonal,Orthogonal MLP,1.0,200.0,100801,0.9980198215859248,3.0,0.13688604238260405,2.6477696777122694e-12,0.043558078878817796,1.0991279979038402,0.999998987897925,0.12707018695731462,1001,91.19621420605108
folds_T1_d100,Folding: 1 layer,Tied,folds,1,30345,0.2,100,1000,2000,101001,l2,1.0,cv,0.30179510609934407,5,0.16620121479677172,1000,869,987.878,1000,9.22338730307246,1.0,0.12437580438558986,0.12454058366601617,spectral,Spectral MLP,1.0,200.0,100801,0.9980198215859248,3.0,0.13209508461632588,1.1922102951682973e-09,0.043558105319930034,1.060658949299361,0.9999989939466519,0.14682544026801386,1001,13.004857811843976
folds_T1_d100,Folding: 1 layer,Tied,folds,1,30345,0.2,100,1000,2000,101001,l2,1.0,cv,0.30179510609934407,5,0.16620121479677172,1000,869,987.878,1000,9.22338730307246,1.0,0.12437580438558986,0.12454058366601617,unconstrained,ReLU MLP,1.0,200.0,100801,0.9980198215859248,3.0,0.15977604970238682,7.703803804728127e-15,0.04355829043127477,1.2829235659506988,9.252802154855436,0.19360527652047496,1001,10.77842138404958
folds_T1_d100,Folding: 1 layer,Tied,folds,1,31345,0.2,100,1000,2000,101001,l2,1.0,cv,0.3246159834849432,5,0.15424736064587255,1000,43,383.594,873,8.013762738735089,1.0,0.1154750367297861,0.11550062561231328,constant,Training-mean constant,,,1,9.900892070375541e-06,,0.11550062561231328,0.15445313388396756,0.11841082561886287,1.0,0.0,0.0,0,0.0
folds_T1_d100,Folding: 1 layer,Tied,folds,1,31345,0.2,100,1000,2000,101001,l2,1.0,cv,0.3246159834849432,5,0.15424736064587255,1000,43,383.594,873,8.013762738735089,1.0,0.1154750367297861,0.11550062561231328,formula,Formula,1.0,,101001,1.0,,0.1155585196919345,0.15343165024540592,0.11737438055653536,1.0005012447275874,1.0,0.009415783781481338,0,0.9090259419754148
folds_T1_d100,Folding: 1 layer,Tied,folds,1,31345,0.2,100,1000,2000,101001,l2,1.0,cv,0.3246159834849432,5,0.15424736064587255,1000,43,383.594,873,8.013762738735089,1.0,0.1154750367297861,0.11550062561231328,orthogonal,Orthogonal MLP,1.0,200.0,100801,0.9980198215859248,3.0,0.124694030840558,9.136522049683633e-13,0.03944165494876207,1.0795961509256502,0.9999990051264881,0.11744743264157205,1001,91.48569331504405
folds_T1_d100,Folding: 1 layer,Tied,folds,1,31345,0.2,100,1000,2000,101001,l2,1.0,cv,0.3246159834849432,5,0.15424736064587255,1000,43,383.594,873,8.013762738735089,1.0,0.1154750367297861,0.11550062561231328,spectral,Spectral MLP,1.0,200.0,100801,0.9980198215859248,3.0,0.12052644603598194,0.00014291878820300717,0.037952123936907695,1.0435133610491272,0.9999989706028564,0.1287140917502732,1001,13.773518061963841
folds_T1_d100,Folding: 1 layer,Tied,folds,1,31345,0.2,100,1000,2000,101001,l2,1.0,cv,0.3246159834849432,5,0.15424736064587255,1000,43,383.594,873,8.013762738735089,1.0,0.1154750367297861,0.11550062561231328,unconstrained,ReLU MLP,1.0,200.0,100801,0.9980198215859248,3.0,0.1362012893782595,2.1200065587406535e-15,0.03944182580514264,1.1792255553266837,7.205216938256258,0.16910822506777992,1001,10.640853212913498
folds_T1_d100,Folding: 1 layer,Tied,folds,1,32345,0.2,100,1000,2000,101001,l2,1.0,cv,0.2934059816391216,5,0.14830595465911908,1000,971,998.156,1000,9.525793444156804,1.0,0.12868810300608652,0.12876165692598643,constant,Training-mean constant,,,1,9.900892070375541e-06,,0.12876165692598643,0.14793289135356283,0.1129976964603809,1.0,0.0,0.0,0,0.0
folds_T1_d100,Folding: 1 layer,Tied,folds,1,32345,0.2,100,1000,2000,101001,l2,1.0,cv,0.2934059816391216,5,0.14830595465911908,1000,971,998.156,1000,9.525793444156804,1.0,0.12868810300608652,0.12876165692598643,formula,Formula,1.0,,101001,1.0,,0.12875907190171582,0.14796572437688663,0.11302777979808866,0.9999799239592567,1.0,0.0003347149429807298,0,0.9024817980825901
folds_T1_d100,Folding: 1 layer,Tied,folds,1,32345,0.2,100,1000,2000,101001,l2,1.0,cv,0.2934059816391216,5,0.14830595465911908,1000,971,998.156,1000,9.525793444156804,1.0,0.12868810300608652,0.12876165692598643,orthogonal,Orthogonal MLP,1.0,200.0,100801,0.9980198215859248,3.0,0.13506450122872019,6.681117167906897e-12,0.04207511929129934,1.0489496986385993,0.9999990036903899,0.12442242015717062,1001,90.59649279504083
folds_T1_d100,Folding: 1 layer,Tied,folds,1,32345,0.2,100,1000,2000,101001,l2,1.0,cv,0.2934059816391216,5,0.14830595465911908,1000,971,998.156,1000,9.525793444156804,1.0,0.12868810300608652,0.12876165692598643,spectral,Spectral MLP,1.0,200.0,100801,0.9980198215859248,3.0,0.1335019636084478,0.0009353189136245686,0.039552346731446565,1.036814582816266,0.9999989768030824,0.15327759432472765,1001,13.00943239708431
folds_T1_d100,Folding: 1 layer,Tied,folds,1,32345,0.2,100,1000,2000,101001,l2,1.0,cv,0.2934059816391216,5,0.14830595465911908,1000,971,998.156,1000,9.525793444156804,1.0,0.12868810300608652,0.12876165692598643,unconstrained,ReLU MLP,1.0,200.0,100801,0.9980198215859248,3.0,0.15133848394782026,8.004428774887781e-12,0.04207540905107888,1.1753381213074265,7.446088817449183,0.19969696456284955,1001,10.82565226382576
folds_T1_d100,Folding: 1 layer,Tied,folds,1,33345,0.2,100,1000,2000,101001,l2,1.0,cv,0.2971672054720306,5,0.16459397995933037,1000,129,624.296,972,8.316168879819433,1.0,0.12091278140932754,0.12091906176551698,constant,Training-mean constant,,,1,9.900892070375541e-06,,0.12091906176551698,0.16453486345158816,0.1183357309614456,1.0,0.0,0.0,0,0.0
folds_T1_d100,Folding: 1 layer,Tied,folds,1,33345,0.2,100,1000,2000,101001,l2,1.0,cv,0.2971672054720306,5,0.16459397995933037,1000,129,624.296,972,8.316168879819433,1.0,0.12091278140932754,0.12091906176551698,formula,Formula,1.0,,101001,1.0,,0.12093027703887778,0.16455997690135002,0.118593166376397,1.0000927502512593,1.0,0.0070284825539490385,0,0.8869764900300652
folds_T1_d100,Folding: 1 layer,Tied,folds,1,33345,0.2,100,1000,2000,101001,l2,1.0,cv,0.2971672054720306,5,0.16459397995933037,1000,129,624.296,972,8.316168879819433,1.0,0.12091278140932754,0.12091906176551698,orthogonal,Orthogonal MLP,1.0,200.0,100801,0.9980198215859248,3.0,0.1281166509440005,7.283244073888612e-08,0.038140331934116645,1.0595240243630146,0.9999989937967209,0.11654660489129495,1001,91.49994957097806
folds_T1_d100,Folding: 1 layer,Tied,folds,1,33345,0.2,100,1000,2000,101001,l2,1.0,cv,0.2971672054720306,5,0.16459397995933037,1000,129,624.296,972,8.316168879819433,1.0,0.12091278140932754,0.12091906176551698,spectral,Spectral MLP,1.0,200.0,100801,0.9980198215859248,3.0,0.1290823182478594,1.0849381101671342e-08,0.03813949640967118,1.0675100878484518,0.9999990116562655,0.14918056615068953,1001,13.60290517192334
folds_T1_d100,Folding: 1 layer,Tied,folds,1,33345,0.2,100,1000,2000,101001,l2,1.0,cv,0.2971672054720306,5,0.16459397995933037,1000,129,624.296,972,8.316168879819433,1.0,0.12091278140932754,0.12091906176551698,unconstrained,ReLU MLP,1.0,200.0,100801,0.9980198215859248,3.0,0.15284015184754707,2.526176794677579e-15,0.03813951507220223,1.2639872458151438,5.815162261148605,0.17431999055822975,1001,10.69441991392523
folds_T1_d100,Folding: 1 layer,Tied,folds,1,34345,0.2,100,1000,2000,101001,l2,1.0,cv,0.3507505779724746,5,0.1710475817352721,1000,990,999.804,1000,9.828199585241146,1.0,0.12023811073535189,0.12023903904435632,constant,Training-mean constant,,,1,9.900892070375541e-06,,0.12023903904435632,0.17074702876058537,0.1252626011679088,1.0,0.0,0.0,0,0.0
folds_T1_d100,Folding: 1 layer,Tied,folds,1,34345,0.2,100,1000,2000,101001,l2,1.0,cv,0.3507505779724746,5,0.1710475817352721,1000,990,999.804,1000,9.828199585241146,1.0,0.12023811073535189,0.12023903904435632,formula,Formula,1.0,,101001,1.0,,0.12023817545266188,0.17076085988620177,0.12527546180131358,0.9999928177096117,1.0,0.00022299291069452008,0,0.9056204340886325
folds_T1_d100,Folding: 1 layer,Tied,folds,1,34345,0.2,100,1000,2000,101001,l2,1.0,cv,0.3507505779724746,5,0.1710475817352721,1000,990,999.804,1000,9.828199585241146,1.0,0.12023811073535189,0.12023903904435632,orthogonal,Orthogonal MLP,1.0,200.0,100801,0.9980198215859248,3.0,0.12476817210134268,2.3840881010437318e-12,0.03857010183163559,1.037667741633527,0.9999990067225069,0.12729245555201651,1001,90.7270559410099
folds_T1_d100,Folding: 1 layer,Tied,folds,1,34345,0.2,100,1000,2000,101001,l2,1.0,cv,0.3507505779724746,5,0.1710475817352721,1000,990,999.804,1000,9.828199585241146,1.0,0.12023811073535189,0.12023903904435632,spectral,Spectral MLP,1.0,200.0,100801,0.9980198215859248,3.0,0.12775191822665408,1.7296626817013378e-08,0.038559318580844104,1.0624828611573172,0.9999990060121082,0.14079315885410423,1001,12.991985977860168
folds_T1_d100,Folding: 1 layer,Tied,folds,1,34345,0.2,100,1000,2000,101001,l2,1.0,cv,0.3507505779724746,5,0.1710475817352721,1000,990,999.804,1000,9.828199585241146,1.0,0.12023811073535189,0.12023903904435632,unconstrained,ReLU MLP,1.0,200.0,100801,0.9980198215859248,3.0,0.15061269487597456,1.5044111717904345e-09,0.03857227927721114,1.25261060029275,9.010824077275933,0.18146855142851245,1001,10.691752255894244
folds_T1_d100,Folding: 1 layer,Tied,folds,1,35345,0.2,100,1000,2000,101001,l2,1.0,cv,0.3714688183907249,5,0.15731509268856503,1000,875,987.122,1000,9.22338730307246,1.0,0.12046908520094132,0.12084454371762379,constant,Training-mean constant,,,1,9.900892070375541e-06,,0.12084454371762379,0.1572438339727527,0.11592801538485528,1.0,0.0,0.0,0,0.0
folds_T1_d100,Folding: 1 layer,Tied,folds,1,35345,0.2,100,1000,2000,101001,l2,1.0,cv,0.3714688183907249,5,0.15731509268856503,1000,875,987.122,1000,9.22338730307246,1.0,0.12046908520094132,0.12084454371762379,formula,Formula,1.0,,101001,1.0,,0.12085705391445921,0.15731832016909017,0.11602987763242643,1.0001035230590523,1.0,0.0011782984729401436,0,0.8973094469401985
folds_T1_d100,Folding: 1 layer,Tied,folds,1,35345,0.2,100,1000,2000,101001,l2,1.0,cv,0.3714688183907249,5,0.15731509268856503,1000,875,987.122,1000,9.22338730307246,1.0,0.12046908520094132,0.12084454371762379,orthogonal,Orthogonal MLP,1.0,200.0,100801,0.9980198215859248,3.0,0.1279481414161834,0.00013217436180455706,0.03850320532240507,1.058782941124413,0.9999989752382071,0.13347804201954472,1001,91.24289920786396
folds_T1_d100,Folding: 1 layer,Tied,folds,1,35345,0.2,100,1000,2000,101001,l2,1.0,cv,0.3714688183907249,5,0.15731509268856503,1000,875,987.122,1000,9.22338730307246,1.0,0.12046908520094132,0.12084454371762379,spectral,Spectral MLP,1.0,200.0,100801,0.9980198215859248,3.0,0.1273125639204206,9.249792574479958e-05,0.03893863473136992,1.0535234773852145,0.999999008113615,0.16254293493077598,1001,13.395904441131279
folds_T1_d100,Folding: 1 layer,Tied,folds,1,35345,0.2,100,1000,2000,101001,l2,1.0,cv,0.3714688183907249,5,0.15731509268856503,1000,875,987.122,1000,9.22338730307246,1.0,0.12046908520094132,0.12084454371762379,unconstrained,ReLU MLP,1.0,200.0,100801,0.9980198215859248,3.0,0.1502920006926525,3.596058870224922e-15,0.03896500406565127,1.2436804846053975,6.45905722614635,0.21117542064553918,1001,10.794490558095276
folds_T1_d100,Folding: 1 layer,Tied,folds,1,36345,0.2,100,1000,2000,101001,l2,1.0,cv,0.33881170042812264,5,0.15504631672385566,1000,597,940.21,1000,8.920981161988117,1.0,0.11801130780399527,0.11803572868649756,constant,Training-mean constant,,,1,9.900892070375541e-06,,0.11803572868649756,0.15486076254157094,0.11014373188679207,1.0,0.0,0.0,0,0.0
folds_T1_d100,Folding: 1 layer,Tied,folds,1,36345,0.2,100,1000,2000,101001,l2,1.0,cv,0.33881170042812264,5,0.15504631672385566,1000,597,940.21,1000,8.920981161988117,1.0,0.11801130780399527,0.11803572868649756,formula,Formula,1.0,,101001,1.0,,0.11805611811179814,0.1551877539646502,0.11049247908368241,1.0001727394368423,1.0,0.002916681100149738,0,0.9087913418188691
folds_T1_d100,Folding: 1 layer,Tied,folds,1,36345,0.2,100,1000,2000,101001,l2,1.0,cv,0.33881170042812264,5,0.15504631672385566,1000,597,940.21,1000,8.920981161988117,1.0,0.11801130780399527,0.11803572868649756,orthogonal,Orthogonal MLP,1.0,200.0,100801,0.9980198215859248,3.0,0.12805498558277464,4.280158493343598e-05,0.041902151809539115,1.084883255331004,0.9999990091424028,0.13942831526753213,1001,91.0057668199297
folds_T1_d100,Folding: 1 layer,Tied,folds,1,36345,0.2,100,1000,2000,101001,l2,1.0,cv,0.33881170042812264,5,0.15504631672385566,1000,597,940.21,1000,8.920981161988117,1.0,0.11801130780399527,0.11803572868649756,spectral,Spectral MLP,1.0,200.0,100801,0.9980198215859248,3.0,0.13201547882099687,0.0014025039619631717,0.03973226251614143,1.1184365978849462,0.9999988522054014,0.14738126083599976,1001,13.196358409943059
folds_T1_d100,Folding: 1 layer,Tied,folds,1,36345,0.2,100,1000,2000,101001,l2,1.0,cv,0.33881170042812264,5,0.15504631672385566,1000,597,940.21,1000,8.920981161988117,1.0,0.11801130780399527,0.11803572868649756,unconstrained,ReLU MLP,1.0,200.0,100801,0.9980198215859248,3.0,0.15120705689833758,6.678927818218843e-15,0.04194282336029725,1.2810278597927154,7.404946131811186,0.18545251629588447,1001,10.903682739008218
folds_T1_d100,Folding: 1 layer,Tied,folds,1,37345,0.2,100,1000,2000,101001,l2,1.0,cv,0.3250005060347204,5,0.1659489893078769,1000,999,999.994,1000,10.130605726325488,1.0,0.112175166587955,0.1124554886298379,constant,Training-mean constant,,,1,9.900892070375541e-06,,0.1124554886298379,0.1654287008247848,0.12057268861695422,1.0,0.0,0.0,0,0.0
folds_T1_d100,Folding: 1 layer,Tied,folds,1,37345,0.2,100,1000,2000,101001,l2,1.0,cv,0.3250005060347204,5,0.1659489893078769,1000,999,999.994,1000,10.130605726325488,1.0,0.112175166587955,0.1124554886298379,formula,Formula,1.0,,101001,1.0,,0.1124554886298379,0.16543086773598717,0.12057339390978072,1.0,1.0,0.00012217865435238404,0,0.8940933779813349
folds_T1_d100,Folding: 1 layer,Tied,folds,1,37345,0.2,100,1000,2000,101001,l2,1.0,cv,0.3250005060347204,5,0.1659489893078769,1000,999,999.994,1000,10.130605726325488,1.0,0.112175166587955,0.1124554886298379,orthogonal,Orthogonal MLP,1.0,200.0,100801,0.9980198215859248,3.0,0.12361980304130518,3.861659726929273e-11,0.04116956166914078,1.0992776301761145,0.9999989820175785,0.12323204117268362,1001,91.23609891580418
folds_T1_d100,Folding: 1 layer,Tied,folds,1,37345,0.2,100,1000,2000,101001,l2,1.0,cv,0.3250005060347204,5,0.1659489893078769,1000,999,999.994,1000,10.130605726325488,1.0,0.112175166587955,0.1124554886298379,spectral,Spectral MLP,1.0,200.0,100801,0.9980198215859248,3.0,0.12421081234867948,5.3701284771291996e-09,0.041167778537549854,1.104533125613244,0.999999018379652,0.13816488963062795,1001,13.224194727139547
folds_T1_d100,Folding: 1 layer,Tied,folds,1,37345,0.2,100,1000,2000,101001,l2,1.0,cv,0.3250005060347204,5,0.1659489893078769,1000,999,999.994,1000,10.130605726325488,1.0,0.112175166587955,0.1124554886298379,unconstrained,ReLU MLP,1.0,200.0,100801,0.9980198215859248,3.0,0.14783540958397662,1.7139389669560715e-07,0.04116504912101038,1.3146126648437446,7.053066191225074,0.18135059836279885,1001,10.587241583969444
folds_T1_d100,Folding: 1 layer,Tied,folds,1,38345,0.2,100,1000,2000,101001,l2,1.0,cv,0.30152837212251066,5,0.16017067910291768,1000,20,193.1,562,7.711356597650745,1.0,0.12098278617447679,0.12147447680913331,constant,Training-mean constant,,,1,9.900892070375541e-06,,0.12147447680913331,0.1601101866788737,0.1173396247289417,1.0,0.0,0.0,0,0.0
folds_T1_d100,Folding: 1 layer,Tied,folds,1,38345,0.2,100,1000,2000,101001,l2,1.0,cv,0.30152837212251066,5,0.16017067910291768,1000,20,193.1,562,7.711356597650745,1.0,0.12098278617447679,0.12147447680913331,formula,Formula,1.0,,101001,1.0,,0.1221389391841089,0.1564376591284783,0.11449369133169024,1.0054699751950331,1.0,0.02366882436273835,0,0.9164641709066927
folds_T1_d100,Folding: 1 layer,Tied,folds,1,38345,0.2,100,1000,2000,101001,l2,1.0,cv,0.30152837212251066,5,0.16017067910291768,1000,20,193.1,562,7.711356597650745,1.0,0.12098278617447679,0.12147447680913331,orthogonal,Orthogonal MLP,1.0,200.0,100801,0.9980198215859248,3.0,0.12962889760760476,2.855309571842262e-06,0.03936573977653636,1.0671286760204293,0.9999990213906002,0.114325834928337,1001,91.2630400559865
folds_T1_d100,Folding: 1 layer,Tied,folds,1,38345,0.2,100,1000,2000,101001,l2,1.0,cv,0.30152837212251066,5,0.16017067910291768,1000,20,193.1,562,7.711356597650745,1.0,0.12098278617447679,0.12147447680913331,spectral,Spectral MLP,1.0,200.0,100801,0.9980198215859248,3.0,0.12948779733873506,1.082610114478064e-07,0.039336110658998155,1.0659671129285262,0.9999989679291023,0.15573456409966774,1001,13.36176712391898
folds_T1_d100,Folding: 1 layer,Tied,folds,1,38345,0.2,100,1000,2000,101001,l2,1.0,cv,0.30152837212251066,5,0.16017067910291768,1000,20,193.1,562,7.711356597650745,1.0,0.12098278617447679,0.12147447680913331,unconstrained,ReLU MLP,1.0,200.0,100801,0.9980198215859248,3.0,0.1417723987965097,1.3246584337697236e-10,0.03935782820000221,1.1670961877800017,6.264251711888568,0.17661016787804415,1001,10.99178308295086
folds_T1_d100,Folding: 1 layer,Tied,folds,1,39345,0.2,100,1000,2000,101001,l2,1.0,cv,0.3050321110929326,5,0.16010936992263824,1000,64,373.226,832,8.013762738735089,1.0,0.1243088337559162,0.12450862135945698,constant,Training-mean constant,,,1,9.900892070375541e-06,,0.12450862135945698,0.16030303297600879,0.12042871805254271,1.0,0.0,0.0,0,0.0
folds_T1_d100,Folding: 1 layer,Tied,folds,1,39345,0.2,100,1000,2000,101001,l2,1.0,cv,0.3050321110929326,5,0.16010936992263824,1000,64,373.226,832,8.013762738735089,1.0,0.1243088337559162,0.12450862135945698,formula,Formula,1.0,,101001,1.0,,0.12438092779935656,0.15772017868158406,0.11829717216997508,0.9989744199340882,1.0,0.012022306943811614,0,0.8948140239808708
folds_T1_d100,Folding: 1 layer,Tied,folds,1,39345,0.2,100,1000,2000,101001,l2,1.0,cv,0.3050321110929326,5,0.16010936992263824,1000,64,373.226,832,8.013762738735089,1.0,0.1243088337559162,0.12450862135945698,orthogonal,Orthogonal MLP,1.0,200.0,100801,0.9980198215859248,3.0,0.1347880785555664,6.058107412123426e-07,0.03974167313807419,1.0825602041358453,0.9999990081656726,0.10893656466768668,1001,91.24216502904892
folds_T1_d100,Folding: 1 layer,Tied,folds,1,39345,0.2,100,1000,2000,101001,l2,1.0,cv,0.3050321110929326,5,0.16010936992263824,1000,64,373.226,832,8.013762738735089,1.0,0.1243088337559162,0.12450862135945698,spectral,Spectral MLP,1.0,200.0,100801,0.9980198215859248,3.0,0.128507984563539,2.0876114987233658e-12,0.039738213983803956,1.0321211749067227,0.9999989780682753,0.13606544254476755,1001,13.109591559041291
folds_T1_d100,Folding: 1 layer,Tied,folds,1,39345,0.2,100,1000,2000,101001,l2,1.0,cv,0.3050321110929326,5,0.16010936992263824,1000,64,373.226,832,8.013762738735089,1.0,0.1243088337559162,0.12450862135945698,unconstrained,ReLU MLP,1.0,200.0,100801,0.9980198215859248,3.0,0.15010741841356048,2.9136185961264916e-12,0.03973833756421866,1.2055985904799287,6.363177810802426,0.19441592618354225,1001,10.60352715011686
folds_T1_d100,Folding: 1 layer,Tied,folds,1,40345,0.2,100,1000,2000,101001,l2,1.0,cv,0.33052874428635565,5,0.168367430791995,1000,441,834.486,997,8.618575020903775,1.0,0.12516212475839847,0.12530167910447496,constant,Training-mean constant,,,1,9.900892070375541e-06,,0.12530167910447496,0.1681893325394508,0.12860585550533193,1.0,0.0,0.0,0,0.0
folds_T1_d100,Folding: 1 layer,Tied,folds,1,40345,0.2,100,1000,2000,101001,l2,1.0,cv,0.33052874428635565,5,0.168367430791995,1000,441,834.486,997,8.618575020903775,1.0,0.12516212475839847,0.12530167910447496,formula,Formula,1.0,,101001,1.0,,0.12540114975167885,0.16913912839770315,0.129474453568481,1.0007938492757225,1.0,0.0041977119921435945,0,0.9083462620619684
folds_T1_d100,Folding: 1 layer,Tied,folds,1,40345,0.2,100,1000,2000,101001,l2,1.0,cv,0.33052874428635565,5,0.168367430791995,1000,441,834.486,997,8.618575020903775,1.0,0.12516212475839847,0.12530167910447496,orthogonal,Orthogonal MLP,1.0,200.0,100801,0.9980198215859248,3.0,0.13211374503343898,9.155656304033508e-13,0.040694677571978644,1.0543653203823726,0.9999989956908095,0.11611179918713167,1001,91.23112138197757
folds_T1_d100,Folding: 1 layer,Tied,folds,1,40345,0.2,100,1000,2000,101001,l2,1.0,cv,0.33052874428635565,5,0.168367430791995,1000,441,834.486,997,8.618575020903775,1.0,0.12516212475839847,0.12530167910447496,spectral,Spectral MLP,1.0,200.0,100801,0.9980198215859248,3.0,0.13394288392477988,1.428446288925859e-13,0.04069478969355349,1.068963200509867,0.9999990274182049,0.12947470073695455,1001,13.207913399906829
folds_T1_d100,Folding: 1 layer,Tied,folds,1,40345,0.2,100,1000,2000,101001,l2,1.0,cv,0.33052874428635565,5,0.168367430791995,1000,441,834.486,997,8.618575020903775,1.0,0.12516212475839847,0.12530167910447496,unconstrained,ReLU MLP,1.0,200.0,100801,0.9980198215859248,3.0,0.15501299379304567,1.5421930249098874e-15,0.040694864521400705,1.2371182485415682,6.641339591393978,0.1624065879381215,1001,10.829723736969754
folds_T1_d100,Folding: 1 layer,Tied,folds,1,41345,0.2,100,1000,2000,101001,l2,1.0,cv,0.2811855917818308,5,0.14633895616383422,1000,253,641.384,980,8.316168879819433,1.0,0.1264194828982084,0.12651580075427055,constant,Training-mean constant,,,1,9.900892070375541e-06,,0.12651580075427055,0.1462190461614346,0.11249021656979431,1.0,0.0,0.0,0,0.0
folds_T1_d100,Folding: 1 layer,Tied,folds,1,41345,0.2,100,1000,2000,101001,l2,1.0,cv,0.2811855917818308,5,0.14633895616383422,1000,253,641.384,980,8.316168879819433,1.0,0.1264194828982084,0.12651580075427055,formula,Formula,1.0,,101001,1.0,,0.12668684684025977,0.14656256834153145,0.11275621124718807,1.0013519741010173,1.0,0.007004216090333739,0,0.8868645681068301
folds_T1_d100,Folding: 1 layer,Tied,folds,1,41345,0.2,100,1000,2000,101001,l2,1.0,cv,0.2811855917818308,5,0.14633895616383422,1000,253,641.384,980,8.316168879819433,1.0,0.1264194828982084,0.12651580075427055,orthogonal,Orthogonal MLP,1.0,200.0,100801,0.9980198215859248,3.0,0.132556450618342,1.2611439812118894e-12,0.03917937917194081,1.0477462089956977,0.9999990161836504,0.14074278423510245,1001,90.67929038009606
folds_T1_d100,Folding: 1 layer,Tied,folds,1,41345,0.2,100,1000,2000,101001,l2,1.0,cv,0.2811855917818308,5,0.14633895616383422,1000,253,641.384,980,8.316168879819433,1.0,0.1264194828982084,0.12651580075427055,spectral,Spectral MLP,1.0,200.0,100801,0.9980198215859248,3.0,0.1336199298848445,1.956813443685669e-06,0.03903275408875742,1.0561521097619433,0.9999989851875516,0.14262337976268732,1001,13.074558734893799
folds_T1_d100,Folding: 1 layer,Tied,folds,1,41345,0.2,100,1000,2000,101001,l2,1.0,cv,0.2811855917818308,5,0.14633895616383422,1000,253,641.384,980,8.316168879819433,1.0,0.1264194828982084,0.12651580075427055,unconstrained,ReLU MLP,1.0,200.0,100801,0.9980198215859248,3.0,0.14845620164395218,1.4823288635265448e-07,0.039175285319421195,1.173420242838253,6.487015716319363,0.1685288486394099,1001,10.429269204149023
folds_T4_d100,Folding: 4 layers,Tied,folds,4,12345,0.2,100,1000,2000,101001,l2,1.0,cv,0.2669808158308373,5,0.08446566198309685,1000,65,390.904,866,8.013762738735089,1.0,0.04406537626784027,0.044087844750699316,constant,Training-mean constant,,,1,9.900892070375541e-06,,0.044087844750699316,0.08469928517325179,0.043016350302813464,1.0,0.0,0.0,0,0.0
folds_T4_d100,Folding: 4 layers,Tied,folds,4,12345,0.2,100,1000,2000,101001,l2,1.0,cv,0.2669808158308373,5,0.08446566198309685,1000,65,390.904,866,8.013762738735089,1.0,0.04406537626784027,0.044087844750699316,formula,Formula,1.0,,101001,1.0,,0.04425880154793338,0.08484162033679425,0.043119096891746124,1.003877640156845,1.0,0.008532824129876196,0,0.9036090108565986
folds_T4_d100,Folding: 4 layers,Tied,folds,4,12345,0.2,100,1000,2000,101001,l2,1.0,cv,0.2669808158308373,5,0.08446566198309685,1000,65,390.904,866,8.013762738735089,1.0,0.04406537626784027,0.044087844750699316,orthogonal,Orthogonal MLP,1.0,200.0,100801,0.9980198215859248,3.0,0.05564954920809008,1.9079099721760924e-06,0.03850897952768135,1.2622424507881478,0.9999989812100846,0.09255112683177227,1001,91.29284988506697
folds_T4_d100,Folding: 4 layers,Tied,folds,4,12345,0.2,100,1000,2000,101001,l2,1.0,cv,0.2669808158308373,5,0.08446566198309685,1000,65,390.904,866,8.013762738735089,1.0,0.04406537626784027,0.044087844750699316,spectral,Spectral MLP,1.0,200.0,100801,0.9980198215859248,3.0,0.0605434581935591,6.354272423978376e-12,0.038456756991626734,1.373246039490256,0.9999989402743316,0.11714336844705307,1001,13.227668548002839
folds_T4_d100,Folding: 4 layers,Tied,folds,4,12345,0.2,100,1000,2000,101001,l2,1.0,cv,0.2669808158308373,5,0.08446566198309685,1000,65,390.904,866,8.013762738735089,1.0,0.04406537626784027,0.044087844750699316,unconstrained,ReLU MLP,1.0,200.0,100801,0.9980198215859248,3.0,0.07025042025864994,2.127781384989027e-15,0.03845675207201859,1.5934192441451935,5.267361147584747,0.1393363997243813,1001,11.219268786953762
folds_T4_d100,Folding: 4 layers,Tied,folds,4,13345,0.2,100,1000,2000,101001,l2,1.0,cv,0.2502960142599171,5,0.07494312263087102,1000,843,987.406,1000,9.22338730307246,1.0,0.04029097444629297,0.04033961171017842,constant,Training-mean constant,,,1,9.900892070375541e-06,,0.04033961171017842,0.07480617175130698,0.038451966635952864,1.0,0.0,0.0,0,0.0
folds_T4_d100,Folding: 4 layers,Tied,folds,4,13345,0.2,100,1000,2000,101001,l2,1.0,cv,0.2502960142599171,5,0.07494312263087102,1000,843,987.406,1000,9.22338730307246,1.0,0.04029097444629297,0.04033961171017842,formula,Formula,1.0,,101001,1.0,,0.040330194092877795,0.07480560920904236,0.03843791283798923,0.9997665416968243,1.0,0.0007550801431032839,0,0.8922253758646548
folds_T4_d100,Folding: 4 layers,Tied,folds,4,13345,0.2,100,1000,2000,101001,l2,1.0,cv,0.2502960142599171,5,0.07494312263087102,1000,843,987.406,1000,9.22338730307246,1.0,0.04029097444629297,0.04033961171017842,orthogonal,Orthogonal MLP,1.0,200.0,100801,0.9980198215859248,3.0,0.05046029708691352,1.7798578004522505e-12,0.037335481406136475,1.2508870300846615,0.9999989910388574,0.09347241905589461,1001,90.78241843404248
folds_T4_d100,Folding: 4 layers,Tied,folds,4,13345,0.2,100,1000,2000,101001,l2,1.0,cv,0.2502960142599171,5,0.07494312263087102,1000,843,987.406,1000,9.22338730307246,1.0,0.04029097444629297,0.04033961171017842,spectral,Spectral MLP,1.0,200.0,100801,0.9980198215859248,3.0,0.05729340015303471,1.6110978419546898e-06,0.03725977439686041,1.4202764410490976,0.9999989968720396,0.10691673841225645,1001,13.171350875869393
folds_T4_d100,Folding: 4 layers,Tied,folds,4,13345,0.2,100,1000,2000,101001,l2,1.0,cv,0.2502960142599171,5,0.07494312263087102,1000,843,987.406,1000,9.22338730307246,1.0,0.04029097444629297,0.04033961171017842,unconstrained,ReLU MLP,1.0,200.0,100801,0.9980198215859248,3.0,0.06355687939887107,3.865904213836286e-11,0.03733522055233142,1.5755451454391296,5.234334738151858,0.11610169721064031,1001,10.497012241976336
folds_T4_d100,Folding: 4 layers,Tied,folds,4,14345,0.2,100,1000,2000,101001,l2,1.0,cv,0.24491616550180093,5,0.08510487711242666,1000,811,988.38,1000,9.22338730307246,1.0,0.04188117919347335,0.04196632998222476,constant,Training-mean constant,,,1,9.900892070375541e-06,,0.04196632998222476,0.08479375579827725,0.04436427447628004,1.0,0.0,0.0,0,0.0
folds_T4_d100,Folding: 4 layers,Tied,folds,4,14345,0.2,100,1000,2000,101001,l2,1.0,cv,0.24491616550180093,5,0.08510487711242666,1000,811,988.38,1000,9.22338730307246,1.0,0.04188117919347335,0.04196632998222476,formula,Formula,1.0,,101001,1.0,,0.04195713606886601,0.0848640711687095,0.04444287086210595,0.9997809216730973,1.0,0.00093297693550763,0,0.9123343210667372
folds_T4_d100,Folding: 4 layers,Tied,folds,4,14345,0.2,100,1000,2000,101001,l2,1.0,cv,0.24491616550180093,5,0.08510487711242666,1000,811,988.38,1000,9.22338730307246,1.0,0.04188117919347335,0.04196632998222476,orthogonal,Orthogonal MLP,1.0,200.0,100801,0.9980198215859248,3.0,0.05414726676879157,5.758619098076417e-12,0.04002407925630586,1.2902549923170827,0.9999989951704727,0.10910401915743902,1001,91.48489314201288
folds_T4_d100,Folding: 4 layers,Tied,folds,4,14345,0.2,100,1000,2000,101001,l2,1.0,cv,0.24491616550180093,5,0.08510487711242666,1000,811,988.38,1000,9.22338730307246,1.0,0.04188117919347335,0.04196632998222476,spectral,Spectral MLP,1.0,200.0,100801,0.9980198215859248,3.0,0.05325565092550561,1.5624883708715234e-06,0.04000368891549459,1.2690090114637746,0.9999989626937151,0.1078357214866529,1001,13.268273677909747
folds_T4_d100,Folding: 4 layers,Tied,folds,4,14345,0.2,100,1000,2000,101001,l2,1.0,cv,0.24491616550180093,5,0.08510487711242666,1000,811,988.38,1000,9.22338730307246,1.0,0.04188117919347335,0.04196632998222476,unconstrained,ReLU MLP,1.0,200.0,100801,0.9980198215859248,3.0,0.06359177870456953,1.1074972738540464e-11,0.04002416642593078,1.5153047390969006,4.767689083836892,0.1375230548096986,1001,10.996600159909576
folds_T4_d100,Folding: 4 layers,Tied,folds,4,15345,0.2,100,1000,2000,101001,l2,1.0,cv,0.23876461595185,5,0.08181857060705426,1000,45,388.02,790,8.013762738735089,1.0,0.039463576549042534,0.03948703273505101,constant,Training-mean constant,,,1,9.900892070375541e-06,,0.03948703273505101,0.08163676211916976,0.040396556841158275,1.0,0.0,0.0,0,0.0
folds_T4_d100,Folding: 4 layers,Tied,folds,4,15345,0.2,100,1000,2000,101001,l2,1.0,cv,0.23876461595185,5,0.08181857060705426,1000,45,388.02,790,8.013762738735089,1.0,0.039463576549042534,0.03948703273505101,formula,Formula,1.0,,101001,1.0,,0.03950775449987782,0.08081187662715829,0.03974302582811757,1.0005247739166891,1.0,0.008629345018541582,0,0.8933655968867242
folds_T4_d100,Folding: 4 layers,Tied,folds,4,15345,0.2,100,1000,2000,101001,l2,1.0,cv,0.23876461595185,5,0.08181857060705426,1000,45,388.02,790,8.013762738735089,1.0,0.039463576549042534,0.03948703273505101,orthogonal,Orthogonal MLP,1.0,200.0,100801,0.9980198215859248,3.0,0.05109387396247254,1.0731942868062968e-12,0.0424184531573857,1.2939405780449695,0.9999990077453823,0.09115053813100125,1001,91.616290952079
folds_T4_d100,Folding: 4 layers,Tied,folds,4,15345,0.2,100,1000,2000,101001,l2,1.0,cv,0.23876461595185,5,0.08181857060705426,1000,45,388.02,790,8.013762738735089,1.0,0.039463576549042534,0.03948703273505101,spectral,Spectral MLP,1.0,200.0,100801,0.9980198215859248,3.0,0.05403849158716744,4.110724105658081e-08,0.04236057953976981,1.3685123404879116,0.9999989855674393,0.11030185514073103,1001,13.086312005994841
folds_T4_d100,Folding: 4 layers,Tied,folds,4,15345,0.2,100,1000,2000,101001,l2,1.0,cv,0.23876461595185,5,0.08181857060705426,1000,45,388.02,790,8.013762738735089,1.0,0.039463576549042534,0.03948703273505101,unconstrained,ReLU MLP,1.0,200.0,100801,0.9980198215859248,3.0,0.05861806753399563,1.1312867533410153e-15,0.04241866077053126,1.484489045487654,5.082188416388134,0.1283988627920313,1001,10.390280596911907
folds_T4_d100,Folding: 4 layers,Tied,folds,4,16345,0.2,100,1000,2000,101001,l2,1.0,cv,0.2524540597891979,5,0.08181775893520318,1000,231,645.158,973,8.316168879819433,1.0,0.04272511593489081,0.04272710902933576,constant,Training-mean constant,,,1,9.900892070375541e-06,,0.04272710902933576,0.08176964592627513,0.04302818844209446,1.0,0.0,0.0,0,0.0
folds_T4_d100,Folding: 4 layers,Tied,folds,4,16345,0.2,100,1000,2000,101001,l2,1.0,cv,0.2524540597891979,5,0.08181775893520318,1000,231,645.158,973,8.316168879819433,1.0,0.04272511593489081,0.04272710902933576,formula,Formula,1.0,,101001,1.0,,0.042763834022886665,0.08167360478939827,0.04304096999852437,1.0008595244186937,1.0,0.005523083496430364,0,0.9642733859363943
folds_T4_d100,Folding: 4 layers,Tied,folds,4,16345,0.2,100,1000,2000,101001,l2,1.0,cv,0.2524540597891979,5,0.08181775893520318,1000,231,645.158,973,8.316168879819433,1.0,0.04272511593489081,0.04272710902933576,orthogonal,Orthogonal MLP,1.0,200.0,100801,0.9980198215859248,3.0,0.05502675780447762,4.616879310395175e-13,0.038255337938164484,1.2878652231466705,0.9999990099641604,0.09637448782177167,1001,90.73234333889559
folds_T4_d100,Folding: 4 layers,Tied,folds,4,16345,0.2,100,1000,2000,101001,l2,1.0,cv,0.2524540597891979,5,0.08181775893520318,1000,231,645.158,973,8.316168879819433,1.0,0.04272511593489081,0.04272710902933576,spectral,Spectral MLP,1.0,200.0,100801,0.9980198215859248,3.0,0.061057043356255634,1.2852069967972292e-13,0.03825542368703824,1.4290001065678193,0.9999989823932499,0.09889011710360944,1001,13.094992437865585
folds_T4_d100,Folding: 4 layers,Tied,folds,4,16345,0.2,100,1000,2000,101001,l2,1.0,cv,0.2524540597891979,5,0.08181775893520318,1000,231,645.158,973,8.316168879819433,1.0,0.04272511593489081,0.04272710902933576,unconstrained,ReLU MLP,1.0,200.0,100801,0.9980198215859248,3.0,0.06726824488264177,1.2173561945809587e-15,0.03825551934409435,1.5743692098722721,5.045396277002512,0.13023935969491388,1001,10.598231460899115
folds_T4_d100,Folding: 4 layers,Tied,folds,4,17345,0.2,100,1000,2000,101001,l2,1.0,cv,0.2218403860912479,5,0.09080690855992518,1000,193,631.552,964,8.316168879819433,1.0,0.04197775350094865,0.04198599342440529,constant,Training-mean constant,,,1,9.900892070375541e-06,,0.04198599342440529,0.09085120893570892,0.04870868484920586,1.0,0.0,0.0,0,0.0
folds_T4_d100,Folding: 4 layers,Tied,folds,4,17345,0.2,100,1000,2000,101001,l2,1.0,cv,0.2218403860912479,5,0.09080690855992518,1000,193,631.552,964,8.316168879819433,1.0,0.04197775350094865,0.04198599342440529,formula,Formula,1.0,,101001,1.0,,0.04210818211470032,0.09090906395940966,0.048785142484394424,1.0029102250614845,1.0,0.005093835733810694,0,0.9018758309539407
folds_T4_d100,Folding: 4 layers,Tied,folds,4,17345,0.2,100,1000,2000,101001,l2,1.0,cv,0.2218403860912479,5,0.09080690855992518,1000,193,631.552,964,8.316168879819433,1.0,0.04197775350094865,0.04198599342440529,orthogonal,Orthogonal MLP,1.0,200.0,100801,0.9980198215859248,3.0,0.05241880597877431,8.694045926179756e-13,0.038285234207651786,1.2484831655383606,0.999998975110119,0.1015676950100978,1001,91.30020412290469
folds_T4_d100,Folding: 4 layers,Tied,folds,4,17345,0.2,100,1000,2000,101001,l2,1.0,cv,0.2218403860912479,5,0.09080690855992518,1000,193,631.552,964,8.316168879819433,1.0,0.04197775350094865,0.04198599342440529,spectral,Spectral MLP,1.0,200.0,100801,0.9980198215859248,3.0,0.055919642442924355,1.6269176501485434e-05,0.03819033690591024,1.331864221424372,0.9999989632026124,0.10797643685098769,1001,13.22622490185313
folds_T4_d100,Folding: 4 layers,Tied,folds,4,17345,0.2,100,1000,2000,101001,l2,1.0,cv,0.2218403860912479,5,0.09080690855992518,1000,193,631.552,964,8.316168879819433,1.0,0.04197775350094865,0.04198599342440529,unconstrained,ReLU MLP,1.0,200.0,100801,0.9980198215859248,3.0,0.06821248192036643,1.9427401115460976e-15,0.03828541943218013,1.6246485162529563,5.016505232777674,0.12339718894183925,1001,10.491525530116633
folds_T4_d100,Folding: 4 layers,Tied,folds,4,18345,0.2,100,1000,2000,101001,l2,1.0,cv,0.24322311507938113,5,0.08756511319936998,1000,61,395.076,886,8.013762738735089,1.0,0.04330412569440639,0.04351718595525889,constant,Training-mean constant,,,1,9.900892070375541e-06,,0.04351718595525889,0.08763517474938169,0.04195079965741119,1.0,0.0,0.0,0,0.0
folds_T4_d100,Folding: 4 layers,Tied,folds,4,18345,0.2,100,1000,2000,101001,l2,1.0,cv,0.24322311507938113,5,0.08756511319936998,1000,61,395.076,886,8.013762738735089,1.0,0.04330412569440639,0.04351718595525889,formula,Formula,1.0,,101001,1.0,,0.043612981786223914,0.08747001538418739,0.04196389900047293,1.0022013333091784,1.0,0.00828570815281407,0,0.9013187591917813
folds_T4_d100,Folding: 4 layers,Tied,folds,4,18345,0.2,100,1000,2000,101001,l2,1.0,cv,0.24322311507938113,5,0.08756511319936998,1000,61,395.076,886,8.013762738735089,1.0,0.04330412569440639,0.04351718595525889,orthogonal,Orthogonal MLP,1.0,200.0,100801,0.9980198215859248,3.0,0.056473590965231156,1.9795798356681345e-12,0.04198181809982316,1.297730763733047,0.9999989849055103,0.09468093427922385,1001,91.40399195509963
folds_T4_d100,Folding: 4 layers,Tied,folds,4,18345,0.2,100,1000,2000,101001,l2,1.0,cv,0.24322311507938113,5,0.08756511319936998,1000,61,395.076,886,8.013762738735089,1.0,0.04330412569440639,0.04351718595525889,spectral,Spectral MLP,1.0,200.0,100801,0.9980198215859248,3.0,0.06340941766255921,2.8631045514079713e-10,0.041982648275956616,1.4571120873429642,0.9999989659247805,0.1272622984617763,1001,13.322215709136799
folds_T4_d100,Folding: 4 layers,Tied,folds,4,18345,0.2,100,1000,2000,101001,l2,1.0,cv,0.24322311507938113,5,0.08756511319936998,1000,61,395.076,886,8.013762738735089,1.0,0.04330412569440639,0.04351718595525889,unconstrained,ReLU MLP,1.0,200.0,100801,0.9980198215859248,3.0,0.06944059032483582,1.1537742988982542e-15,0.041981993890291024,1.5957049795505949,5.43184609545718,0.14402434073049333,1001,10.627919275080785
folds_T4_d100,Folding: 4 layers,Tied,folds,4,19345,0.2,100,1000,2000,101001,l2,1.0,cv,0.24637995889898792,5,0.08147571032715775,1000,338,839.82,991,8.618575020903775,1.0,0.04153745370959769,0.041721287745950845,constant,Training-mean constant,,,1,9.900892070375541e-06,,0.041721287745950845,0.08132947506966155,0.04129975942567786,1.0,0.0,0.0,0,0.0
folds_T4_d100,Folding: 4 layers,Tied,folds,4,19345,0.2,100,1000,2000,101001,l2,1.0,cv,0.24637995889898792,5,0.08147571032715775,1000,338,839.82,991,8.618575020903775,1.0,0.04153745370959769,0.041721287745950845,formula,Formula,1.0,,101001,1.0,,0.04179421141975155,0.08129871834513204,0.04131523654847385,1.0017478768691117,1.0,0.0034535365037114026,0,0.8904265658929944
folds_T4_d100,Folding: 4 layers,Tied,folds,4,19345,0.2,100,1000,2000,101001,l2,1.0,cv,0.24637995889898792,5,0.08147571032715775,1000,338,839.82,991,8.618575020903775,1.0,0.04153745370959769,0.041721287745950845,orthogonal,Orthogonal MLP,1.0,200.0,100801,0.9980198215859248,3.0,0.0536693742482083,1.7660144472468537e-12,0.03827991849347738,1.286378660577586,0.999999018182409,0.09707573646194144,1001,91.26410504709929
folds_T4_d100,Folding: 4 layers,Tied,folds,4,19345,0.2,100,1000,2000,101001,l2,1.0,cv,0.24637995889898792,5,0.08147571032715775,1000,338,839.82,991,8.618575020903775,1.0,0.04153745370959769,0.041721287745950845,spectral,Spectral MLP,1.0,200.0,100801,0.9980198215859248,3.0,0.05881383161391962,6.595526271343646e-08,0.038213009077114335,1.409683995663045,0.9999990114456003,0.149538080918305,1001,13.28835788788274
folds_T4_d100,Folding: 4 layers,Tied,folds,4,19345,0.2,100,1000,2000,101001,l2,1.0,cv,0.24637995889898792,5,0.08147571032715775,1000,338,839.82,991,8.618575020903775,1.0,0.04153745370959769,0.041721287745950845,unconstrained,ReLU MLP,1.0,200.0,100801,0.9980198215859248,3.0,0.06613200103053167,9.900678333544517e-09,0.03828537105017416,1.5850901207369839,5.320318974913783,0.14546363593216044,1001,10.785757010104135
folds_T4_d100,Folding: 4 layers,Tied,folds,4,20345,0.2,100,1000,2000,101001,l2,1.0,cv,0.22551895815819004,5,0.07317872638734474,1000,1000,1000.0,1000,10.433011867409832,1.0,0.039163829284062715,0.03916425429846706,constant,Training-mean constant,,,1,9.900892070375541e-06,,0.03916425429846706,0.0730949480613595,0.039029743797231606,1.0,0.0,0.0,0,0.0
folds_T4_d100,Folding: 4 layers,Tied,folds,4,20345,0.2,100,1000,2000,101001,l2,1.0,cv,0.22551895815819004,5,0.07317872638734474,1000,1000,1000.0,1000,10.433011867409832,1.0,0.039163829284062715,0.03916425429846706,formula,Formula,1.0,,101001,1.0,,0.03916425429846706,0.0730949480613595,0.039029743797231606,1.0,1.0,0.0,0,0.9073557709343731
folds_T4_d100,Folding: 4 layers,Tied,folds,4,20345,0.2,100,1000,2000,101001,l2,1.0,cv,0.22551895815819004,5,0.07317872638734474,1000,1000,1000.0,1000,10.433011867409832,1.0,0.039163829284062715,0.03916425429846706,orthogonal,Orthogonal MLP,1.0,200.0,100801,0.9980198215859248,3.0,0.049629702425170875,1.3718231775587622e-12,0.03893481688191353,1.2672193895726351,0.9999989874379264,0.09933512862055778,1001,90.91563227004372
folds_T4_d100,Folding: 4 layers,Tied,folds,4,20345,0.2,100,1000,2000,101001,l2,1.0,cv,0.22551895815819004,5,0.07317872638734474,1000,1000,1000.0,1000,10.433011867409832,1.0,0.039163829284062715,0.03916425429846706,spectral,Spectral MLP,1.0,200.0,100801,0.9980198215859248,3.0,0.05383643780650566,5.061425739398829e-07,0.03894317244555273,1.3746320151080444,0.9999989806186895,0.12640263621952366,1001,13.220765022095293
folds_T4_d100,Folding: 4 layers,Tied,folds,4,20345,0.2,100,1000,2000,101001,l2,1.0,cv,0.22551895815819004,5,0.07317872638734474,1000,1000,1000.0,1000,10.433011867409832,1.0,0.039163829284062715,0.03916425429846706,unconstrained,ReLU MLP,1.0,200.0,100801,0.9980198215859248,3.0,0.05825976531635642,0.0002871698611358655,0.03813217770778112,1.487574993062916,5.722226779408062,0.12781739885402918,1001,10.99826876888983
folds_T4_d100,Folding: 4 layers,Tied,folds,4,21345,0.2,100,1000,2000,101001,l2,1.0,cv,0.2381538124463001,5,0.08171270981561668,1000,975,998.366,1000,9.525793444156804,1.0,0.04204303917317082,0.042116368370595195,constant,Training-mean constant,,,1,9.900892070375541e-06,,0.042116368370595195,0.08151269532625488,0.039820628597244945,1.0,0.0,0.0,0,0.0
folds_T4_d100,Folding: 4 layers,Tied,folds,4,21345,0.2,100,1000,2000,101001,l2,1.0,cv,0.2381538124463001,5,0.08171270981561668,1000,975,998.366,1000,9.525793444156804,1.0,0.04204303917317082,0.042116368370595195,formula,Formula,1.0,,101001,1.0,,0.042117668232680865,0.08154005916801248,0.03984598772346426,1.0000308635843014,1.0,0.0004741360182968962,0,0.8288666261360049
folds_T4_d100,Folding: 4 layers,Tied,folds,4,21345,0.2,100,1000,2000,101001,l2,1.0,cv,0.2381538124463001,5,0.08171270981561668,1000,975,998.366,1000,9.525793444156804,1.0,0.04204303917317082,0.042116368370595195,orthogonal,Orthogonal MLP,1.0,200.0,100801,0.9980198215859248,3.0,0.05030720994494961,6.85978794638575e-12,0.042587794001965225,1.1944811932092676,0.9999990279198504,0.09648703177412045,1001,90.69547618506476
folds_T4_d100,Folding: 4 layers,Tied,folds,4,21345,0.2,100,1000,2000,101001,l2,1.0,cv,0.2381538124463001,5,0.08171270981561668,1000,975,998.366,1000,9.525793444156804,1.0,0.04204303917317082,0.042116368370595195,spectral,Spectral MLP,1.0,200.0,100801,0.9980198215859248,3.0,0.051428365783332965,4.585789760720278e-05,0.042192691901773556,1.2211016232643463,0.9999989692607041,0.10698267946811023,1001,13.207859200891107
folds_T4_d100,Folding: 4 layers,Tied,folds,4,21345,0.2,100,1000,2000,101001,l2,1.0,cv,0.2381538124463001,5,0.08171270981561668,1000,975,998.366,1000,9.525793444156804,1.0,0.04204303917317082,0.042116368370595195,unconstrained,ReLU MLP,1.0,200.0,100801,0.9980198215859248,3.0,0.06408782011147933,1.0685824142250361e-13,0.042588031373987034,1.5216843852145656,5.5370013250581565,0.1586286534697706,1001,10.698234135983512
folds_T4_d100,Folding: 4 layers,Tied,folds,4,22345,0.2,100,1000,2000,101001,l2,1.0,cv,0.2656414545619247,5,0.07943201001346423,1000,960,998.234,1000,9.525793444156804,1.0,0.04040414216418236,0.04048988317878274,constant,Training-mean constant,,,1,9.900892070375541e-06,,0.04048988317878274,0.0790597768812548,0.03716294593489785,1.0,0.0,0.0,0,0.0
folds_T4_d100,Folding: 4 layers,Tied,folds,4,22345,0.2,100,1000,2000,101001,l2,1.0,cv,0.2656414545619247,5,0.07943201001346423,1000,960,998.234,1000,9.525793444156804,1.0,0.04040414216418236,0.04048988317878274,formula,Formula,1.0,,101001,1.0,,0.040492094719106204,0.07906517429514898,0.03716036101725321,1.0000546195777769,1.0,0.00024258545749452306,0,0.8892227550968528
folds_T4_d100,Folding: 4 layers,Tied,folds,4,22345,0.2,100,1000,2000,101001,l2,1.0,cv,0.2656414545619247,5,0.07943201001346423,1000,960,998.234,1000,9.525793444156804,1.0,0.04040414216418236,0.04048988317878274,orthogonal,Orthogonal MLP,1.0,200.0,100801,0.9980198215859248,3.0,0.054119058933246235,1.2482922100137258e-10,0.0401648861280334,1.3366069418942006,0.9999989808174161,0.10535279462544903,1001,90.8884553280659
folds_T4_d100,Folding: 4 layers,Tied,folds,4,22345,0.2,100,1000,2000,101001,l2,1.0,cv,0.2656414545619247,5,0.07943201001346423,1000,960,998.234,1000,9.525793444156804,1.0,0.04040414216418236,0.04048988317878274,spectral,Spectral MLP,1.0,200.0,100801,0.9980198215859248,3.0,0.05682047506124195,4.328275490280817e-10,0.040165290274749424,1.4033252407854973,0.9999989984538323,0.1078793882651895,1001,12.930560952983797
folds_T4_d100,Folding: 4 layers,Tied,folds,4,22345,0.2,100,1000,2000,101001,l2,1.0,cv,0.2656414545619247,5,0.07943201001346423,1000,960,998.234,1000,9.525793444156804,1.0,0.04040414216418236,0.04048988317878274,unconstrained,ReLU MLP,1.0,200.0,100801,0.9980198215859248,3.0,0.06136790688735665,1.2885794018565114e-15,0.040164906420184096,1.515635562996988,4.894785498086315,0.1203006971902532,1001,10.41555307409726
folds_T4_d100,Folding: 4 layers,Tied,folds,4,23345,0.2,100,1000,2000,101001,l2,1.0,cv,0.2148607263435949,5,0.07385746538069972,1000,441,834.176,995,8.618575020903775,1.0,0.04375418436057074,0.0437547228334447,constant,Training-mean constant,,,1,9.900892070375541e-06,,0.0437547228334447,0.07373105498956418,0.03827075801314918,1.0,0.0,0.0,0,0.0
folds_T4_d100,Folding: 4 layers,Tied,folds,4,23345,0.2,100,1000,2000,101001,l2,1.0,cv,0.2148607263435949,5,0.07385746538069972,1000,441,834.176,995,8.618575020903775,1.0,0.04375418436057074,0.0437547228334447,formula,Formula,1.0,,101001,1.0,,0.04376172609832793,0.0737163156202729,0.03834173520907557,1.0001600573476352,1.0,0.0025329787415166393,0,0.8315557858441025
folds_T4_d100,Folding: 4 layers,Tied,folds,4,23345,0.2,100,1000,2000,101001,l2,1.0,cv,0.2148607263435949,5,0.07385746538069972,1000,441,834.176,995,8.618575020903775,1.0,0.04375418436057074,0.0437547228334447,orthogonal,Orthogonal MLP,1.0,200.0,100801,0.9980198215859248,3.0,0.05353594456250605,3.9342958562200434e-13,0.03616855464435178,1.2235466504106136,0.999999009225527,0.08821022420502936,1001,91.74091157899238
folds_T4_d100,Folding: 4 layers,Tied,folds,4,23345,0.2,100,1000,2000,101001,l2,1.0,cv,0.2148607263435949,5,0.07385746538069972,1000,441,834.176,995,8.618575020903775,1.0,0.04375418436057074,0.0437547228334447,spectral,Spectral MLP,1.0,200.0,100801,0.9980198215859248,3.0,0.05992591655689801,1.7877641852351413e-06,0.03595523536048519,1.369587387972038,0.999998986359921,0.11664986545006882,1001,13.173266411060467
folds_T4_d100,Folding: 4 layers,Tied,folds,4,23345,0.2,100,1000,2000,101001,l2,1.0,cv,0.2148607263435949,5,0.07385746538069972,1000,441,834.176,995,8.618575020903775,1.0,0.04375418436057074,0.0437547228334447,unconstrained,ReLU MLP,1.0,200.0,100801,0.9980198215859248,3.0,0.06336412952925642,9.495522915435211e-16,0.03616871691730778,1.4481666303876783,4.879195586759568,0.13316932044300087,1001,10.483647297136486
folds_T4_d100,Folding: 4 layers,Tied,folds,4,24345,0.2,100,1000,2000,101001,l2,1.0,cv,0.21410525695673024,5,0.08450473400382125,1000,847,987.424,1000,9.22338730307246,1.0,0.04022949367291127,0.04029229943412315,constant,Training-mean constant,,,1,9.900892070375541e-06,,0.04029229943412315,0.08434864828925064,0.04154761279213246,1.0,0.0,0.0,0,0.0
folds_T4_d100,Folding: 4 layers,Tied,folds,4,24345,0.2,100,1000,2000,101001,l2,1.0,cv,0.21410525695673024,5,0.08450473400382125,1000,847,987.424,1000,9.22338730307246,1.0,0.04022949367291127,0.04029229943412315,formula,Formula,1.0,,101001,1.0,,0.040292766292279,0.08449117669036425,0.04168052343732604,1.0000115867836388,1.0,0.0014667448410040282,0,0.8869605830404907
folds_T4_d100,Folding: 4 layers,Tied,folds,4,24345,0.2,100,1000,2000,101001,l2,1.0,cv,0.21410525695673024,5,0.08450473400382125,1000,847,987.424,1000,9.22338730307246,1.0,0.04022949367291127,0.04029229943412315,orthogonal,Orthogonal MLP,1.0,200.0,100801,0.9980198215859248,3.0,0.051867913217804706,8.160916452164421e-12,0.04092297498773998,1.2872909698938224,0.9999990216135953,0.12009483674197585,1001,90.49714000010863
folds_T4_d100,Folding: 4 layers,Tied,folds,4,24345,0.2,100,1000,2000,101001,l2,1.0,cv,0.21410525695673024,5,0.08450473400382125,1000,847,987.424,1000,9.22338730307246,1.0,0.04022949367291127,0.04029229943412315,spectral,Spectral MLP,1.0,200.0,100801,0.9980198215859248,3.0,0.053416162859272635,4.457196766346615e-05,0.04059135239606083,1.3257164175156262,0.9999989466192589,0.1277381356785224,1001,12.796859257854521
folds_T4_d100,Folding: 4 layers,Tied,folds,4,24345,0.2,100,1000,2000,101001,l2,1.0,cv,0.21410525695673024,5,0.08450473400382125,1000,847,987.424,1000,9.22338730307246,1.0,0.04022949367291127,0.04029229943412315,unconstrained,ReLU MLP,1.0,200.0,100801,0.9980198215859248,3.0,0.06046879979224998,5.1855283712192594e-15,0.04092314919856985,1.5007532615783041,5.201733062614824,0.15401424724880963,1001,10.709189005894586
folds_T4_d100,Folding: 4 layers,Tied,folds,4,25345,0.2,100,1000,2000,101001,l2,1.0,cv,0.28465392625337077,5,0.08304871040951749,1000,444,843.212,995,8.618575020903775,1.0,0.039187036046721274,0.039205842364545246,constant,Training-mean constant,,,1,9.900892070375541e-06,,0.039205842364545246,0.0827247248114927,0.04058835980292742,1.0,0.0,0.0,0,0.0
folds_T4_d100,Folding: 4 layers,Tied,folds,4,25345,0.2,100,1000,2000,101001,l2,1.0,cv,0.28465392625337077,5,0.08304871040951749,1000,444,843.212,995,8.618575020903775,1.0,0.039187036046721274,0.039205842364545246,formula,Formula,1.0,,101001,1.0,,0.0392007530205599,0.08273871446134465,0.04065559320454571,0.9998701891432908,1.0,0.0035520302763530054,0,0.9042623259592801
folds_T4_d100,Folding: 4 layers,Tied,folds,4,25345,0.2,100,1000,2000,101001,l2,1.0,cv,0.28465392625337077,5,0.08304871040951749,1000,444,843.212,995,8.618575020903775,1.0,0.039187036046721274,0.039205842364545246,orthogonal,Orthogonal MLP,1.0,200.0,100801,0.9980198215859248,3.0,0.053327834810807315,8.021602963224077e-06,0.04133113243570186,1.3602012249845934,0.9999989807406765,0.11637651866429358,1001,91.19633693806827
folds_T4_d100,Folding: 4 layers,Tied,folds,4,25345,0.2,100,1000,2000,101001,l2,1.0,cv,0.28465392625337077,5,0.08304871040951749,1000,444,843.212,995,8.618575020903775,1.0,0.039187036046721274,0.039205842364545246,spectral,Spectral MLP,1.0,200.0,100801,0.9980198215859248,3.0,0.060831956336432666,1.7967682883370458e-10,0.04137995953908512,1.5516043698488269,0.9999989723743087,0.12169359926840825,1001,13.293923075078055
folds_T4_d100,Folding: 4 layers,Tied,folds,4,25345,0.2,100,1000,2000,101001,l2,1.0,cv,0.28465392625337077,5,0.08304871040951749,1000,444,843.212,995,8.618575020903775,1.0,0.039187036046721274,0.039205842364545246,unconstrained,ReLU MLP,1.0,200.0,100801,0.9980198215859248,3.0,0.06894590562271335,3.452094572994537e-15,0.04138064012760004,1.7585620270988678,5.018393017431289,0.14725246609545503,1001,10.710449060192332
folds_T4_d100,Folding: 4 layers,Tied,folds,4,26345,0.2,100,1000,2000,101001,l2,1.0,cv,0.23096247015969693,5,0.08076187595453407,1000,79,378.286,824,8.013762738735089,1.0,0.0380622008599357,0.038211597571110215,constant,Training-mean constant,,,1,9.900892070375541e-06,,0.038211597571110215,0.08072262038042749,0.04150284798147275,1.0,0.0,0.0,0,0.0
folds_T4_d100,Folding: 4 layers,Tied,folds,4,26345,0.2,100,1000,2000,101001,l2,1.0,cv,0.23096247015969693,5,0.08076187595453407,1000,79,378.286,824,8.013762738735089,1.0,0.0380622008599357,0.038211597571110215,formula,Formula,1.0,,101001,1.0,,0.03827610165203777,0.08001044101298808,0.04119660978538943,1.0016880760038236,1.0,0.00912155063283423,0,0.8995608710683882
folds_T4_d100,Folding: 4 layers,Tied,folds,4,26345,0.2,100,1000,2000,101001,l2,1.0,cv,0.23096247015969693,5,0.08076187595453407,1000,79,378.286,824,8.013762738735089,1.0,0.0380622008599357,0.038211597571110215,orthogonal,Orthogonal MLP,1.0,200.0,100801,0.9980198215859248,3.0,0.052657446274183554,5.529770502565529e-12,0.03926290968713692,1.378048802492233,0.9999989748736673,0.08866262744543131,1001,90.69010398490354
folds_T4_d100,Folding: 4 layers,Tied,folds,4,26345,0.2,100,1000,2000,101001,l2,1.0,cv,0.23096247015969693,5,0.08076187595453407,1000,79,378.286,824,8.013762738735089,1.0,0.0380622008599357,0.038211597571110215,spectral,Spectral MLP,1.0,200.0,100801,0.9980198215859248,3.0,0.055573960498327746,8.384538978154047e-07,0.03903016601946103,1.4543741699076278,0.9999989583347262,0.11214342359701478,1001,12.804748022928834
folds_T4_d100,Folding: 4 layers,Tied,folds,4,26345,0.2,100,1000,2000,101001,l2,1.0,cv,0.23096247015969693,5,0.08076187595453407,1000,79,378.286,824,8.013762738735089,1.0,0.0380622008599357,0.038211597571110215,unconstrained,ReLU MLP,1.0,200.0,100801,0.9980198215859248,3.0,0.06373925841502881,1.617739702213999e-15,0.039263155098805846,1.6680605488009934,5.196568973779306,0.12288588549410744,1001,10.31613697600551
folds_T4_d100,Folding: 4 layers,Tied,folds,4,27345,0.2,100,1000,2000,101001,l2,1.0,cv,0.2071897002483575,5,0.07844018716370292,1000,20,181.2,622,7.711356597650745,1.0,0.03774758909857586,0.037775279327999414,constant,Training-mean constant,,,1,9.900892070375541e-06,,0.037775279327999414,0.0788250047668156,0.03959218982148167,1.0,0.0,0.0,0,0.0
folds_T4_d100,Folding: 4 layers,Tied,folds,4,27345,0.2,100,1000,2000,101001,l2,1.0,cv,0.2071897002483575,5,0.07844018716370292,1000,20,181.2,622,7.711356597650745,1.0,0.03774758909857586,0.037775279327999414,formula,Formula,1.0,,101001,1.0,,0.037979373707266076,0.07692150881210781,0.03849941933748451,1.0054028555949124,1.0,0.020117632050318794,0,0.886843569111079
folds_T4_d100,Folding: 4 layers,Tied,folds,4,27345,0.2,100,1000,2000,101001,l2,1.0,cv,0.2071897002483575,5,0.07844018716370292,1000,20,181.2,622,7.711356597650745,1.0,0.03774758909857586,0.037775279327999414,orthogonal,Orthogonal MLP,1.0,200.0,100801,0.9980198215859248,3.0,0.05145789837759221,1.2746770239423079e-12,0.038151053274500385,1.3622109298196798,0.9999989873664847,0.1139698050835422,1001,91.0819671601057
folds_T4_d100,Folding: 4 layers,Tied,folds,4,27345,0.2,100,1000,2000,101001,l2,1.0,cv,0.2071897002483575,5,0.07844018716370292,1000,20,181.2,622,7.711356597650745,1.0,0.03774758909857586,0.037775279327999414,spectral,Spectral MLP,1.0,200.0,100801,0.9980198215859248,3.0,0.05752060100172764,7.18664539135869e-12,0.03815113688733271,1.5227048489114097,0.9999989888460076,0.1324910238345903,1001,13.224671610165387
folds_T4_d100,Folding: 4 layers,Tied,folds,4,27345,0.2,100,1000,2000,101001,l2,1.0,cv,0.2071897002483575,5,0.07844018716370292,1000,20,181.2,622,7.711356597650745,1.0,0.03774758909857586,0.037775279327999414,unconstrained,ReLU MLP,1.0,200.0,100801,0.9980198215859248,3.0,0.0666501427825294,5.6156672073608585e-15,0.038151229426021546,1.7643851738014191,5.120477152330136,0.15704924290162792,1001,10.734248105902225
folds_T4_d100,Folding: 4 layers,Tied,folds,4,28345,0.2,100,1000,2000,101001,l2,1.0,cv,0.2375185293890147,5,0.08318878970615627,1000,415,835.658,996,8.618575020903775,1.0,0.043498527764963706,0.04350529616669874,constant,Training-mean constant,,,1,9.900892070375541e-06,,0.04350529616669874,0.08278931505816041,0.040912577411565995,1.0,0.0,0.0,0,0.0
folds_T4_d100,Folding: 4 layers,Tied,folds,4,28345,0.2,100,1000,2000,101001,l2,1.0,cv,0.2375185293890147,5,0.08318878970615627,1000,415,835.658,996,8.618575020903775,1.0,0.043498527764963706,0.04350529616669874,formula,Formula,1.0,,101001,1.0,,0.04356292697982874,0.082970029381564,0.041052419177980394,1.0013246849971824,1.0,0.0037574233059636305,0,0.8863615510053933
folds_T4_d100,Folding: 4 layers,Tied,folds,4,28345,0.2,100,1000,2000,101001,l2,1.0,cv,0.2375185293890147,5,0.08318878970615627,1000,415,835.658,996,8.618575020903775,1.0,0.043498527764963706,0.04350529616669874,orthogonal,Orthogonal MLP,1.0,200.0,100801,0.9980198215859248,3.0,0.05603610100639702,5.784281439777445e-13,0.041601292153609186,1.2880294112166055,0.9999989829525054,0.0836416543924026,1001,90.99416946992278
folds_T4_d100,Folding: 4 layers,Tied,folds,4,28345,0.2,100,1000,2000,101001,l2,1.0,cv,0.2375185293890147,5,0.08318878970615627,1000,415,835.658,996,8.618575020903775,1.0,0.043498527764963706,0.04350529616669874,spectral,Spectral MLP,1.0,200.0,100801,0.9980198215859248,3.0,0.061647940504403885,1.9501275344789787e-07,0.04151437019976473,1.4170215108567055,0.9999989756892732,0.11639433209437276,1001,13.014241053024307
folds_T4_d100,Folding: 4 layers,Tied,folds,4,28345,0.2,100,1000,2000,101001,l2,1.0,cv,0.2375185293890147,5,0.08318878970615627,1000,415,835.658,996,8.618575020903775,1.0,0.043498527764963706,0.04350529616669874,unconstrained,ReLU MLP,1.0,200.0,100801,0.9980198215859248,3.0,0.06566917695742697,1.3399450652469735e-15,0.04160148323859019,1.5094524746091407,4.476560925110584,0.12522527993570884,1001,10.604921170976013
folds_T4_d100,Folding: 4 layers,Tied,folds,4,29345,0.2,100,1000,2000,101001,l2,1.0,cv,0.28310278473085154,5,0.08346801531580972,1000,642,941.832,1000,8.920981161988117,1.0,0.043184895868919604,0.04319156434534986,constant,Training-mean constant,,,1,9.900892070375541e-06,,0.04319156434534986,0.08332627275038154,0.04407115498735463,1.0,0.0,0.0,0,0.0
folds_T4_d100,Folding: 4 layers,Tied,folds,4,29345,0.2,100,1000,2000,101001,l2,1.0,cv,0.28310278473085154,5,0.08346801531580972,1000,642,941.832,1000,8.920981161988117,1.0,0.043184895868919604,0.04319156434534986,formula,Formula,1.0,,101001,1.0,,0.04313965491003256,0.08350798788737938,0.04420627950727541,0.9987981580175647,1.0,0.00171488583996841,0,0.8905914640054107
folds_T4_d100,Folding: 4 layers,Tied,folds,4,29345,0.2,100,1000,2000,101001,l2,1.0,cv,0.28310278473085154,5,0.08346801531580972,1000,642,941.832,1000,8.920981161988117,1.0,0.043184895868919604,0.04319156434534986,orthogonal,Orthogonal MLP,1.0,200.0,100801,0.9980198215859248,3.0,0.05228528465823351,9.39854413004863e-13,0.040130902830451044,1.2105438978818257,0.9999989697905302,0.0819791353286531,1001,91.10816690395586
folds_T4_d100,Folding: 4 layers,Tied,folds,4,29345,0.2,100,1000,2000,101001,l2,1.0,cv,0.28310278473085154,5,0.08346801531580972,1000,642,941.832,1000,8.920981161988117,1.0,0.043184895868919604,0.04319156434534986,spectral,Spectral MLP,1.0,200.0,100801,0.9980198215859248,3.0,0.05886307123786091,4.5404683862359734e-07,0.040081332338164626,1.3628372143968963,0.9999990075850265,0.11389191024604237,1001,13.2884974880144
folds_T4_d100,Folding: 4 layers,Tied,folds,4,29345,0.2,100,1000,2000,101001,l2,1.0,cv,0.28310278473085154,5,0.08346801531580972,1000,642,941.832,1000,8.920981161988117,1.0,0.043184895868919604,0.04319156434534986,unconstrained,ReLU MLP,1.0,200.0,100801,0.9980198215859248,3.0,0.06994494082849409,2.3278549560588273e-15,0.040131093956109795,1.6194120747567824,6.741837458343269,0.14080510761449447,1001,10.664262787206098
folds_T4_d100,Folding: 4 layers,Tied,folds,4,30345,0.2,100,1000,2000,101001,l2,1.0,cv,0.2145342737484601,5,0.08236877956538981,1000,196,630.8,942,8.316168879819433,1.0,0.040263528896953615,0.0402962281759645,constant,Training-mean constant,,,1,9.900892070375541e-06,,0.0402962281759645,0.08246299570962339,0.03847753635680212,1.0,0.0,0.0,0,0.0
folds_T4_d100,Folding: 4 layers,Tied,folds,4,30345,0.2,100,1000,2000,101001,l2,1.0,cv,0.2145342737484601,5,0.08236877956538981,1000,196,630.8,942,8.316168879819433,1.0,0.040263528896953615,0.0402962281759645,formula,Formula,1.0,,101001,1.0,,0.04023399841672129,0.08231082967187325,0.038374212576657726,0.9984556927022681,1.0,0.004651140987286901,0,0.9940607089083642
folds_T4_d100,Folding: 4 layers,Tied,folds,4,30345,0.2,100,1000,2000,101001,l2,1.0,cv,0.2145342737484601,5,0.08236877956538981,1000,196,630.8,942,8.316168879819433,1.0,0.040263528896953615,0.0402962281759645,orthogonal,Orthogonal MLP,1.0,200.0,100801,0.9980198215859248,3.0,0.053664587661989976,1.9380202017444035e-12,0.04355807516141875,1.331752128949858,0.9999990067287208,0.09204937540767287,1001,90.91251256898977
folds_T4_d100,Folding: 4 layers,Tied,folds,4,30345,0.2,100,1000,2000,101001,l2,1.0,cv,0.2145342737484601,5,0.08236877956538981,1000,196,630.8,942,8.316168879819433,1.0,0.040263528896953615,0.0402962281759645,spectral,Spectral MLP,1.0,200.0,100801,0.9980198215859248,3.0,0.05914241023249582,4.443901740697421e-07,0.04350024874664324,1.4676909703368342,0.9999990140548679,0.12038657750008855,1001,13.19378028693609
folds_T4_d100,Folding: 4 layers,Tied,folds,4,30345,0.2,100,1000,2000,101001,l2,1.0,cv,0.2145342737484601,5,0.08236877956538981,1000,196,630.8,942,8.316168879819433,1.0,0.040263528896953615,0.0402962281759645,unconstrained,ReLU MLP,1.0,200.0,100801,0.9980198215859248,3.0,0.06990074488876483,9.676392916355253e-05,0.04442944607164019,1.7346721530244493,5.386102667979961,0.14278372041312845,1001,10.795632161898538
folds_T4_d100,Folding: 4 layers,Tied,folds,4,31345,0.2,100,1000,2000,101001,l2,1.0,cv,0.2236298304443584,5,0.07877170059521316,1000,145,626.418,967,8.316168879819433,1.0,0.038353889582486304,0.03849682598791386,constant,Training-mean constant,,,1,9.900892070375541e-06,,0.03849682598791386,0.07869791395207806,0.0384892167778446,1.0,0.0,0.0,0,0.0
folds_T4_d100,Folding: 4 layers,Tied,folds,4,31345,0.2,100,1000,2000,101001,l2,1.0,cv,0.2236298304443584,5,0.07877170059521316,1000,145,626.418,967,8.316168879819433,1.0,0.038353889582486304,0.03849682598791386,formula,Formula,1.0,,101001,1.0,,0.03845726134334556,0.0786290641912575,0.03840758477588795,0.9989722621656985,1.0,0.004587525048987026,0,0.8884262850042433
folds_T4_d100,Folding: 4 layers,Tied,folds,4,31345,0.2,100,1000,2000,101001,l2,1.0,cv,0.2236298304443584,5,0.07877170059521316,1000,145,626.418,967,8.316168879819433,1.0,0.038353889582486304,0.03849682598791386,orthogonal,Orthogonal MLP,1.0,200.0,100801,0.9980198215859248,3.0,0.05311370268799482,3.08685074882483e-12,0.03944164474679304,1.3796904374576218,0.9999989718111152,0.10221576436828149,1001,91.10736434906721
folds_T4_d100,Folding: 4 layers,Tied,folds,4,31345,0.2,100,1000,2000,101001,l2,1.0,cv,0.2236298304443584,5,0.07877170059521316,1000,145,626.418,967,8.316168879819433,1.0,0.038353889582486304,0.03849682598791386,spectral,Spectral MLP,1.0,200.0,100801,0.9980198215859248,3.0,0.058093304881572105,2.8041540221114014e-06,0.039357049981722625,1.5090414181109526,0.9999989727952928,0.11944099197743809,1001,13.04010864906013
folds_T4_d100,Folding: 4 layers,Tied,folds,4,31345,0.2,100,1000,2000,101001,l2,1.0,cv,0.2236298304443584,5,0.07877170059521316,1000,145,626.418,967,8.316168879819433,1.0,0.038353889582486304,0.03849682598791386,unconstrained,ReLU MLP,1.0,200.0,100801,0.9980198215859248,3.0,0.06394771945911279,2.209370566563282e-14,0.03944181606955162,1.6611166717793637,4.9936933277133,0.15458939679461656,1001,10.613764989189804
folds_T4_d100,Folding: 4 layers,Tied,folds,4,32345,0.2,100,1000,2000,101001,l2,1.0,cv,0.24801319944792202,5,0.08210633208156011,1000,991,999.82,1000,9.828199585241146,1.0,0.035263573935172536,0.03526998952824963,constant,Training-mean constant,,,1,9.900892070375541e-06,,0.03526998952824963,0.08184984430581026,0.03675804634614264,1.0,0.0,0.0,0,0.0
folds_T4_d100,Folding: 4 layers,Tied,folds,4,32345,0.2,100,1000,2000,101001,l2,1.0,cv,0.24801319944792202,5,0.08210633208156011,1000,991,999.82,1000,9.828199585241146,1.0,0.035263573935172536,0.03526998952824963,formula,Formula,1.0,,101001,1.0,,0.035270639226945365,0.08184841436458817,0.036757929332783365,1.0000184207226717,1.0,9.916661253394223e-05,0,0.8976126010529697
folds_T4_d100,Folding: 4 layers,Tied,folds,4,32345,0.2,100,1000,2000,101001,l2,1.0,cv,0.24801319944792202,5,0.08210633208156011,1000,991,999.82,1000,9.828199585241146,1.0,0.035263573935172536,0.03526998952824963,orthogonal,Orthogonal MLP,1.0,200.0,100801,0.9980198215859248,3.0,0.04551480704615421,4.674148707876626e-12,0.04207510277176599,1.290468402597595,0.9999990234790876,0.09025856888719544,1001,91.31649623578414
folds_T4_d100,Folding: 4 layers,Tied,folds,4,32345,0.2,100,1000,2000,101001,l2,1.0,cv,0.24801319944792202,5,0.08210633208156011,1000,991,999.82,1000,9.828199585241146,1.0,0.035263573935172536,0.03526998952824963,spectral,Spectral MLP,1.0,200.0,100801,0.9980198215859248,3.0,0.04722405800194877,4.785992888627351e-06,0.041955189924800025,1.3389303096935845,0.9999989321917591,0.1177564895744532,1001,13.032650462118909
folds_T4_d100,Folding: 4 layers,Tied,folds,4,32345,0.2,100,1000,2000,101001,l2,1.0,cv,0.24801319944792202,5,0.08210633208156011,1000,991,999.82,1000,9.828199585241146,1.0,0.035263573935172536,0.03526998952824963,unconstrained,ReLU MLP,1.0,200.0,100801,0.9980198215859248,3.0,0.0576395424313984,9.58020951305863e-06,0.04228265273021185,1.6342375827821494,5.238509975053128,0.13854007365260843,1001,10.829776128055528
folds_T4_d100,Folding: 4 layers,Tied,folds,4,33345,0.2,100,1000,2000,101001,l2,1.0,cv,0.2395813721274028,5,0.07868160772813615,1000,999,999.998,1000,10.433011867409832,1.0,0.03912611012385264,0.03912732134934138,constant,Training-mean constant,,,1,9.900892070375541e-06,,0.03912732134934138,0.07843428776805621,0.03737755900531565,1.0,0.0,0.0,0,0.0
folds_T4_d100,Folding: 4 layers,Tied,folds,4,33345,0.2,100,1000,2000,101001,l2,1.0,cv,0.2395813721274028,5,0.07868160772813615,1000,999,999.998,1000,10.433011867409832,1.0,0.03912611012385264,0.03912732134934138,formula,Formula,1.0,,101001,1.0,,0.03912736817205523,0.07843474241671465,0.03737777003981826,1.000001196675679,1.0,8.100389967100085e-05,0,0.8939039080869406
folds_T4_d100,Folding: 4 layers,Tied,folds,4,33345,0.2,100,1000,2000,101001,l2,1.0,cv,0.2395813721274028,5,0.07868160772813615,1000,999,999.998,1000,10.433011867409832,1.0,0.03912611012385264,0.03912732134934138,orthogonal,Orthogonal MLP,1.0,200.0,100801,0.9980198215859248,3.0,0.04897032440196286,4.0179028619211554e-12,0.03813936401338334,1.2515634271188658,0.999998975379865,0.08920584389656226,1001,92.10579436598346
folds_T4_d100,Folding: 4 layers,Tied,folds,4,33345,0.2,100,1000,2000,101001,l2,1.0,cv,0.2395813721274028,5,0.07868160772813615,1000,999,999.998,1000,10.433011867409832,1.0,0.03912611012385264,0.03912732134934138,spectral,Spectral MLP,1.0,200.0,100801,0.9980198215859248,3.0,0.05508487563426503,6.734024469807006e-05,0.037706328721193665,1.4078366147901984,0.9999989508275997,0.13727068376348955,1001,13.417297089006752
folds_T4_d100,Folding: 4 layers,Tied,folds,4,33345,0.2,100,1000,2000,101001,l2,1.0,cv,0.2395813721274028,5,0.07868160772813615,1000,999,999.998,1000,10.433011867409832,1.0,0.03912611012385264,0.03912732134934138,unconstrained,ReLU MLP,1.0,200.0,100801,0.9980198215859248,3.0,0.06456617648646691,1.711884475539542e-05,0.03839182763767507,1.6501558057092434,5.424625985559543,0.14005815721037024,1001,10.696955649880692
folds_T4_d100,Folding: 4 layers,Tied,folds,4,34345,0.2,100,1000,2000,101001,l2,1.0,cv,0.23273344157417183,5,0.0803635248690338,1000,990,999.804,1000,9.828199585241146,1.0,0.039393211361979326,0.03941163438043931,constant,Training-mean constant,,,1,9.900892070375541e-06,,0.03941163438043931,0.08026307313157895,0.04079898558929839,1.0,0.0,0.0,0,0.0
folds_T4_d100,Folding: 4 layers,Tied,folds,4,34345,0.2,100,1000,2000,101001,l2,1.0,cv,0.23273344157417183,5,0.0803635248690338,1000,990,999.804,1000,9.828199585241146,1.0,0.039393211361979326,0.03941163438043931,formula,Formula,1.0,,101001,1.0,,0.039412763428355244,0.08026341467860422,0.04079999153136752,1.0000286475791649,1.0,0.0001280792455650031,0,0.9010053989477456
folds_T4_d100,Folding: 4 layers,Tied,folds,4,34345,0.2,100,1000,2000,101001,l2,1.0,cv,0.23273344157417183,5,0.0803635248690338,1000,990,999.804,1000,9.828199585241146,1.0,0.039393211361979326,0.03941163438043931,orthogonal,Orthogonal MLP,1.0,200.0,100801,0.9980198215859248,3.0,0.04940920570755062,3.200741455302141e-12,0.038570128827401365,1.253670559069057,0.9999989988905844,0.09353789275262649,1001,91.68093606014736
folds_T4_d100,Folding: 4 layers,Tied,folds,4,34345,0.2,100,1000,2000,101001,l2,1.0,cv,0.23273344157417183,5,0.0803635248690338,1000,990,999.804,1000,9.828199585241146,1.0,0.039393211361979326,0.03941163438043931,spectral,Spectral MLP,1.0,200.0,100801,0.9980198215859248,3.0,0.05350188788326942,3.31460381503413e-06,0.03844293084385872,1.357515077066262,0.9999990273276375,0.12752744038300476,1001,13.415065660141408
folds_T4_d100,Folding: 4 layers,Tied,folds,4,34345,0.2,100,1000,2000,101001,l2,1.0,cv,0.23273344157417183,5,0.0803635248690338,1000,990,999.804,1000,9.828199585241146,1.0,0.039393211361979326,0.03941163438043931,unconstrained,ReLU MLP,1.0,200.0,100801,0.9980198215859248,3.0,0.06281326589004901,9.631782016443992e-15,0.03857030435016045,1.5937747032694574,5.275171499110809,0.12888353755582949,1001,10.94577479804866
folds_T4_d100,Folding: 4 layers,Tied,folds,4,35345,0.2,100,1000,2000,101001,l2,1.0,cv,0.23360430561490286,5,0.07962367160637918,1000,993,999.812,1000,9.828199585241146,1.0,0.03933372575062921,0.03939023392690082,constant,Training-mean constant,,,1,9.900892070375541e-06,,0.03939023392690082,0.0794613879365323,0.03720769104553716,1.0,0.0,0.0,0,0.0
folds_T4_d100,Folding: 4 layers,Tied,folds,4,35345,0.2,100,1000,2000,101001,l2,1.0,cv,0.23360430561490286,5,0.07962367160637918,1000,993,999.812,1000,9.828199585241146,1.0,0.03933372575062921,0.03939023392690082,formula,Formula,1.0,,101001,1.0,,0.03939016377243686,0.0794618708018783,0.0372078895936752,0.9999982189883898,1.0,0.00016778904825443853,0,0.8907275279052556
folds_T4_d100,Folding: 4 layers,Tied,folds,4,35345,0.2,100,1000,2000,101001,l2,1.0,cv,0.23360430561490286,5,0.07962367160637918,1000,993,999.812,1000,9.828199585241146,1.0,0.03933372575062921,0.03939023392690082,orthogonal,Orthogonal MLP,1.0,200.0,100801,0.9980198215859248,3.0,0.05044595177454421,3.193702377639741e-12,0.03896483958464614,1.2806715458496707,0.9999990106717987,0.09859199625663011,1001,91.10821384494193
folds_T4_d100,Folding: 4 layers,Tied,folds,4,35345,0.2,100,1000,2000,101001,l2,1.0,cv,0.23360430561490286,5,0.07962367160637918,1000,993,999.812,1000,9.828199585241146,1.0,0.03933372575062921,0.03939023392690082,spectral,Spectral MLP,1.0,200.0,100801,0.9980198215859248,3.0,0.05569912962205546,3.4397512054404225e-05,0.03864698623686471,1.41403398937463,0.9999989930739792,0.12347024010210002,1001,13.509920593118295
folds_T4_d100,Folding: 4 layers,Tied,folds,4,35345,0.2,100,1000,2000,101001,l2,1.0,cv,0.23360430561490286,5,0.07962367160637918,1000,993,999.812,1000,9.828199585241146,1.0,0.03933372575062921,0.03939023392690082,unconstrained,ReLU MLP,1.0,200.0,100801,0.9980198215859248,3.0,0.06043764714524708,2.474190373947437e-15,0.038965002972964825,1.534330749530592,6.11578575308742,0.14220176264851284,1001,10.999528177082539
folds_T4_d100,Folding: 4 layers,Tied,folds,4,36345,0.2,100,1000,2000,101001,l2,1.0,cv,0.23686605555990037,5,0.08461196679454307,1000,597,940.21,1000,8.920981161988117,1.0,0.04460269720974728,0.04463552536042675,constant,Training-mean constant,,,1,9.900892070375541e-06,,0.04463552536042675,0.08446340641870208,0.03952809284886908,1.0,0.0,0.0,0,0.0
folds_T4_d100,Folding: 4 layers,Tied,folds,4,36345,0.2,100,1000,2000,101001,l2,1.0,cv,0.23686605555990037,5,0.08461196679454307,1000,597,940.21,1000,8.920981161988117,1.0,0.04460269720974728,0.04463552536042675,formula,Formula,1.0,,101001,1.0,,0.04464562124275176,0.0845332347719536,0.03959029259384496,1.0002261849108638,1.0,0.0017194518848356278,0,0.9175012349151075
folds_T4_d100,Folding: 4 layers,Tied,folds,4,36345,0.2,100,1000,2000,101001,l2,1.0,cv,0.23686605555990037,5,0.08461196679454307,1000,597,940.21,1000,8.920981161988117,1.0,0.04460269720974728,0.04463552536042675,orthogonal,Orthogonal MLP,1.0,200.0,100801,0.9980198215859248,3.0,0.05703200788211318,2.885750759211284e-12,0.04194262558417806,1.2777268200964647,0.9999990095711967,0.10937505315435546,1001,90.8221881238278
folds_T4_d100,Folding: 4 layers,Tied,folds,4,36345,0.2,100,1000,2000,101001,l2,1.0,cv,0.23686605555990037,5,0.08461196679454307,1000,597,940.21,1000,8.920981161988117,1.0,0.04460269720974728,0.04463552536042675,spectral,Spectral MLP,1.0,200.0,100801,0.9980198215859248,3.0,0.06166453332360729,4.839064329484918e-05,0.04142168101625146,1.3815124348973882,0.9999988721933343,0.14054299506868367,1001,13.099544636905193
folds_T4_d100,Folding: 4 layers,Tied,folds,4,36345,0.2,100,1000,2000,101001,l2,1.0,cv,0.23686605555990037,5,0.08461196679454307,1000,597,940.21,1000,8.920981161988117,1.0,0.04460269720974728,0.04463552536042675,unconstrained,ReLU MLP,1.0,200.0,100801,0.9980198215859248,3.0,0.06991405195333908,5.530916408024119e-09,0.041948313499855144,1.5663320054775007,5.681773578936976,0.15197163976294317,1001,11.010428477078676
folds_T4_d100,Folding: 4 layers,Tied,folds,4,37345,0.2,100,1000,2000,101001,l2,1.0,cv,0.2264709490626422,5,0.08290083282161113,1000,240,627.688,948,8.316168879819433,1.0,0.04158982249670139,0.041682876327708354,constant,Training-mean constant,,,1,9.900892070375541e-06,,0.041682876327708354,0.08287964468816034,0.03973237700957738,1.0,0.0,0.0,0,0.0
folds_T4_d100,Folding: 4 layers,Tied,folds,4,37345,0.2,100,1000,2000,101001,l2,1.0,cv,0.2264709490626422,5,0.08290083282161113,1000,240,627.688,948,8.316168879819433,1.0,0.04158982249670139,0.041682876327708354,formula,Formula,1.0,,101001,1.0,,0.041854633245020936,0.08299012970729835,0.03981244413386882,1.004120562985199,1.0,0.004441276039352758,0,0.8997486860025674
folds_T4_d100,Folding: 4 layers,Tied,folds,4,37345,0.2,100,1000,2000,101001,l2,1.0,cv,0.2264709490626422,5,0.08290083282161113,1000,240,627.688,948,8.316168879819433,1.0,0.04158982249670139,0.041682876327708354,orthogonal,Orthogonal MLP,1.0,200.0,100801,0.9980198215859248,3.0,0.05230653436974693,1.2786855145028754e-12,0.0411695804703458,1.2548686409861929,0.9999990130156521,0.09003556538340068,1001,92.08717530313879
folds_T4_d100,Folding: 4 layers,Tied,folds,4,37345,0.2,100,1000,2000,101001,l2,1.0,cv,0.2264709490626422,5,0.08290083282161113,1000,240,627.688,948,8.316168879819433,1.0,0.04158982249670139,0.041682876327708354,spectral,Spectral MLP,1.0,200.0,100801,0.9980198215859248,3.0,0.05836015551124056,8.37849390205378e-09,0.04116901945357592,1.4000990491255068,0.9999990162946104,0.11939064789432732,1001,13.30349900899455
folds_T4_d100,Folding: 4 layers,Tied,folds,4,37345,0.2,100,1000,2000,101001,l2,1.0,cv,0.2264709490626422,5,0.08290083282161113,1000,240,627.688,948,8.316168879819433,1.0,0.04158982249670139,0.041682876327708354,unconstrained,ReLU MLP,1.0,200.0,100801,0.9980198215859248,3.0,0.06478961475181856,2.2511579242222227e-10,0.041168829981721736,1.554346063895552,5.802439952449952,0.12872976486167678,1001,10.783933565951884
folds_T4_d100,Folding: 4 layers,Tied,folds,4,38345,0.2,100,1000,2000,101001,l2,1.0,cv,0.2656632271145463,5,0.08021114615455548,1000,198,650.516,950,8.316168879819433,1.0,0.04082609015294352,0.0408451413244795,constant,Training-mean constant,,,1,9.900892070375541e-06,,0.0408451413244795,0.07987268921924638,0.04095279352161896,1.0,0.0,0.0,0,0.0
folds_T4_d100,Folding: 4 layers,Tied,folds,4,38345,0.2,100,1000,2000,101001,l2,1.0,cv,0.2656632271145463,5,0.08021114615455548,1000,198,650.516,950,8.316168879819433,1.0,0.04082609015294352,0.0408451413244795,formula,Formula,1.0,,101001,1.0,,0.04088276844103831,0.07985117701124408,0.04120097429644738,1.0009212140131893,1.0,0.00546668925595639,0,0.8934510198887438
folds_T4_d100,Folding: 4 layers,Tied,folds,4,38345,0.2,100,1000,2000,101001,l2,1.0,cv,0.2656632271145463,5,0.08021114615455548,1000,198,650.516,950,8.316168879819433,1.0,0.04082609015294352,0.0408451413244795,orthogonal,Orthogonal MLP,1.0,200.0,100801,0.9980198215859248,3.0,0.0538810631008096,2.0541524509052275e-12,0.0393574108022929,1.3191547722352315,0.9999990185846743,0.09075611518705526,1001,91.28682390297763
folds_T4_d100,Folding: 4 layers,Tied,folds,4,38345,0.2,100,1000,2000,101001,l2,1.0,cv,0.2656632271145463,5,0.08021114615455548,1000,198,650.516,950,8.316168879819433,1.0,0.04082609015294352,0.0408451413244795,spectral,Spectral MLP,1.0,200.0,100801,0.9980198215859248,3.0,0.05705259362248768,2.243187379192502e-05,0.03905943394168531,1.3968024536689423,0.9999990064902372,0.12857265239652851,1001,13.028853656956926
folds_T4_d100,Folding: 4 layers,Tied,folds,4,38345,0.2,100,1000,2000,101001,l2,1.0,cv,0.2656632271145463,5,0.08021114615455548,1000,198,650.516,950,8.316168879819433,1.0,0.04082609015294352,0.0408451413244795,unconstrained,ReLU MLP,1.0,200.0,100801,0.9980198215859248,3.0,0.06656754936095542,7.575464453926084e-09,0.039355058879876025,1.6297544139248663,6.237819473884911,0.14040825545432492,1001,10.70496968482621
folds_T4_d100,Folding: 4 layers,Tied,folds,4,39345,0.2,100,1000,2000,101001,l2,1.0,cv,0.2232854652739371,5,0.07819368875283529,1000,64,373.226,832,8.013762738735089,1.0,0.042747449345216154,0.042747713000449265,constant,Training-mean constant,,,1,9.900892070375541e-06,,0.042747713000449265,0.07811222685044167,0.03759115844564563,1.0,0.0,0.0,0,0.0
folds_T4_d100,Folding: 4 layers,Tied,folds,4,39345,0.2,100,1000,2000,101001,l2,1.0,cv,0.2232854652739371,5,0.07819368875283529,1000,64,373.226,832,8.013762738735089,1.0,0.042747449345216154,0.042747713000449265,formula,Formula,1.0,,101001,1.0,,0.04291151484927816,0.07795195290861569,0.03776811977280336,1.003831827186338,1.0,0.00760807793919763,0,0.9098348238039762
folds_T4_d100,Folding: 4 layers,Tied,folds,4,39345,0.2,100,1000,2000,101001,l2,1.0,cv,0.2232854652739371,5,0.07819368875283529,1000,64,373.226,832,8.013762738735089,1.0,0.042747449345216154,0.042747713000449265,orthogonal,Orthogonal MLP,1.0,200.0,100801,0.9980198215859248,3.0,0.05445985280585466,4.3161900285083937e-13,0.03973818344982949,1.273982839860516,0.9999989781836565,0.08608520981983112,1001,91.52888186904602
folds_T4_d100,Folding: 4 layers,Tied,folds,4,39345,0.2,100,1000,2000,101001,l2,1.0,cv,0.2232854652739371,5,0.07819368875283529,1000,64,373.226,832,8.013762738735089,1.0,0.042747449345216154,0.042747713000449265,spectral,Spectral MLP,1.0,200.0,100801,0.9980198215859248,3.0,0.060757592376091255,0.0024411667532484465,0.03947516193131744,1.4213062667341458,0.9999989852763885,0.11032726122430175,1001,13.486299724085256
folds_T4_d100,Folding: 4 layers,Tied,folds,4,39345,0.2,100,1000,2000,101001,l2,1.0,cv,0.2232854652739371,5,0.07819368875283529,1000,64,373.226,832,8.013762738735089,1.0,0.042747449345216154,0.042747713000449265,unconstrained,ReLU MLP,1.0,200.0,100801,0.9980198215859248,3.0,0.06445514131328423,1.0453396628652402e-15,0.03973837069929361,1.5078032668696644,5.211869965753891,0.11506638609262972,1001,10.679190507857129
folds_T4_d100,Folding: 4 layers,Tied,folds,4,40345,0.2,100,1000,2000,101001,l2,1.0,cv,0.24530295006630035,5,0.08150588809005158,1000,91,392.268,868,8.013762738735089,1.0,0.04356859578014238,0.04395528489802865,constant,Training-mean constant,,,1,9.900892070375541e-06,,0.04395528489802865,0.08122806506768418,0.043405570775434235,1.0,0.0,0.0,0,0.0
folds_T4_d100,Folding: 4 layers,Tied,folds,4,40345,0.2,100,1000,2000,101001,l2,1.0,cv,0.24530295006630035,5,0.08150588809005158,1000,91,392.268,868,8.013762738735089,1.0,0.04356859578014238,0.04395528489802865,formula,Formula,1.0,,101001,1.0,,0.04411760662954467,0.08143581421495051,0.043496813141238565,1.0036928831628003,1.0,0.007520997526771666,0,0.9024905920960009
folds_T4_d100,Folding: 4 layers,Tied,folds,4,40345,0.2,100,1000,2000,101001,l2,1.0,cv,0.24530295006630035,5,0.08150588809005158,1000,91,392.268,868,8.013762738735089,1.0,0.04356859578014238,0.04395528489802865,orthogonal,Orthogonal MLP,1.0,200.0,100801,0.9980198215859248,3.0,0.0529332331109369,6.075934201291019e-13,0.040694693981049065,1.2042518489809835,0.9999989734850019,0.08606127463984352,1001,92.39355542394333
folds_T4_d100,Folding: 4 layers,Tied,folds,4,40345,0.2,100,1000,2000,101001,l2,1.0,cv,0.24530295006630035,5,0.08150588809005158,1000,91,392.268,868,8.013762738735089,1.0,0.04356859578014238,0.04395528489802865,spectral,Spectral MLP,1.0,200.0,100801,0.9980198215859248,3.0,0.05635521875756653,3.250681902395157e-07,0.040632033794114404,1.2821033668261812,0.9999990106768408,0.09865874907592159,1001,13.470636008074507
folds_T4_d100,Folding: 4 layers,Tied,folds,4,40345,0.2,100,1000,2000,101001,l2,1.0,cv,0.24530295006630035,5,0.08150588809005158,1000,91,392.268,868,8.013762738735089,1.0,0.04356859578014238,0.04395528489802865,unconstrained,ReLU MLP,1.0,200.0,100801,0.9980198215859248,3.0,0.06473911689612999,7.461798129716934e-13,0.04069483428900082,1.4728403432332997,4.982131210961485,0.12911415971172704,1001,10.998458110028878
folds_T4_d100,Folding: 4 layers,Tied,folds,4,41345,0.2,100,1000,2000,101001,l2,1.0,cv,0.23675724400396475,5,0.08351387922799712,1000,1000,1000.0,1000,10.433011867409832,1.0,0.04185787815698957,0.04215281657234169,constant,Training-mean constant,,,1,9.900892070375541e-06,,0.04215281657234169,0.08342054941084832,0.042408625722148256,1.0,0.0,0.0,0,0.0
folds_T4_d100,Folding: 4 layers,Tied,folds,4,41345,0.2,100,1000,2000,101001,l2,1.0,cv,0.23675724400396475,5,0.08351387922799712,1000,1000,1000.0,1000,10.433011867409832,1.0,0.04185787815698957,0.04215281657234169,formula,Formula,1.0,,101001,1.0,,0.04215281657234169,0.08342054941084832,0.042408625722148256,1.0,1.0,0.0,0,0.9119565160945058
folds_T4_d100,Folding: 4 layers,Tied,folds,4,41345,0.2,100,1000,2000,101001,l2,1.0,cv,0.23675724400396475,5,0.08351387922799712,1000,1000,1000.0,1000,10.433011867409832,1.0,0.04185787815698957,0.04215281657234169,orthogonal,Orthogonal MLP,1.0,200.0,100801,0.9980198215859248,3.0,0.05218369137309085,6.311960543380312e-11,0.03917909563641122,1.2379645209124852,0.9999989875666405,0.08398965349589188,1001,91.11033999198116
folds_T4_d100,Folding: 4 layers,Tied,folds,4,41345,0.2,100,1000,2000,101001,l2,1.0,cv,0.23675724400396475,5,0.08351387922799712,1000,1000,1000.0,1000,10.433011867409832,1.0,0.04185787815698957,0.04215281657234169,spectral,Spectral MLP,1.0,200.0,100801,0.9980198215859248,3.0,0.056529871407716814,2.9944665087930045e-05,0.03886832025533416,1.3410698502364973,0.9999990117201041,0.1106869215210622,1001,13.307037587976083
folds_T4_d100,Folding: 4 layers,Tied,folds,4,41345,0.2,100,1000,2000,101001,l2,1.0,cv,0.23675724400396475,5,0.08351387922799712,1000,1000,1000.0,1000,10.433011867409832,1.0,0.04185787815698957,0.04215281657234169,unconstrained,ReLU MLP,1.0,200.0,100801,0.9980198215859248,3.0,0.06278796680566592,1.948635046722094e-15,0.03917952990890771,1.489531943800497,5.112498267055915,0.12803025022512116,1001,10.59984741709195
voronoi_K64_d100,64 signed Voronoi tents,Hard,voronoi,64,12345,0.2,100,1000,2000,101001,l2,1.0,cv,0.2862784045479694,5,0.09061619210856774,1000,16,183.634,664,7.711356597650745,1.0,0.04844766908841132,0.04850731948810686,constant,Training-mean constant,,,1,9.900892070375541e-06,,0.04850731948810686,0.09085635729093942,0.05237749560197474,1.0,0.0,0.0,0,0.0
voronoi_K64_d100,64 signed Voronoi tents,Hard,voronoi,64,12345,0.2,100,1000,2000,101001,l2,1.0,cv,0.2862784045479694,5,0.09061619210856774,1000,16,183.634,664,7.711356597650745,1.0,0.04844766908841132,0.04850731948810686,formula,Formula,1.0,,101001,1.0,,0.048499272852307505,0.08792088065783157,0.0501606494304581,0.9998341150184288,1.0,0.01640717480317236,0,0.9617191511206329
voronoi_K64_d100,64 signed Voronoi tents,Hard,voronoi,64,12345,0.2,100,1000,2000,101001,l2,1.0,cv,0.2862784045479694,5,0.09061619210856774,1000,16,183.634,664,7.711356597650745,1.0,0.04844766908841132,0.04850731948810686,orthogonal,Orthogonal MLP,1.0,200.0,100801,0.9980198215859248,3.0,0.05741618646406378,5.791558196225822e-13,0.038456558777870506,1.1836602613785168,0.9999989741729916,0.10798170588558356,1001,90.71809320803732
voronoi_K64_d100,64 signed Voronoi tents,Hard,voronoi,64,12345,0.2,100,1000,2000,101001,l2,1.0,cv,0.2862784045479694,5,0.09061619210856774,1000,16,183.634,664,7.711356597650745,1.0,0.04844766908841132,0.04850731948810686,spectral,Spectral MLP,1.0,200.0,100801,0.9980198215859248,3.0,0.062030794188438536,0.00016385218966049714,0.036585141030829965,1.2787924553045524,0.9999989638359622,0.13064762659536763,1001,13.489061545114964
voronoi_K64_d100,64 signed Voronoi tents,Hard,voronoi,64,12345,0.2,100,1000,2000,101001,l2,1.0,cv,0.2862784045479694,5,0.09061619210856774,1000,16,183.634,664,7.711356597650745,1.0,0.04844766908841132,0.04850731948810686,unconstrained,ReLU MLP,1.0,200.0,100801,0.9980198215859248,3.0,0.0676082127631756,1.0218355111220135e-15,0.038456751001190524,1.3937734238180683,5.66028274961957,0.1345848012892403,1001,11.442801330937073
voronoi_K64_d100,64 signed Voronoi tents,Hard,voronoi,64,13345,0.2,100,1000,2000,101001,l2,1.0,cv,0.30472926346228596,5,0.08451725310153929,1000,382,836.462,999,8.618575020903775,1.0,0.04837636696700743,0.04838203140697526,constant,Training-mean constant,,,1,9.900892070375541e-06,,0.04838203140697526,0.0843747532240592,0.04764641863905922,1.0,0.0,0.0,0,0.0
voronoi_K64_d100,64 signed Voronoi tents,Hard,voronoi,64,13345,0.2,100,1000,2000,101001,l2,1.0,cv,0.30472926346228596,5,0.08451725310153929,1000,382,836.462,999,8.618575020903775,1.0,0.04837636696700743,0.04838203140697526,formula,Formula,1.0,,101001,1.0,,0.04836823422139217,0.08434936735134539,0.047477805853013054,0.9997148283116303,1.0,0.0029742904859039183,0,0.8904683508444577
voronoi_K64_d100,64 signed Voronoi tents,Hard,voronoi,64,13345,0.2,100,1000,2000,101001,l2,1.0,cv,0.30472926346228596,5,0.08451725310153929,1000,382,836.462,999,8.618575020903775,1.0,0.04837636696700743,0.04838203140697526,orthogonal,Orthogonal MLP,1.0,200.0,100801,0.9980198215859248,3.0,0.056795917486530345,4.768971351310995e-13,0.037335501432410476,1.173905184112258,0.9999990017686844,0.10125776486791727,1001,91.21817003795877
voronoi_K64_d100,64 signed Voronoi tents,Hard,voronoi,64,13345,0.2,100,1000,2000,101001,l2,1.0,cv,0.30472926346228596,5,0.08451725310153929,1000,382,836.462,999,8.618575020903775,1.0,0.04837636696700743,0.04838203140697526,spectral,Spectral MLP,1.0,200.0,100801,0.9980198215859248,3.0,0.06324165221660165,1.623840836229782e-07,0.03723705156027391,1.3071309818438932,0.9999990192663029,0.11176882321081569,1001,13.198732332093641
voronoi_K64_d100,64 signed Voronoi tents,Hard,voronoi,64,13345,0.2,100,1000,2000,101001,l2,1.0,cv,0.30472926346228596,5,0.08451725310153929,1000,382,836.462,999,8.618575020903775,1.0,0.04837636696700743,0.04838203140697526,unconstrained,ReLU MLP,1.0,200.0,100801,0.9980198215859248,3.0,0.06801975645015049,9.85644961544219e-16,0.03733567767806137,1.4058888077267473,5.354743048977415,0.11459802598825021,1001,11.690349376061931
voronoi_K64_d100,64 signed Voronoi tents,Hard,voronoi,64,14345,0.2,100,1000,2000,101001,l2,1.0,cv,0.2526323053237605,5,0.08893813557994586,1000,148,636.604,936,8.316168879819433,1.0,0.049846989061138575,0.04984770829761233,constant,Training-mean constant,,,1,9.900892070375541e-06,,0.04984770829761233,0.08878180757379134,0.04692645094582534,1.0,0.0,0.0,0,0.0
voronoi_K64_d100,64 signed Voronoi tents,Hard,voronoi,64,14345,0.2,100,1000,2000,101001,l2,1.0,cv,0.2526323053237605,5,0.08893813557994586,1000,148,636.604,936,8.316168879819433,1.0,0.049846989061138575,0.04984770829761233,formula,Formula,1.0,,101001,1.0,,0.04977828028254737,0.08798633595833091,0.0462579123741699,0.9986071974532822,1.0,0.007573816540455095,0,0.9013849089387804
voronoi_K64_d100,64 signed Voronoi tents,Hard,voronoi,64,14345,0.2,100,1000,2000,101001,l2,1.0,cv,0.2526323053237605,5,0.08893813557994586,1000,148,636.604,936,8.316168879819433,1.0,0.049846989061138575,0.04984770829761233,orthogonal,Orthogonal MLP,1.0,200.0,100801,0.9980198215859248,3.0,0.05543109198931691,5.063645551541498e-13,0.04002405566549564,1.1120088341548096,0.999998968803328,0.09711316810337565,1001,90.50394684402272
voronoi_K64_d100,64 signed Voronoi tents,Hard,voronoi,64,14345,0.2,100,1000,2000,101001,l2,1.0,cv,0.2526323053237605,5,0.08893813557994586,1000,148,636.604,936,8.316168879819433,1.0,0.049846989061138575,0.04984770829761233,spectral,Spectral MLP,1.0,200.0,100801,0.9980198215859248,3.0,0.05781799217941944,1.3258719414653043e-12,0.04002416765644991,1.1598926842177193,0.9999989887890622,0.11953564374651761,1001,13.320031924173236
voronoi_K64_d100,64 signed Voronoi tents,Hard,voronoi,64,14345,0.2,100,1000,2000,101001,l2,1.0,cv,0.2526323053237605,5,0.08893813557994586,1000,148,636.604,936,8.316168879819433,1.0,0.049846989061138575,0.04984770829761233,unconstrained,ReLU MLP,1.0,200.0,100801,0.9980198215859248,3.0,0.0642010682867828,2.8293988309758175e-14,0.04002424804634505,1.2879442301233734,5.837527562748715,0.14146771028358024,1001,10.607433040160686
voronoi_K64_d100,64 signed Voronoi tents,Hard,voronoi,64,15345,0.2,100,1000,2000,101001,l2,1.0,cv,0.25609160526550523,5,0.09568052376432253,1000,45,388.02,790,8.013762738735089,1.0,0.05126802356863412,0.051268092433122844,constant,Training-mean constant,,,1,9.900892070375541e-06,,0.051268092433122844,0.09570489768175505,0.05510496318413833,1.0,0.0,0.0,0,0.0
voronoi_K64_d100,64 signed Voronoi tents,Hard,voronoi,64,15345,0.2,100,1000,2000,101001,l2,1.0,cv,0.25609160526550523,5,0.09568052376432253,1000,45,388.02,790,8.013762738735089,1.0,0.05126802356863412,0.051268092433122844,formula,Formula,1.0,,101001,1.0,,0.05119483722142485,0.09490628079819542,0.0540137090931597,0.998571134438178,1.0,0.010141009548150512,0,0.9615888358093798
voronoi_K64_d100,64 signed Voronoi tents,Hard,voronoi,64,15345,0.2,100,1000,2000,101001,l2,1.0,cv,0.25609160526550523,5,0.09568052376432253,1000,45,388.02,790,8.013762738735089,1.0,0.05126802356863412,0.051268092433122844,orthogonal,Orthogonal MLP,1.0,200.0,100801,0.9980198215859248,3.0,0.05571367863388194,6.198307023638523e-13,0.04241845863480997,1.086712533854428,0.9999989826235942,0.12558641362227632,1001,91.20756840496324
voronoi_K64_d100,64 signed Voronoi tents,Hard,voronoi,64,15345,0.2,100,1000,2000,101001,l2,1.0,cv,0.25609160526550523,5,0.09568052376432253,1000,45,388.02,790,8.013762738735089,1.0,0.05126802356863412,0.051268092433122844,spectral,Spectral MLP,1.0,200.0,100801,0.9980198215859248,3.0,0.06121138409527782,3.0227782544711787e-05,0.04111576032309418,1.193946979305415,0.9999989484971122,0.12515651620674034,1001,13.284718509064987
voronoi_K64_d100,64 signed Voronoi tents,Hard,voronoi,64,15345,0.2,100,1000,2000,101001,l2,1.0,cv,0.25609160526550523,5,0.09568052376432253,1000,45,388.02,790,8.013762738735089,1.0,0.05126802356863412,0.051268092433122844,unconstrained,ReLU MLP,1.0,200.0,100801,0.9980198215859248,3.0,0.0685583651898356,1.0102394343614801e-15,0.042418660215003255,1.3372521179575234,5.814911137809497,0.14422478253222135,1001,10.49991019605659
voronoi_K64_d100,64 signed Voronoi tents,Hard,voronoi,64,16345,0.2,100,1000,2000,101001,l2,1.0,cv,0.24184324253866402,5,0.08139580355728127,1000,880,988.47,1000,9.22338730307246,1.0,0.0480437445365356,0.04805136507700975,constant,Training-mean constant,,,1,9.900892070375541e-06,,0.04805136507700975,0.08131802750361014,0.042675391012921005,1.0,0.0,0.0,0,0.0
voronoi_K64_d100,64 signed Voronoi tents,Hard,voronoi,64,16345,0.2,100,1000,2000,101001,l2,1.0,cv,0.24184324253866402,5,0.08139580355728127,1000,880,988.47,1000,9.22338730307246,1.0,0.0480437445365356,0.04805136507700975,formula,Formula,1.0,,101001,1.0,,0.048046055486931465,0.08129115279352433,0.04265332567069383,0.9998895017848135,1.0,0.0006894877438442061,0,0.9033603239804506
voronoi_K64_d100,64 signed Voronoi tents,Hard,voronoi,64,16345,0.2,100,1000,2000,101001,l2,1.0,cv,0.24184324253866402,5,0.08139580355728127,1000,880,988.47,1000,9.22338730307246,1.0,0.0480437445365356,0.04805136507700975,orthogonal,Orthogonal MLP,1.0,200.0,100801,0.9980198215859248,3.0,0.053925330326679045,4.3370758369102063e-13,0.03825534384598042,1.1222434625999773,0.9999989960357267,0.09194058474492371,1001,91.68647299194708
voronoi_K64_d100,64 signed Voronoi tents,Hard,voronoi,64,16345,0.2,100,1000,2000,101001,l2,1.0,cv,0.24184324253866402,5,0.08139580355728127,1000,880,988.47,1000,9.22338730307246,1.0,0.0480437445365356,0.04805136507700975,spectral,Spectral MLP,1.0,200.0,100801,0.9980198215859248,3.0,0.059497821904987036,2.6310479764372674e-10,0.03825510266972245,1.238212937543659,0.9999989847612923,0.13171035114964816,1001,13.40456018410623
voronoi_K64_d100,64 signed Voronoi tents,Hard,voronoi,64,16345,0.2,100,1000,2000,101001,l2,1.0,cv,0.24184324253866402,5,0.08139580355728127,1000,880,988.47,1000,9.22338730307246,1.0,0.0480437445365356,0.04805136507700975,unconstrained,ReLU MLP,1.0,200.0,100801,0.9980198215859248,3.0,0.0650281894939386,1.6009177192878473e-15,0.03825551938106778,1.3533057674786315,4.741253415631478,0.15144447450852938,1001,10.755145627073944
voronoi_K64_d100,64 signed Voronoi tents,Hard,voronoi,64,17345,0.2,100,1000,2000,101001,l2,1.0,cv,0.2806115936544648,5,0.08621601906976348,1000,75,388.788,854,8.013762738735089,1.0,0.046794402290303905,0.04679938473606873,constant,Training-mean constant,,,1,9.900892070375541e-06,,0.04679938473606873,0.08649534974239671,0.05146172454822277,1.0,0.0,0.0,0,0.0
voronoi_K64_d100,64 signed Voronoi tents,Hard,voronoi,64,17345,0.2,100,1000,2000,101001,l2,1.0,cv,0.2806115936544648,5,0.08621601906976348,1000,75,388.788,854,8.013762738735089,1.0,0.046794402290303905,0.04679938473606873,formula,Formula,1.0,,101001,1.0,,0.04669677553715259,0.08511026776381053,0.05038807703077791,0.9978074669251568,1.0,0.009882407337453393,0,0.8885609870776534
voronoi_K64_d100,64 signed Voronoi tents,Hard,voronoi,64,17345,0.2,100,1000,2000,101001,l2,1.0,cv,0.2806115936544648,5,0.08621601906976348,1000,75,388.788,854,8.013762738735089,1.0,0.046794402290303905,0.04679938473606873,orthogonal,Orthogonal MLP,1.0,200.0,100801,0.9980198215859248,3.0,0.052919922717814885,7.364699292850435e-13,0.03828525886587965,1.1307824454587112,0.9999990041001579,0.10395488541951717,1001,91.09950968087651
voronoi_K64_d100,64 signed Voronoi tents,Hard,voronoi,64,17345,0.2,100,1000,2000,101001,l2,1.0,cv,0.2806115936544648,5,0.08621601906976348,1000,75,388.788,854,8.013762738735089,1.0,0.046794402290303905,0.04679938473606873,spectral,Spectral MLP,1.0,200.0,100801,0.9980198215859248,3.0,0.057354545774924014,5.561576983148871e-09,0.03828683620454436,1.225540594142049,0.9999989860945762,0.12460058146114278,1001,13.203397677047178
voronoi_K64_d100,64 signed Voronoi tents,Hard,voronoi,64,17345,0.2,100,1000,2000,101001,l2,1.0,cv,0.2806115936544648,5,0.08621601906976348,1000,75,388.788,854,8.013762738735089,1.0,0.046794402290303905,0.04679938473606873,unconstrained,ReLU MLP,1.0,200.0,100801,0.9980198215859248,3.0,0.06500918288957483,1.8466366323475418e-15,0.03828541948982489,1.3891033665549801,4.904507503208971,0.12065681741735582,1001,10.608364396030083
voronoi_K64_d100,64 signed Voronoi tents,Hard,voronoi,64,18345,0.2,100,1000,2000,101001,l2,1.0,cv,0.3258071035989112,5,0.09177559478013564,1000,186,640.578,974,8.316168879819433,1.0,0.04726522927852805,0.0473427389531683,constant,Training-mean constant,,,1,9.900892070375541e-06,,0.0473427389531683,0.09181735040360109,0.049485016585853886,1.0,0.0,0.0,0,0.0
voronoi_K64_d100,64 signed Voronoi tents,Hard,voronoi,64,18345,0.2,100,1000,2000,101001,l2,1.0,cv,0.3258071035989112,5,0.09177559478013564,1000,186,640.578,974,8.316168879819433,1.0,0.04726522927852805,0.0473427389531683,formula,Formula,1.0,,101001,1.0,,0.04727338483188617,0.09143170500677145,0.049079320701592585,0.9985350631835913,1.0,0.005045305229490662,0,0.9002165501005948
voronoi_K64_d100,64 signed Voronoi tents,Hard,voronoi,64,18345,0.2,100,1000,2000,101001,l2,1.0,cv,0.3258071035989112,5,0.09177559478013564,1000,186,640.578,974,8.316168879819433,1.0,0.04726522927852805,0.0473427389531683,orthogonal,Orthogonal MLP,1.0,200.0,100801,0.9980198215859248,3.0,0.05646758352358774,4.762684041597948e-13,0.04198180306432731,1.1927401069770338,0.9999989901949922,0.10121620552670821,1001,91.87997297896072
voronoi_K64_d100,64 signed Voronoi tents,Hard,voronoi,64,18345,0.2,100,1000,2000,101001,l2,1.0,cv,0.3258071035989112,5,0.09177559478013564,1000,186,640.578,974,8.316168879819433,1.0,0.04726522927852805,0.0473427389531683,spectral,Spectral MLP,1.0,200.0,100801,0.9980198215859248,3.0,0.06057703019687048,1.0848162434386551e-13,0.04198190378946145,1.2795421544324594,0.9999989583894873,0.1290092172716139,1001,13.415905596222728
voronoi_K64_d100,64 signed Voronoi tents,Hard,voronoi,64,18345,0.2,100,1000,2000,101001,l2,1.0,cv,0.3258071035989112,5,0.09177559478013564,1000,186,640.578,974,8.316168879819433,1.0,0.04726522927852805,0.0473427389531683,unconstrained,ReLU MLP,1.0,200.0,100801,0.9980198215859248,3.0,0.06987208847722806,1.4409647152173722e-15,0.0419819946367874,1.4758776112709897,5.27165595395889,0.1442017314425787,1001,10.423087862785906
voronoi_K64_d100,64 signed Voronoi tents,Hard,voronoi,64,19345,0.2,100,1000,2000,101001,l2,1.0,cv,0.3137451608137816,5,0.08980114112084427,1000,145,640.582,943,8.316168879819433,1.0,0.04579547167850201,0.046011480936149665,constant,Training-mean constant,,,1,9.900892070375541e-06,,0.046011480936149665,0.08980581562026196,0.05222134878194808,1.0,0.0,0.0,0,0.0
voronoi_K64_d100,64 signed Voronoi tents,Hard,voronoi,64,19345,0.2,100,1000,2000,101001,l2,1.0,cv,0.3137451608137816,5,0.08980114112084427,1000,145,640.582,943,8.316168879819433,1.0,0.04579547167850201,0.046011480936149665,formula,Formula,1.0,,101001,1.0,,0.045976284369014964,0.089031214822001,0.05168169630874914,0.9992350481571427,1.0,0.006118630763303802,0,0.8363056171219796
voronoi_K64_d100,64 signed Voronoi tents,Hard,voronoi,64,19345,0.2,100,1000,2000,101001,l2,1.0,cv,0.3137451608137816,5,0.08980114112084427,1000,145,640.582,943,8.316168879819433,1.0,0.04579547167850201,0.046011480936149665,orthogonal,Orthogonal MLP,1.0,200.0,100801,0.9980198215859248,3.0,0.05413952972012906,5.151443572227902e-13,0.03827990654317774,1.1766526227499332,0.9999990192911719,0.10610555120904369,1001,91.86742447502911
voronoi_K64_d100,64 signed Voronoi tents,Hard,voronoi,64,19345,0.2,100,1000,2000,101001,l2,1.0,cv,0.3137451608137816,5,0.08980114112084427,1000,145,640.582,943,8.316168879819433,1.0,0.04579547167850201,0.046011480936149665,spectral,Spectral MLP,1.0,200.0,100801,0.9980198215859248,3.0,0.05858165256985799,2.7653951169473238e-11,0.03827875282518576,1.273196414850285,0.9999989248272375,0.1296915578085919,1001,13.50934011884965
voronoi_K64_d100,64 signed Voronoi tents,Hard,voronoi,64,19345,0.2,100,1000,2000,101001,l2,1.0,cv,0.3137451608137816,5,0.08980114112084427,1000,145,640.582,943,8.316168879819433,1.0,0.04579547167850201,0.046011480936149665,unconstrained,ReLU MLP,1.0,200.0,100801,0.9980198215859248,3.0,0.06634378073607498,1.3987921073315327e-15,0.038280086380284004,1.4418962264687925,4.92472653819378,0.1546734189281423,1001,10.666156739927828
voronoi_K64_d100,64 signed Voronoi tents,Hard,voronoi,64,20345,0.2,100,1000,2000,101001,l2,1.0,cv,0.29939738336665334,5,0.08865671500128992,1000,77,378.298,924,8.013762738735089,1.0,0.046852969168558974,0.04709940482338277,constant,Training-mean constant,,,1,9.900892070375541e-06,,0.04709940482338277,0.08880483535231701,0.05029329290776407,1.0,0.0,0.0,0,0.0
voronoi_K64_d100,64 signed Voronoi tents,Hard,voronoi,64,20345,0.2,100,1000,2000,101001,l2,1.0,cv,0.29939738336665334,5,0.08865671500128992,1000,77,378.298,924,8.013762738735089,1.0,0.046852969168558974,0.04709940482338277,formula,Formula,1.0,,101001,1.0,,0.04682388277034572,0.08725737572308014,0.04895141058623709,0.9941502009617696,1.0,0.012589536071255823,0,0.9036790479440242
voronoi_K64_d100,64 signed Voronoi tents,Hard,voronoi,64,20345,0.2,100,1000,2000,101001,l2,1.0,cv,0.29939738336665334,5,0.08865671500128992,1000,77,378.298,924,8.013762738735089,1.0,0.046852969168558974,0.04709940482338277,orthogonal,Orthogonal MLP,1.0,200.0,100801,0.9980198215859248,3.0,0.05399749635417865,1.5165433218692638e-12,0.038934812245061165,1.1464581464811054,0.9999989982419559,0.09778163479398345,1001,91.79410969396122
voronoi_K64_d100,64 signed Voronoi tents,Hard,voronoi,64,20345,0.2,100,1000,2000,101001,l2,1.0,cv,0.29939738336665334,5,0.08865671500128992,1000,77,378.298,924,8.013762738735089,1.0,0.046852969168558974,0.04709940482338277,spectral,Spectral MLP,1.0,200.0,100801,0.9980198215859248,3.0,0.05818477589534327,1.3444105672563207e-13,0.038934869330703885,1.2353611709856918,0.999998904168247,0.11510560812291888,1001,13.317680337000638
voronoi_K64_d100,64 signed Voronoi tents,Hard,voronoi,64,20345,0.2,100,1000,2000,101001,l2,1.0,cv,0.29939738336665334,5,0.08865671500128992,1000,77,378.298,924,8.013762738735089,1.0,0.046852969168558974,0.04709940482338277,unconstrained,ReLU MLP,1.0,200.0,100801,0.9980198215859248,3.0,0.06336666543499908,1.259271214733989e-15,0.03893496470776252,1.3453814474432666,5.169798505190362,0.13963099049856156,1001,10.516924767987803
voronoi_K64_d100,64 signed Voronoi tents,Hard,voronoi,64,21345,0.2,100,1000,2000,101001,l2,1.0,cv,0.3118587578907391,5,0.09504517880212722,1000,20,197.494,566,7.711356597650745,1.0,0.052253004527166025,0.05234514827513231,constant,Training-mean constant,,,1,9.900892070375541e-06,,0.05234514827513231,0.09518461055105606,0.050489834665645404,1.0,0.0,0.0,0,0.0
voronoi_K64_d100,64 signed Voronoi tents,Hard,voronoi,64,21345,0.2,100,1000,2000,101001,l2,1.0,cv,0.3118587578907391,5,0.09504517880212722,1000,20,197.494,566,7.711356597650745,1.0,0.052253004527166025,0.05234514827513231,formula,Formula,1.0,,101001,1.0,,0.05224008824106174,0.09275580399003557,0.048188073137251514,0.9979929365465093,1.0,0.02811587649759187,0,0.9014137168414891
voronoi_K64_d100,64 signed Voronoi tents,Hard,voronoi,64,21345,0.2,100,1000,2000,101001,l2,1.0,cv,0.3118587578907391,5,0.09504517880212722,1000,20,197.494,566,7.711356597650745,1.0,0.052253004527166025,0.05234514827513231,orthogonal,Orthogonal MLP,1.0,200.0,100801,0.9980198215859248,3.0,0.05775491594948336,1.0539162462190516e-12,0.04258779381906703,1.1033480246520015,0.9999989886907665,0.10891355993641189,1001,92.0342450120952
voronoi_K64_d100,64 signed Voronoi tents,Hard,voronoi,64,21345,0.2,100,1000,2000,101001,l2,1.0,cv,0.3118587578907391,5,0.09504517880212722,1000,20,197.494,566,7.711356597650745,1.0,0.052253004527166025,0.05234514827513231,spectral,Spectral MLP,1.0,200.0,100801,0.9980198215859248,3.0,0.06361566940686408,8.500920202683792e-12,0.04258784559437272,1.2153116669474806,0.9999989959456901,0.12727810558422425,1001,13.500657201977447
voronoi_K64_d100,64 signed Voronoi tents,Hard,voronoi,64,21345,0.2,100,1000,2000,101001,l2,1.0,cv,0.3118587578907391,5,0.09504517880212722,1000,20,197.494,566,7.711356597650745,1.0,0.052253004527166025,0.05234514827513231,unconstrained,ReLU MLP,1.0,200.0,100801,0.9980198215859248,3.0,0.06710255091241794,1.4207175922887553e-15,0.04258799816149403,1.2819249371444892,5.323533176171837,0.1335183344408279,1001,10.719425556017086
voronoi_K64_d100,64 signed Voronoi tents,Hard,voronoi,64,22345,0.2,100,1000,2000,101001,l2,1.0,cv,0.2672896280231037,5,0.08886797396303532,1000,440,836.336,994,8.618575020903775,1.0,0.04901554573024139,0.049208915637544905,constant,Training-mean constant,,,1,9.900892070375541e-06,,0.049208915637544905,0.08878151321871863,0.0466739754648763,1.0,0.0,0.0,0,0.0
voronoi_K64_d100,64 signed Voronoi tents,Hard,voronoi,64,22345,0.2,100,1000,2000,101001,l2,1.0,cv,0.2672896280231037,5,0.08886797396303532,1000,440,836.336,994,8.618575020903775,1.0,0.04901554573024139,0.049208915637544905,formula,Formula,1.0,,101001,1.0,,0.04914079455777028,0.08860673855136689,0.04652514891792571,0.998615676064143,1.0,0.003059375602151981,0,0.9673262650612742
voronoi_K64_d100,64 signed Voronoi tents,Hard,voronoi,64,22345,0.2,100,1000,2000,101001,l2,1.0,cv,0.2672896280231037,5,0.08886797396303532,1000,440,836.336,994,8.618575020903775,1.0,0.04901554573024139,0.049208915637544905,orthogonal,Orthogonal MLP,1.0,200.0,100801,0.9980198215859248,3.0,0.05756409232743914,8.345659242231875e-12,0.04016469480438172,1.1697898964373743,0.9999990086428012,0.10519001355948453,1001,91.67782944487408
voronoi_K64_d100,64 signed Voronoi tents,Hard,voronoi,64,22345,0.2,100,1000,2000,101001,l2,1.0,cv,0.2672896280231037,5,0.08886797396303532,1000,440,836.336,994,8.618575020903775,1.0,0.04901554573024139,0.049208915637544905,spectral,Spectral MLP,1.0,200.0,100801,0.9980198215859248,3.0,0.06234137951634358,1.4710568619873895e-11,0.04016480512294213,1.2668716371546909,0.9999990159766226,0.10499837864770174,1001,13.395994504913688
voronoi_K64_d100,64 signed Voronoi tents,Hard,voronoi,64,22345,0.2,100,1000,2000,101001,l2,1.0,cv,0.2672896280231037,5,0.08886797396303532,1000,440,836.336,994,8.618575020903775,1.0,0.04901554573024139,0.049208915637544905,unconstrained,ReLU MLP,1.0,200.0,100801,0.9980198215859248,3.0,0.06947977563297954,1.2015361426641092e-15,0.04016490754834453,1.411934701929676,5.167307078471166,0.12628596152244423,1001,10.632361419964582
voronoi_K64_d100,64 signed Voronoi tents,Hard,voronoi,64,23345,0.2,100,1000,2000,101001,l2,1.0,cv,0.2534751512599078,5,0.08746846416818846,1000,196,631.812,954,8.316168879819433,1.0,0.04737868780643614,0.047434019848393405,constant,Training-mean constant,,,1,9.900892070375541e-06,,0.047434019848393405,0.08727904244085323,0.05082018982544218,1.0,0.0,0.0,0,0.0
voronoi_K64_d100,64 signed Voronoi tents,Hard,voronoi,64,23345,0.2,100,1000,2000,101001,l2,1.0,cv,0.2534751512599078,5,0.08746846416818846,1000,196,631.812,954,8.316168879819433,1.0,0.04737868780643614,0.047434019848393405,formula,Formula,1.0,,101001,1.0,,0.04729912708430547,0.08639979881449197,0.0499800749408618,0.9971562021410145,1.0,0.007018960284335067,0,0.9103572079911828
voronoi_K64_d100,64 signed Voronoi tents,Hard,voronoi,64,23345,0.2,100,1000,2000,101001,l2,1.0,cv,0.2534751512599078,5,0.08746846416818846,1000,196,631.812,954,8.316168879819433,1.0,0.04737868780643614,0.047434019848393405,orthogonal,Orthogonal MLP,1.0,200.0,100801,0.9980198215859248,3.0,0.05324694617844767,5.290966903746349e-13,0.03616854963989723,1.1225476219100403,0.9999989812276874,0.10233308677804166,1001,92.29158049193211
voronoi_K64_d100,64 signed Voronoi tents,Hard,voronoi,64,23345,0.2,100,1000,2000,101001,l2,1.0,cv,0.2534751512599078,5,0.08746846416818846,1000,196,631.812,954,8.316168879819433,1.0,0.04737868780643614,0.047434019848393405,spectral,Spectral MLP,1.0,200.0,100801,0.9980198215859248,3.0,0.05731350813111766,7.48507485457034e-07,0.036028406084757054,1.2082785375201313,0.9999989757173497,0.1296686275019376,1001,13.61237288499251
voronoi_K64_d100,64 signed Voronoi tents,Hard,voronoi,64,23345,0.2,100,1000,2000,101001,l2,1.0,cv,0.2534751512599078,5,0.08746846416818846,1000,196,631.812,954,8.316168879819433,1.0,0.04737868780643614,0.047434019848393405,unconstrained,ReLU MLP,1.0,200.0,100801,0.9980198215859248,3.0,0.062002382509525,1.003661665822419e-15,0.036168716062595065,1.3071289911269248,5.328881509343467,0.14480581514143745,1001,10.728362981928512
voronoi_K64_d100,64 signed Voronoi tents,Hard,voronoi,64,24345,0.2,100,1000,2000,101001,l2,1.0,cv,0.2584472004502785,5,0.0797359678478725,1000,10,180.544,660,7.711356597650745,1.0,0.05270441443265771,0.05271086839582081,constant,Training-mean constant,,,1,9.900892070375541e-06,,0.05271086839582081,0.0797607961981872,0.04559579776116401,1.0,0.0,0.0,0,0.0
voronoi_K64_d100,64 signed Voronoi tents,Hard,voronoi,64,24345,0.2,100,1000,2000,101001,l2,1.0,cv,0.2584472004502785,5,0.0797359678478725,1000,10,180.544,660,7.711356597650745,1.0,0.05270441443265771,0.05271086839582081,formula,Formula,1.0,,101001,1.0,,0.052810736397890544,0.07896050796104591,0.04519622511798936,1.0018946377684352,1.0,0.016121315576305962,0,0.9094489719718695
voronoi_K64_d100,64 signed Voronoi tents,Hard,voronoi,64,24345,0.2,100,1000,2000,101001,l2,1.0,cv,0.2584472004502785,5,0.0797359678478725,1000,10,180.544,660,7.711356597650745,1.0,0.05270441443265771,0.05271086839582081,orthogonal,Orthogonal MLP,1.0,200.0,100801,0.9980198215859248,3.0,0.06062804453391251,4.549428889395235e-13,0.04092298126668565,1.1502000702898574,0.9999989828894795,0.08885762573320512,1001,92.50924169295467
voronoi_K64_d100,64 signed Voronoi tents,Hard,voronoi,64,24345,0.2,100,1000,2000,101001,l2,1.0,cv,0.2584472004502785,5,0.0797359678478725,1000,10,180.544,660,7.711356597650745,1.0,0.05270441443265771,0.05271086839582081,spectral,Spectral MLP,1.0,200.0,100801,0.9980198215859248,3.0,0.06484910670759941,2.7218528642531044e-07,0.0408925757611481,1.2302796117990153,0.9999990289651066,0.11239767735072693,1001,13.477099939016625
voronoi_K64_d100,64 signed Voronoi tents,Hard,voronoi,64,24345,0.2,100,1000,2000,101001,l2,1.0,cv,0.2584472004502785,5,0.0797359678478725,1000,10,180.544,660,7.711356597650745,1.0,0.05270441443265771,0.05271086839582081,unconstrained,ReLU MLP,1.0,200.0,100801,0.9980198215859248,3.0,0.07078775733674371,9.870569716029508e-16,0.04092315329561612,1.3429442445375483,5.164497721726117,0.12016456847182615,1001,10.905962598975748
voronoi_K64_d100,64 signed Voronoi tents,Hard,voronoi,64,25345,0.2,100,1000,2000,101001,l2,1.0,cv,0.2924953195979517,5,0.09328065867193382,1000,212,644.546,955,8.316168879819433,1.0,0.044176358592094386,0.04417817314594004,constant,Training-mean constant,,,1,9.900892070375541e-06,,0.04417817314594004,0.09337692812441512,0.049237176557779476,1.0,0.0,0.0,0,0.0
voronoi_K64_d100,64 signed Voronoi tents,Hard,voronoi,64,25345,0.2,100,1000,2000,101001,l2,1.0,cv,0.2924953195979517,5,0.09328065867193382,1000,212,644.546,955,8.316168879819433,1.0,0.044176358592094386,0.04417817314594004,formula,Formula,1.0,,101001,1.0,,0.04413779355693323,0.09274029273650171,0.04875501844924162,0.9990859832779093,1.0,0.007810171454523778,0,0.8981725689955056
voronoi_K64_d100,64 signed Voronoi tents,Hard,voronoi,64,25345,0.2,100,1000,2000,101001,l2,1.0,cv,0.2924953195979517,5,0.09328065867193382,1000,212,644.546,955,8.316168879819433,1.0,0.044176358592094386,0.04417817314594004,orthogonal,Orthogonal MLP,1.0,200.0,100801,0.9980198215859248,3.0,0.05581838342108912,5.89963403082251e-13,0.0413804357594467,1.2634832870226733,0.9999990083044746,0.09909315185017935,1001,92.3540467841085
voronoi_K64_d100,64 signed Voronoi tents,Hard,voronoi,64,25345,0.2,100,1000,2000,101001,l2,1.0,cv,0.2924953195979517,5,0.09328065867193382,1000,212,644.546,955,8.316168879819433,1.0,0.044176358592094386,0.04417817314594004,spectral,Spectral MLP,1.0,200.0,100801,0.9980198215859248,3.0,0.06248165376433384,8.072433591866624e-07,0.04127794999155087,1.414310491244835,0.9999989681828154,0.12533702046349354,1001,13.580596203915775
voronoi_K64_d100,64 signed Voronoi tents,Hard,voronoi,64,25345,0.2,100,1000,2000,101001,l2,1.0,cv,0.2924953195979517,5,0.09328065867193382,1000,212,644.546,955,8.316168879819433,1.0,0.044176358592094386,0.04417817314594004,unconstrained,ReLU MLP,1.0,200.0,100801,0.9980198215859248,3.0,0.06927243801274488,1.2805853169685663e-15,0.04138063998272267,1.5680240507887773,5.146557964653602,0.15914013931967952,1001,10.530308205867186
voronoi_K64_d100,64 signed Voronoi tents,Hard,voronoi,64,26345,0.2,100,1000,2000,101001,l2,1.0,cv,0.27178920204894275,5,0.08579594370456953,1000,216,624.766,958,8.316168879819433,1.0,0.05388949075583265,0.05389096229535751,constant,Training-mean constant,,,1,9.900892070375541e-06,,0.05389096229535751,0.0858559376502879,0.05153990099148294,1.0,0.0,0.0,0,0.0
voronoi_K64_d100,64 signed Voronoi tents,Hard,voronoi,64,26345,0.2,100,1000,2000,101001,l2,1.0,cv,0.27178920204894275,5,0.08579594370456953,1000,216,624.766,958,8.316168879819433,1.0,0.05388949075583265,0.05389096229535751,formula,Formula,1.0,,101001,1.0,,0.053706028060709,0.08491348756169097,0.050660583500247845,0.9965683627314921,1.0,0.00716323646511339,0,0.9029398430138826
voronoi_K64_d100,64 signed Voronoi tents,Hard,voronoi,64,26345,0.2,100,1000,2000,101001,l2,1.0,cv,0.27178920204894275,5,0.08579594370456953,1000,216,624.766,958,8.316168879819433,1.0,0.05388949075583265,0.05389096229535751,orthogonal,Orthogonal MLP,1.0,200.0,100801,0.9980198215859248,3.0,0.057497906245143705,5.022181257144565e-13,0.039262978287786056,1.0669304053250672,0.9999989946802947,0.1128311618988897,1001,91.6396352709271
voronoi_K64_d100,64 signed Voronoi tents,Hard,voronoi,64,26345,0.2,100,1000,2000,101001,l2,1.0,cv,0.27178920204894275,5,0.08579594370456953,1000,216,624.766,958,8.316168879819433,1.0,0.05388949075583265,0.05389096229535751,spectral,Spectral MLP,1.0,200.0,100801,0.9980198215859248,3.0,0.06650926985376866,0.0015037192720906763,0.041476998009087586,1.2341451520062794,0.9999989950776502,0.12100747297552476,1001,13.379395745927468
voronoi_K64_d100,64 signed Voronoi tents,Hard,voronoi,64,26345,0.2,100,1000,2000,101001,l2,1.0,cv,0.27178920204894275,5,0.08579594370456953,1000,216,624.766,958,8.316168879819433,1.0,0.05388949075583265,0.05389096229535751,unconstrained,ReLU MLP,1.0,200.0,100801,0.9980198215859248,3.0,0.06725410657106096,1.147322498351323e-15,0.039263154865525236,1.2479663325079393,4.925599491435248,0.12171320320238987,1001,10.581303101964295
voronoi_K64_d100,64 signed Voronoi tents,Hard,voronoi,64,27345,0.2,100,1000,2000,101001,l2,1.0,cv,0.25017277271787125,5,0.09086689359829002,1000,20,181.2,622,7.711356597650745,1.0,0.054591079251015515,0.054866099590915325,constant,Training-mean constant,,,1,9.900892070375541e-06,,0.054866099590915325,0.09037382531849443,0.05131319306311363,1.0,0.0,0.0,0,0.0
voronoi_K64_d100,64 signed Voronoi tents,Hard,voronoi,64,27345,0.2,100,1000,2000,101001,l2,1.0,cv,0.25017277271787125,5,0.09086689359829002,1000,20,181.2,622,7.711356597650745,1.0,0.054591079251015515,0.054866099590915325,formula,Formula,1.0,,101001,1.0,,0.054638182697240856,0.08771915663063642,0.04902899082393415,0.9958459432076668,1.0,0.014880701584220786,0,0.8854287280701101
voronoi_K64_d100,64 signed Voronoi tents,Hard,voronoi,64,27345,0.2,100,1000,2000,101001,l2,1.0,cv,0.25017277271787125,5,0.09086689359829002,1000,20,181.2,622,7.711356597650745,1.0,0.054591079251015515,0.054866099590915325,orthogonal,Orthogonal MLP,1.0,200.0,100801,0.9980198215859248,3.0,0.062090837305702834,4.993061108150627e-13,0.03815104602386256,1.1316794481228947,0.9999989705804234,0.10750096732181058,1001,93.00278441281989
voronoi_K64_d100,64 signed Voronoi tents,Hard,voronoi,64,27345,0.2,100,1000,2000,101001,l2,1.0,cv,0.25017277271787125,5,0.09086689359829002,1000,20,181.2,622,7.711356597650745,1.0,0.054591079251015515,0.054866099590915325,spectral,Spectral MLP,1.0,200.0,100801,0.9980198215859248,3.0,0.06278874150565525,2.0148584771147282e-13,0.038151161353873676,1.14439958323649,0.999999004504241,0.11175202571288521,1001,13.503146294970065
voronoi_K64_d100,64 signed Voronoi tents,Hard,voronoi,64,27345,0.2,100,1000,2000,101001,l2,1.0,cv,0.25017277271787125,5,0.09086689359829002,1000,20,181.2,622,7.711356597650745,1.0,0.054591079251015515,0.054866099590915325,unconstrained,ReLU MLP,1.0,200.0,100801,0.9980198215859248,3.0,0.07063477494234084,3.3494292441791133e-13,0.03815122873212491,1.2874028857344997,5.270207634829339,0.12979433601568802,1001,10.689134482992813
voronoi_K64_d100,64 signed Voronoi tents,Hard,voronoi,64,28345,0.2,100,1000,2000,101001,l2,1.0,cv,0.3065497032439032,5,0.08684540807948057,1000,194,636.948,963,8.316168879819433,1.0,0.05289926387587414,0.0530359013618249,constant,Training-mean constant,,,1,9.900892070375541e-06,,0.0530359013618249,0.08678994932190091,0.04699629523125274,1.0,0.0,0.0,0,0.0
voronoi_K64_d100,64 signed Voronoi tents,Hard,voronoi,64,28345,0.2,100,1000,2000,101001,l2,1.0,cv,0.3065497032439032,5,0.08684540807948057,1000,194,636.948,963,8.316168879819433,1.0,0.05289926387587414,0.0530359013618249,formula,Formula,1.0,,101001,1.0,,0.05284311677731114,0.08616783280548293,0.046627536663825124,0.996365017288977,1.0,0.006418199240575168,0,0.841959903948009
voronoi_K64_d100,64 signed Voronoi tents,Hard,voronoi,64,28345,0.2,100,1000,2000,101001,l2,1.0,cv,0.3065497032439032,5,0.08684540807948057,1000,194,636.948,963,8.316168879819433,1.0,0.05289926387587414,0.0530359013618249,orthogonal,Orthogonal MLP,1.0,200.0,100801,0.9980198215859248,3.0,0.058775805142401966,5.383871408182887e-13,0.04160129251177419,1.1082267602358247,0.9999989877261123,0.10957545915447893,1001,91.50263784104027
voronoi_K64_d100,64 signed Voronoi tents,Hard,voronoi,64,28345,0.2,100,1000,2000,101001,l2,1.0,cv,0.3065497032439032,5,0.08684540807948057,1000,194,636.948,963,8.316168879819433,1.0,0.05289926387587414,0.0530359013618249,spectral,Spectral MLP,1.0,200.0,100801,0.9980198215859248,3.0,0.06334872096191162,2.4400344232388206e-07,0.041554672108621286,1.194449784679437,0.9999989183608712,0.12537230344355008,1001,13.37100172182545
voronoi_K64_d100,64 signed Voronoi tents,Hard,voronoi,64,28345,0.2,100,1000,2000,101001,l2,1.0,cv,0.3065497032439032,5,0.08684540807948057,1000,194,636.948,963,8.316168879819433,1.0,0.05289926387587414,0.0530359013618249,unconstrained,ReLU MLP,1.0,200.0,100801,0.9980198215859248,3.0,0.06831075893115589,7.93019683568611e-16,0.04160148383052825,1.2880097665376116,5.227410962887704,0.14181116089591084,1001,10.466644566971809
voronoi_K64_d100,64 signed Voronoi tents,Hard,voronoi,64,29345,0.2,100,1000,2000,101001,l2,1.0,cv,0.24968278291070628,5,0.08166947776782049,1000,69,382.488,875,8.013762738735089,1.0,0.04621487688561379,0.04629126960857519,constant,Training-mean constant,,,1,9.900892070375541e-06,,0.04629126960857519,0.08149914304311139,0.04216914977619191,1.0,0.0,0.0,0,0.0
voronoi_K64_d100,64 signed Voronoi tents,Hard,voronoi,64,29345,0.2,100,1000,2000,101001,l2,1.0,cv,0.24968278291070628,5,0.08166947776782049,1000,69,382.488,875,8.013762738735089,1.0,0.04621487688561379,0.04629126960857519,formula,Formula,1.0,,101001,1.0,,0.04607895161622554,0.07944823583505428,0.04073906347483095,0.9954134333721035,1.0,0.012542980185955597,0,0.9142350321635604
voronoi_K64_d100,64 signed Voronoi tents,Hard,voronoi,64,29345,0.2,100,1000,2000,101001,l2,1.0,cv,0.24968278291070628,5,0.08166947776782049,1000,69,382.488,875,8.013762738735089,1.0,0.04621487688561379,0.04629126960857519,orthogonal,Orthogonal MLP,1.0,200.0,100801,0.9980198215859248,3.0,0.0533745602009579,6.135788282055309e-06,0.04007290224529755,1.1530156906966873,0.9999989971868939,0.09190952382546579,1001,92.97822552919388
voronoi_K64_d100,64 signed Voronoi tents,Hard,voronoi,64,29345,0.2,100,1000,2000,101001,l2,1.0,cv,0.24968278291070628,5,0.08166947776782049,1000,69,382.488,875,8.013762738735089,1.0,0.04621487688561379,0.04629126960857519,spectral,Spectral MLP,1.0,200.0,100801,0.9980198215859248,3.0,0.05856056127301657,6.186944614120197e-10,0.04012535556973191,1.2650454776502513,0.999998990088578,0.10999683787900712,1001,13.779323594877496
voronoi_K64_d100,64 signed Voronoi tents,Hard,voronoi,64,29345,0.2,100,1000,2000,101001,l2,1.0,cv,0.24968278291070628,5,0.08166947776782049,1000,69,382.488,875,8.013762738735089,1.0,0.04621487688561379,0.04629126960857519,unconstrained,ReLU MLP,1.0,200.0,100801,0.9980198215859248,3.0,0.0648451353684784,1.4237289230994796e-15,0.040131094041776325,1.4008070186190402,4.813364448211845,0.15857426461408453,1001,11.012427251087502
voronoi_K64_d100,64 signed Voronoi tents,Hard,voronoi,64,30345,0.2,100,1000,2000,101001,l2,1.0,cv,0.26909891996462215,5,0.0911807251166144,1000,15,177.222,591,7.711356597650745,1.0,0.04999622344219425,0.050064234759888346,constant,Training-mean constant,,,1,9.900892070375541e-06,,0.050064234759888346,0.09133662985576252,0.045541620499706545,1.0,0.0,0.0,0,0.0
voronoi_K64_d100,64 signed Voronoi tents,Hard,voronoi,64,30345,0.2,100,1000,2000,101001,l2,1.0,cv,0.26909891996462215,5,0.0911807251166144,1000,15,177.222,591,7.711356597650745,1.0,0.04999622344219425,0.050064234759888346,formula,Formula,1.0,,101001,1.0,,0.05015875577654498,0.08878642376766527,0.043726059979157544,1.0018879948352344,1.0,0.019882818485389274,0,0.8948830419685692
voronoi_K64_d100,64 signed Voronoi tents,Hard,voronoi,64,30345,0.2,100,1000,2000,101001,l2,1.0,cv,0.26909891996462215,5,0.0911807251166144,1000,15,177.222,591,7.711356597650745,1.0,0.04999622344219425,0.050064234759888346,orthogonal,Orthogonal MLP,1.0,200.0,100801,0.9980198215859248,3.0,0.060157868431228556,5.10239101097709e-13,0.0435580823243333,1.2016136613242967,0.999999016712358,0.10985242970846604,1001,91.18916119192727
voronoi_K64_d100,64 signed Voronoi tents,Hard,voronoi,64,30345,0.2,100,1000,2000,101001,l2,1.0,cv,0.26909891996462215,5,0.0911807251166144,1000,15,177.222,591,7.711356597650745,1.0,0.04999622344219425,0.050064234759888346,spectral,Spectral MLP,1.0,200.0,100801,0.9980198215859248,3.0,0.0626398427106201,2.222820223902678e-06,0.043434762162463204,1.2511894571253366,0.9999990030316064,0.13018347557573823,1001,13.284361314959824
voronoi_K64_d100,64 signed Voronoi tents,Hard,voronoi,64,30345,0.2,100,1000,2000,101001,l2,1.0,cv,0.26909891996462215,5,0.0911807251166144,1000,15,177.222,591,7.711356597650745,1.0,0.04999622344219425,0.050064234759888346,unconstrained,ReLU MLP,1.0,200.0,100801,0.9980198215859248,3.0,0.06777463933804018,1.0428876430626273e-15,0.043558287751189174,1.3537536259785494,5.582960609528631,0.1404547959940875,1001,10.526670258957893
voronoi_K64_d100,64 signed Voronoi tents,Hard,voronoi,64,31345,0.2,100,1000,2000,101001,l2,1.0,cv,0.28120081442093675,5,0.0876116172114881,1000,602,940.508,1000,8.920981161988117,1.0,0.04773367792121599,0.047735598082761,constant,Training-mean constant,,,1,9.900892070375541e-06,,0.047735598082761,0.08744389103760654,0.04802192776857081,1.0,0.0,0.0,0,0.0
voronoi_K64_d100,64 signed Voronoi tents,Hard,voronoi,64,31345,0.2,100,1000,2000,101001,l2,1.0,cv,0.28120081442093675,5,0.0876116172114881,1000,602,940.508,1000,8.920981161988117,1.0,0.04773367792121599,0.047735598082761,formula,Formula,1.0,,101001,1.0,,0.04772847899635119,0.08746015842969626,0.0480289969773602,0.9998508642041634,1.0,0.0026343616001750217,0,0.8914212270174176
voronoi_K64_d100,64 signed Voronoi tents,Hard,voronoi,64,31345,0.2,100,1000,2000,101001,l2,1.0,cv,0.28120081442093675,5,0.0876116172114881,1000,602,940.508,1000,8.920981161988117,1.0,0.04773367792121599,0.047735598082761,orthogonal,Orthogonal MLP,1.0,200.0,100801,0.9980198215859248,3.0,0.055304577589157175,5.313599404775923e-13,0.03944163350309962,1.158560483379166,0.9999989976738445,0.11566640532900016,1001,93.29821822303347
voronoi_K64_d100,64 signed Voronoi tents,Hard,voronoi,64,31345,0.2,100,1000,2000,101001,l2,1.0,cv,0.28120081442093675,5,0.0876116172114881,1000,602,940.508,1000,8.920981161988117,1.0,0.04773367792121599,0.047735598082761,spectral,Spectral MLP,1.0,200.0,100801,0.9980198215859248,3.0,0.06032110599770475,8.083213169859044e-10,0.03944129216338451,1.263650366192622,0.9999990161703889,0.11150679891351513,1001,13.819872671039775
voronoi_K64_d100,64 signed Voronoi tents,Hard,voronoi,64,31345,0.2,100,1000,2000,101001,l2,1.0,cv,0.28120081442093675,5,0.0876116172114881,1000,602,940.508,1000,8.920981161988117,1.0,0.04773367792121599,0.047735598082761,unconstrained,ReLU MLP,1.0,200.0,100801,0.9980198215859248,3.0,0.06719583095518983,1.799986080360464e-15,0.039441826141960123,1.407667100738738,4.95858010157218,0.12491520656653142,1001,10.914251308888197
voronoi_K64_d100,64 signed Voronoi tents,Hard,voronoi,64,32345,0.2,100,1000,2000,101001,l2,1.0,cv,0.2735418087543566,5,0.09312364392294684,1000,1000,1000.0,1000,10.433011867409832,1.0,0.05131121300858622,0.05131774531841501,constant,Training-mean constant,,,1,9.900892070375541e-06,,0.05131774531841501,0.0929663770145892,0.0505477578337124,1.0,0.0,0.0,0,0.0
voronoi_K64_d100,64 signed Voronoi tents,Hard,voronoi,64,32345,0.2,100,1000,2000,101001,l2,1.0,cv,0.2735418087543566,5,0.09312364392294684,1000,1000,1000.0,1000,10.433011867409832,1.0,0.05131121300858622,0.05131774531841501,formula,Formula,1.0,,101001,1.0,,0.051317745318415015,0.0929663770145892,0.0505477578337124,1.0000000000000002,1.0,0.0,0,0.9553958100732416
voronoi_K64_d100,64 signed Voronoi tents,Hard,voronoi,64,32345,0.2,100,1000,2000,101001,l2,1.0,cv,0.2735418087543566,5,0.09312364392294684,1000,1000,1000.0,1000,10.433011867409832,1.0,0.05131121300858622,0.05131774531841501,orthogonal,Orthogonal MLP,1.0,200.0,100801,0.9980198215859248,3.0,0.06037217283079653,5.328578567071471e-07,0.04206624347492433,1.176438529327445,0.99999899007564,0.11015971416607857,1001,91.92813947587274
voronoi_K64_d100,64 signed Voronoi tents,Hard,voronoi,64,32345,0.2,100,1000,2000,101001,l2,1.0,cv,0.2735418087543566,5,0.09312364392294684,1000,1000,1000.0,1000,10.433011867409832,1.0,0.05131121300858622,0.05131774531841501,spectral,Spectral MLP,1.0,200.0,100801,0.9980198215859248,3.0,0.06424339000232891,3.2482296949133125e-10,0.04207488860002662,1.2518747580142737,0.9999990105654494,0.1132129419481337,1001,13.514040385140106
voronoi_K64_d100,64 signed Voronoi tents,Hard,voronoi,64,32345,0.2,100,1000,2000,101001,l2,1.0,cv,0.2735418087543566,5,0.09312364392294684,1000,1000,1000.0,1000,10.433011867409832,1.0,0.05131121300858622,0.05131774531841501,unconstrained,ReLU MLP,1.0,200.0,100801,0.9980198215859248,3.0,0.07096534227712362,1.0167358889449415e-15,0.042075300497525704,1.3828616560762697,5.3165498328609955,0.12326518529460204,1001,11.090961568057537
voronoi_K64_d100,64 signed Voronoi tents,Hard,voronoi,64,33345,0.2,100,1000,2000,101001,l2,1.0,cv,0.25955045313274105,5,0.08889892746114589,1000,44,380.796,870,8.013762738735089,1.0,0.047605676962623224,0.04776610864152353,constant,Training-mean constant,,,1,9.900892070375541e-06,,0.04776610864152353,0.08892083781401243,0.04829160846278387,1.0,0.0,0.0,0,0.0
voronoi_K64_d100,64 signed Voronoi tents,Hard,voronoi,64,33345,0.2,100,1000,2000,101001,l2,1.0,cv,0.25955045313274105,5,0.08889892746114589,1000,44,380.796,870,8.013762738735089,1.0,0.047605676962623224,0.04776610864152353,formula,Formula,1.0,,101001,1.0,,0.047546316361581846,0.0874588153888362,0.04728700792202604,0.9953985726241342,1.0,0.011767632158583707,0,0.8899729889817536
voronoi_K64_d100,64 signed Voronoi tents,Hard,voronoi,64,33345,0.2,100,1000,2000,101001,l2,1.0,cv,0.25955045313274105,5,0.08889892746114589,1000,44,380.796,870,8.013762738735089,1.0,0.047605676962623224,0.04776610864152353,orthogonal,Orthogonal MLP,1.0,200.0,100801,0.9980198215859248,3.0,0.054777598842694425,4.4022345650555574e-13,0.03813934273437357,1.146787971651426,0.999999030115912,0.09843377380781151,1001,91.82668596506119
voronoi_K64_d100,64 signed Voronoi tents,Hard,voronoi,64,33345,0.2,100,1000,2000,101001,l2,1.0,cv,0.25955045313274105,5,0.08889892746114589,1000,44,380.796,870,8.013762738735089,1.0,0.047605676962623224,0.04776610864152353,spectral,Spectral MLP,1.0,200.0,100801,0.9980198215859248,3.0,0.05785128679668983,6.785540493850606e-14,0.038139448287507025,1.2111366917253785,0.9999990047779083,0.11216053363683157,1001,13.616005985997617
voronoi_K64_d100,64 signed Voronoi tents,Hard,voronoi,64,33345,0.2,100,1000,2000,101001,l2,1.0,cv,0.25955045313274105,5,0.08889892746114589,1000,44,380.796,870,8.013762738735089,1.0,0.047605676962623224,0.04776610864152353,unconstrained,ReLU MLP,1.0,200.0,100801,0.9980198215859248,3.0,0.0647575031604357,9.510866190290434e-16,0.03813951635094095,1.355720719190874,5.453877051840597,0.12920530910903313,1001,10.499780805082992
voronoi_K64_d100,64 signed Voronoi tents,Hard,voronoi,64,34345,0.2,100,1000,2000,101001,l2,1.0,cv,0.24230753163317706,5,0.0860991967726013,1000,869,986.928,1000,9.22338730307246,1.0,0.04791611059428428,0.04792840581717857,constant,Training-mean constant,,,1,9.900892070375541e-06,,0.04792840581717857,0.08586235390039594,0.05090703499041586,1.0,0.0,0.0,0,0.0
voronoi_K64_d100,64 signed Voronoi tents,Hard,voronoi,64,34345,0.2,100,1000,2000,101001,l2,1.0,cv,0.24230753163317706,5,0.0860991967726013,1000,869,986.928,1000,9.22338730307246,1.0,0.04791611059428428,0.04792840581717857,formula,Formula,1.0,,101001,1.0,,0.047934223397981576,0.08586063943849256,0.05090555262954928,1.0001213806448142,1.0,0.0011241454832642838,0,0.9024942920077592
voronoi_K64_d100,64 signed Voronoi tents,Hard,voronoi,64,34345,0.2,100,1000,2000,101001,l2,1.0,cv,0.24230753163317706,5,0.0860991967726013,1000,869,986.928,1000,9.22338730307246,1.0,0.04791611059428428,0.04792840581717857,orthogonal,Orthogonal MLP,1.0,200.0,100801,0.9980198215859248,3.0,0.05680687643420492,4.5309538645424743e-13,0.03857013866856769,1.1852444383586012,0.9999990138500997,0.11556824732332517,1001,92.10527311381884
voronoi_K64_d100,64 signed Voronoi tents,Hard,voronoi,64,34345,0.2,100,1000,2000,101001,l2,1.0,cv,0.24230753163317706,5,0.0860991967726013,1000,869,986.928,1000,9.22338730307246,1.0,0.04791611059428428,0.04792840581717857,spectral,Spectral MLP,1.0,200.0,100801,0.9980198215859248,3.0,0.058242422073012425,1.1070891386427564e-13,0.038570221826942204,1.215196313751314,0.9999989993160449,0.11468395479944908,1001,13.775891113094985
voronoi_K64_d100,64 signed Voronoi tents,Hard,voronoi,64,34345,0.2,100,1000,2000,101001,l2,1.0,cv,0.24230753163317706,5,0.0860991967726013,1000,869,986.928,1000,9.22338730307246,1.0,0.04791611059428428,0.04792840581717857,unconstrained,ReLU MLP,1.0,200.0,100801,0.9980198215859248,3.0,0.06375751104643043,1.1953267903030928e-15,0.038570304086381714,1.3302656318182478,5.171759644377244,0.13219736896211412,1001,10.938772169873118
voronoi_K64_d100,64 signed Voronoi tents,Hard,voronoi,64,35345,0.2,100,1000,2000,101001,l2,1.0,cv,0.25995233359531605,5,0.08299666153891479,1000,3,67.914,293,7.408950456566403,1.0,0.04681189560698797,0.04685834804206322,constant,Training-mean constant,,,1,9.900892070375541e-06,,0.04685834804206322,0.08345056168855253,0.04774830476061042,1.0,0.0,0.0,0,0.0
voronoi_K64_d100,64 signed Voronoi tents,Hard,voronoi,64,35345,0.2,100,1000,2000,101001,l2,1.0,cv,0.25995233359531605,5,0.08299666153891479,1000,3,67.914,293,7.408950456566403,1.0,0.04681189560698797,0.04685834804206322,formula,Formula,1.0,,101001,1.0,,0.047239989119641605,0.07869754201941495,0.04573234056215309,1.0081445696129918,1.0,0.03555927493568811,0,0.8909849049523473
voronoi_K64_d100,64 signed Voronoi tents,Hard,voronoi,64,35345,0.2,100,1000,2000,101001,l2,1.0,cv,0.25995233359531605,5,0.08299666153891479,1000,3,67.914,293,7.408950456566403,1.0,0.04681189560698797,0.04685834804206322,orthogonal,Orthogonal MLP,1.0,200.0,100801,0.9980198215859248,3.0,0.05879228639323533,0.0033503068702615355,0.040745601692276194,1.2546811582102595,0.9999990128296248,0.10219829589637924,1001,91.60019873105921
voronoi_K64_d100,64 signed Voronoi tents,Hard,voronoi,64,35345,0.2,100,1000,2000,101001,l2,1.0,cv,0.25995233359531605,5,0.08299666153891479,1000,3,67.914,293,7.408950456566403,1.0,0.04681189560698797,0.04685834804206322,spectral,Spectral MLP,1.0,200.0,100801,0.9980198215859248,3.0,0.06040816599170785,3.7683181614051675e-12,0.038964907090840196,1.2891655065919394,0.9999989302610053,0.1211585674430336,1001,13.682597246021032
voronoi_K64_d100,64 signed Voronoi tents,Hard,voronoi,64,35345,0.2,100,1000,2000,101001,l2,1.0,cv,0.25995233359531605,5,0.08299666153891479,1000,3,67.914,293,7.408950456566403,1.0,0.04681189560698797,0.04685834804206322,unconstrained,ReLU MLP,1.0,200.0,100801,0.9980198215859248,3.0,0.06383618882141358,1.1793424389331687e-15,0.03896500474478047,1.3623226487649522,5.0007777261469535,0.13146457327079464,1001,10.714692630106583
voronoi_K64_d100,64 signed Voronoi tents,Hard,voronoi,64,36345,0.2,100,1000,2000,101001,l2,1.0,cv,0.2406135354064535,5,0.07975717082926218,1000,316,820.486,990,8.618575020903775,1.0,0.047325281987412364,0.04734709473216005,constant,Training-mean constant,,,1,9.900892070375541e-06,,0.04734709473216005,0.07956515714716297,0.04501494311921673,1.0,0.0,0.0,0,0.0
voronoi_K64_d100,64 signed Voronoi tents,Hard,voronoi,64,36345,0.2,100,1000,2000,101001,l2,1.0,cv,0.2406135354064535,5,0.07975717082926218,1000,316,820.486,990,8.618575020903775,1.0,0.047325281987412364,0.04734709473216005,formula,Formula,1.0,,101001,1.0,,0.04732414856678719,0.07949516086148528,0.044932143528015334,0.9995153627587361,1.0,0.0035667119234737005,0,0.9194340719841421
voronoi_K64_d100,64 signed Voronoi tents,Hard,voronoi,64,36345,0.2,100,1000,2000,101001,l2,1.0,cv,0.2406135354064535,5,0.07975717082926218,1000,316,820.486,990,8.618575020903775,1.0,0.047325281987412364,0.04734709473216005,orthogonal,Orthogonal MLP,1.0,200.0,100801,0.9980198215859248,3.0,0.053775974484891194,4.532384193402231e-13,0.04194264314558066,1.1357819268341378,0.9999990262891296,0.08955950443935104,1001,91.93722924101166
voronoi_K64_d100,64 signed Voronoi tents,Hard,voronoi,64,36345,0.2,100,1000,2000,101001,l2,1.0,cv,0.2406135354064535,5,0.07975717082926218,1000,316,820.486,990,8.618575020903775,1.0,0.047325281987412364,0.04734709473216005,spectral,Spectral MLP,1.0,200.0,100801,0.9980198215859248,3.0,0.05948760896835787,1.0447644453762924e-10,0.041943004453376266,1.256415188827869,0.9999989860218728,0.11417827423309329,1001,13.905115803005174
voronoi_K64_d100,64 signed Voronoi tents,Hard,voronoi,64,36345,0.2,100,1000,2000,101001,l2,1.0,cv,0.2406135354064535,5,0.07975717082926218,1000,316,820.486,990,8.618575020903775,1.0,0.047325281987412364,0.04734709473216005,unconstrained,ReLU MLP,1.0,200.0,100801,0.9980198215859248,3.0,0.06464652574179316,9.453871023049907e-16,0.04194282392968705,1.3653747100533848,4.9942935516487195,0.13397140855133183,1001,11.108939240919426
voronoi_K64_d100,64 signed Voronoi tents,Hard,voronoi,64,37345,0.2,100,1000,2000,101001,l2,1.0,cv,0.2861599320897428,5,0.09445066708701721,1000,961,998.282,1000,9.525793444156804,1.0,0.047280921463959215,0.04728119437176625,constant,Training-mean constant,,,1,9.900892070375541e-06,,0.04728119437176625,0.09417800468811656,0.05197045266375406,1.0,0.0,0.0,0,0.0
voronoi_K64_d100,64 signed Voronoi tents,Hard,voronoi,64,37345,0.2,100,1000,2000,101001,l2,1.0,cv,0.2861599320897428,5,0.09445066708701721,1000,961,998.282,1000,9.525793444156804,1.0,0.047280921463959215,0.04728119437176625,formula,Formula,1.0,,101001,1.0,,0.04727780602120806,0.09417577995156946,0.051964892020504826,0.9999283361894045,1.0,0.00031451586124140216,0,0.8916741558350623
voronoi_K64_d100,64 signed Voronoi tents,Hard,voronoi,64,37345,0.2,100,1000,2000,101001,l2,1.0,cv,0.2861599320897428,5,0.09445066708701721,1000,961,998.282,1000,9.525793444156804,1.0,0.047280921463959215,0.04728119437176625,orthogonal,Orthogonal MLP,1.0,200.0,100801,0.9980198215859248,3.0,0.05243343059756556,5.639062322492306e-13,0.041169578309265376,1.1089700946487924,0.9999989693026944,0.08975032799400072,1001,91.69440800393932
voronoi_K64_d100,64 signed Voronoi tents,Hard,voronoi,64,37345,0.2,100,1000,2000,101001,l2,1.0,cv,0.2861599320897428,5,0.09445066708701721,1000,961,998.282,1000,9.525793444156804,1.0,0.047280921463959215,0.04728119437176625,spectral,Spectral MLP,1.0,200.0,100801,0.9980198215859248,3.0,0.05657722293830271,6.166861416141815e-10,0.0411697098587701,1.1966115427085646,0.9999989083818797,0.11429443985825363,1001,13.578190501080826
voronoi_K64_d100,64 signed Voronoi tents,Hard,voronoi,64,37345,0.2,100,1000,2000,101001,l2,1.0,cv,0.2861599320897428,5,0.09445066708701721,1000,961,998.282,1000,9.525793444156804,1.0,0.047280921463959215,0.04728119437176625,unconstrained,ReLU MLP,1.0,200.0,100801,0.9980198215859248,3.0,0.06366411686323295,1.1409758224905893e-15,0.041169779412331485,1.346499759770233,5.560975410496657,0.128855789632596,1001,10.60510728112422
voronoi_K64_d100,64 signed Voronoi tents,Hard,voronoi,64,38345,0.2,100,1000,2000,101001,l2,1.0,cv,0.31457139597996203,5,0.09107136134794014,1000,20,193.1,562,7.711356597650745,1.0,0.05458070812549715,0.05464635562685782,constant,Training-mean constant,,,1,9.900892070375541e-06,,0.05464635562685782,0.09135569407897697,0.05469617645864534,1.0,0.0,0.0,0,0.0
voronoi_K64_d100,64 signed Voronoi tents,Hard,voronoi,64,38345,0.2,100,1000,2000,101001,l2,1.0,cv,0.31457139597996203,5,0.09107136134794014,1000,20,193.1,562,7.711356597650745,1.0,0.05458070812549715,0.05464635562685782,formula,Formula,1.0,,101001,1.0,,0.054745098839435916,0.08878131199488787,0.052635927476079244,1.0018069496391002,1.0,0.01837923880539642,0,0.9117109368089586
voronoi_K64_d100,64 signed Voronoi tents,Hard,voronoi,64,38345,0.2,100,1000,2000,101001,l2,1.0,cv,0.31457139597996203,5,0.09107136134794014,1000,20,193.1,562,7.711356597650745,1.0,0.05458070812549715,0.05464635562685782,orthogonal,Orthogonal MLP,1.0,200.0,100801,0.9980198215859248,3.0,0.061082392953765295,4.807885392171429e-13,0.03935740541584588,1.1177761490785354,0.9999989911802609,0.11785639601109507,1001,95.30022119893692
voronoi_K64_d100,64 signed Voronoi tents,Hard,voronoi,64,38345,0.2,100,1000,2000,101001,l2,1.0,cv,0.31457139597996203,5,0.09107136134794014,1000,20,193.1,562,7.711356597650745,1.0,0.05458070812549715,0.05464635562685782,spectral,Spectral MLP,1.0,200.0,100801,0.9980198215859248,3.0,0.06403354491583813,9.26495385061507e-06,0.0388938816107973,1.1717807012251453,0.9999990179946076,0.1344347234068114,1001,14.128617321141064
voronoi_K64_d100,64 signed Voronoi tents,Hard,voronoi,64,38345,0.2,100,1000,2000,101001,l2,1.0,cv,0.31457139597996203,5,0.09107136134794014,1000,20,193.1,562,7.711356597650745,1.0,0.05458070812549715,0.05464635562685782,unconstrained,ReLU MLP,1.0,200.0,100801,0.9980198215859248,3.0,0.06986262086915318,1.1389135882045235e-15,0.039357578362910074,1.2784497715858074,4.970203514915892,0.187557504335882,1001,10.807209441205487
voronoi_K64_d100,64 signed Voronoi tents,Hard,voronoi,64,39345,0.2,100,1000,2000,101001,l2,1.0,cv,0.28952971507409264,5,0.08415808742143843,1000,64,373.226,832,8.013762738735089,1.0,0.05126536511571849,0.05126939577496423,constant,Training-mean constant,,,1,9.900892070375541e-06,,0.05126939577496423,0.08417828171554513,0.04771439178328022,1.0,0.0,0.0,0,0.0
voronoi_K64_d100,64 signed Voronoi tents,Hard,voronoi,64,39345,0.2,100,1000,2000,101001,l2,1.0,cv,0.28952971507409264,5,0.08415808742143843,1000,64,373.226,832,8.013762738735089,1.0,0.05126536511571849,0.05126939577496423,formula,Formula,1.0,,101001,1.0,,0.05098445438755322,0.08305137047322432,0.0467106865584316,0.9944422713959474,1.0,0.009801718344902283,0,0.9211105578579009
voronoi_K64_d100,64 signed Voronoi tents,Hard,voronoi,64,39345,0.2,100,1000,2000,101001,l2,1.0,cv,0.28952971507409264,5,0.08415808742143843,1000,64,373.226,832,8.013762738735089,1.0,0.05126536511571849,0.05126939577496423,orthogonal,Orthogonal MLP,1.0,200.0,100801,0.9980198215859248,3.0,0.05741404019184947,4.921092444020805e-13,0.03973819030758068,1.119850143033786,0.9999989986237624,0.09580839467237656,1001,91.1969136048574
voronoi_K64_d100,64 signed Voronoi tents,Hard,voronoi,64,39345,0.2,100,1000,2000,101001,l2,1.0,cv,0.28952971507409264,5,0.08415808742143843,1000,64,373.226,832,8.013762738735089,1.0,0.05126536511571849,0.05126939577496423,spectral,Spectral MLP,1.0,200.0,100801,0.9980198215859248,3.0,0.06222472839418409,2.5787135160317523e-07,0.03963791792121732,1.2136817189597062,0.9999989859522916,0.11628807614047683,1001,13.515626684064046
voronoi_K64_d100,64 signed Voronoi tents,Hard,voronoi,64,39345,0.2,100,1000,2000,101001,l2,1.0,cv,0.28952971507409264,5,0.08415808742143843,1000,64,373.226,832,8.013762738735089,1.0,0.05126536511571849,0.05126939577496423,unconstrained,ReLU MLP,1.0,200.0,100801,0.9980198215859248,3.0,0.06673690924903093,3.456407502283092e-15,0.03973837076378246,1.3016909647610821,5.506092058954981,0.14407391498330238,1001,10.912610383937135
voronoi_K64_d100,64 signed Voronoi tents,Hard,voronoi,64,40345,0.2,100,1000,2000,101001,l2,1.0,cv,0.32025939113386737,5,0.08961222641356795,1000,441,834.486,997,8.618575020903775,1.0,0.04963499974891589,0.04964005143959004,constant,Training-mean constant,,,1,9.900892070375541e-06,,0.04964005143959004,0.08933811668061585,0.049702274241640594,1.0,0.0,0.0,0,0.0
voronoi_K64_d100,64 signed Voronoi tents,Hard,voronoi,64,40345,0.2,100,1000,2000,101001,l2,1.0,cv,0.32025939113386737,5,0.08961222641356795,1000,441,834.486,997,8.618575020903775,1.0,0.04963499974891589,0.04964005143959004,formula,Formula,1.0,,101001,1.0,,0.049588974060884514,0.08917642018479603,0.04961490283380201,0.9989710450085313,1.0,0.003882193862492791,0,0.9559455420821905
voronoi_K64_d100,64 signed Voronoi tents,Hard,voronoi,64,40345,0.2,100,1000,2000,101001,l2,1.0,cv,0.32025939113386737,5,0.08961222641356795,1000,441,834.486,997,8.618575020903775,1.0,0.04963499974891589,0.04964005143959004,orthogonal,Orthogonal MLP,1.0,200.0,100801,0.9980198215859248,3.0,0.05788260756272284,5.085201159315802e-13,0.04069467316941945,1.1660464863370188,0.9999989985726547,0.09672522203529874,1001,92.04364928416908
voronoi_K64_d100,64 signed Voronoi tents,Hard,voronoi,64,40345,0.2,100,1000,2000,101001,l2,1.0,cv,0.32025939113386737,5,0.08961222641356795,1000,441,834.486,997,8.618575020903775,1.0,0.04963499974891589,0.04964005143959004,spectral,Spectral MLP,1.0,200.0,100801,0.9980198215859248,3.0,0.06186128512888028,1.5900527174927793e-13,0.04069475817898452,1.2461970391824229,0.999998981012257,0.1205509889647483,1001,13.478183929109946
voronoi_K64_d100,64 signed Voronoi tents,Hard,voronoi,64,40345,0.2,100,1000,2000,101001,l2,1.0,cv,0.32025939113386737,5,0.08961222641356795,1000,441,834.486,997,8.618575020903775,1.0,0.04963499974891589,0.04964005143959004,unconstrained,ReLU MLP,1.0,200.0,100801,0.9980198215859248,3.0,0.06764108536046028,1.4282296614624781e-15,0.04069486385760234,1.3626312503478522,5.0857841571146745,0.13054951518372018,1001,10.864818864967674
voronoi_K64_d100,64 signed Voronoi tents,Hard,voronoi,64,41345,0.2,100,1000,2000,101001,l2,1.0,cv,0.2568481082131589,5,0.08789049733130364,1000,25,185.162,689,7.711356597650745,1.0,0.04874256473867815,0.048766984395099355,constant,Training-mean constant,,,1,9.900892070375541e-06,,0.048766984395099355,0.08827258795596345,0.04998154826979236,1.0,0.0,0.0,0,0.0
voronoi_K64_d100,64 signed Voronoi tents,Hard,voronoi,64,41345,0.2,100,1000,2000,101001,l2,1.0,cv,0.2568481082131589,5,0.08789049733130364,1000,25,185.162,689,7.711356597650745,1.0,0.04874256473867815,0.048766984395099355,formula,Formula,1.0,,101001,1.0,,0.04863084551483727,0.08565659252627096,0.04788465519890578,0.9972083801787062,1.0,0.020831877874424767,0,0.9049470780882984
voronoi_K64_d100,64 signed Voronoi tents,Hard,voronoi,64,41345,0.2,100,1000,2000,101001,l2,1.0,cv,0.2568481082131589,5,0.08789049733130364,1000,25,185.162,689,7.711356597650745,1.0,0.04874256473867815,0.048766984395099355,orthogonal,Orthogonal MLP,1.0,200.0,100801,0.9980198215859248,3.0,0.05239375864968097,4.4232265371975906e-13,0.039179356377602614,1.0743694591652067,0.9999990135754144,0.10915439255006269,1001,91.70745647093281
voronoi_K64_d100,64 signed Voronoi tents,Hard,voronoi,64,41345,0.2,100,1000,2000,101001,l2,1.0,cv,0.2568481082131589,5,0.08789049733130364,1000,25,185.162,689,7.711356597650745,1.0,0.04874256473867815,0.048766984395099355,spectral,Spectral MLP,1.0,200.0,100801,0.9980198215859248,3.0,0.05715423642669478,1.2372595501152052e-13,0.039179438842753614,1.171986275871474,0.9999989954861337,0.11703905977716114,1001,13.518823429942131
voronoi_K64_d100,64 signed Voronoi tents,Hard,voronoi,64,41345,0.2,100,1000,2000,101001,l2,1.0,cv,0.2568481082131589,5,0.08789049733130364,1000,25,185.162,689,7.711356597650745,1.0,0.04874256473867815,0.048766984395099355,unconstrained,ReLU MLP,1.0,200.0,100801,0.9980198215859248,3.0,0.06308147542023022,1.0251251376811848e-15,0.039179530202964004,1.2935283204956456,4.964887860520029,0.12297060241622268,1001,10.699779100948945
folds_T1_d100,Folding: 1 layer,Tied,folds,1,12345,0.8,100,1000,2000,101001,l2,1.0,cv,0.7380988818280602,5,0.7010371887702764,1000,413,838.212,993,8.618575020903775,1.0,0.11742387296509704,0.11748235919942493,constant,Training-mean constant,,,1,9.900892070375541e-06,,0.11748235919942493,0.7005736217593516,0.11784014458276879,1.0,0.0,0.0,0,0.0
folds_T1_d100,Folding: 1 layer,Tied,folds,1,12345,0.8,100,1000,2000,101001,l2,1.0,cv,0.7380988818280602,5,0.7010371887702764,1000,413,838.212,993,8.618575020903775,1.0,0.11742387296509704,0.11748235919942493,formula,Formula,1.0,,101001,1.0,,0.11739900725255265,0.7010235369543464,0.1185476458569521,0.9992905152106216,1.0,0.007705132330782823,0,0.8935094329062849
folds_T1_d100,Folding: 1 layer,Tied,folds,1,12345,0.8,100,1000,2000,101001,l2,1.0,cv,0.7380988818280602,5,0.7010371887702764,1000,413,838.212,993,8.618575020903775,1.0,0.11742387296509704,0.11748235919942493,orthogonal,Orthogonal MLP,1.0,200.0,100801,0.9980198215859248,3.0,0.16366218282870124,0.010743261049093367,0.49081988543199573,1.3930787902453219,0.9999989808051681,0.23122714518825496,1001,90.90895152813755
folds_T1_d100,Folding: 1 layer,Tied,folds,1,12345,0.8,100,1000,2000,101001,l2,1.0,cv,0.7380988818280602,5,0.7010371887702764,1000,413,838.212,993,8.618575020903775,1.0,0.11742387296509704,0.11748235919942493,spectral,Spectral MLP,1.0,200.0,100801,0.9980198215859248,3.0,0.16973387842693388,0.1530068905432492,0.23500536607357955,1.4447605545511102,0.9999989916797688,0.21860836431580227,1001,13.039765386842191
folds_T1_d100,Folding: 1 layer,Tied,folds,1,12345,0.8,100,1000,2000,101001,l2,1.0,cv,0.7380988818280602,5,0.7010371887702764,1000,413,838.212,993,8.618575020903775,1.0,0.11742387296509704,0.11748235919942493,unconstrained,ReLU MLP,1.0,200.0,100801,0.9980198215859248,3.0,0.35166403511729605,1.5059341327505797e-14,0.6153080148803084,2.993334807997433,13.177295712503462,0.36812861416401926,1001,10.815858996007591
folds_T1_d100,Folding: 1 layer,Tied,folds,1,13345,0.8,100,1000,2000,101001,l2,1.0,cv,0.7484318562520988,5,0.7266446451662141,1000,997,999.988,1000,10.130605726325488,1.0,0.12249064856419614,0.12376089836366494,constant,Training-mean constant,,,1,9.900892070375541e-06,,0.12376089836366494,0.7255875271301406,0.12479554554762003,1.0,0.0,0.0,0,0.0
folds_T1_d100,Folding: 1 layer,Tied,folds,1,13345,0.8,100,1000,2000,101001,l2,1.0,cv,0.7484318562520988,5,0.7266446451662141,1000,997,999.988,1000,10.130605726325488,1.0,0.12249064856419614,0.12376089836366494,formula,Formula,1.0,,101001,1.0,,0.12376068153120588,0.7255857187373956,0.12479699122407434,0.9999982479728095,1.0,0.0,0,0.9105942060705274
folds_T1_d100,Folding: 1 layer,Tied,folds,1,13345,0.8,100,1000,2000,101001,l2,1.0,cv,0.7484318562520988,5,0.7266446451662141,1000,997,999.988,1000,10.130605726325488,1.0,0.12249064856419614,0.12376089836366494,orthogonal,Orthogonal MLP,1.0,200.0,100801,0.9980198215859248,3.0,0.18254954570808138,0.011443734558412877,0.46679963808459046,1.4750179428373982,0.9999989962266098,0.22139685026592484,1001,91.31073252321221
folds_T1_d100,Folding: 1 layer,Tied,folds,1,13345,0.8,100,1000,2000,101001,l2,1.0,cv,0.7484318562520988,5,0.7266446451662141,1000,997,999.988,1000,10.130605726325488,1.0,0.12249064856419614,0.12376089836366494,spectral,Spectral MLP,1.0,200.0,100801,0.9980198215859248,3.0,0.18403888930043016,0.17576384922038268,0.20469509675375588,1.4870519827647137,0.9999990002811223,0.20585676149960505,1001,13.215440546860918
folds_T1_d100,Folding: 1 layer,Tied,folds,1,13345,0.8,100,1000,2000,101001,l2,1.0,cv,0.7484318562520988,5,0.7266446451662141,1000,997,999.988,1000,10.130605726325488,1.0,0.12249064856419614,0.12376089836366494,unconstrained,ReLU MLP,1.0,200.0,100801,0.9980198215859248,3.0,0.35905602670533115,6.286091452419581e-12,0.5973718422680641,2.9012073397387903,13.082763961861165,0.40811458032126136,1001,10.521144676022232
folds_T1_d100,Folding: 1 layer,Tied,folds,1,14345,0.8,100,1000,2000,101001,l2,1.0,cv,0.7882376351370671,5,0.788000391315637,1000,991,999.824,1000,9.828199585241146,1.0,0.11604498482355952,0.11627515862853732,constant,Training-mean constant,,,1,9.900892070375541e-06,,0.11627515862853732,0.7864842956879259,0.12084526645036371,1.0,0.0,0.0,0,0.0
folds_T1_d100,Folding: 1 layer,Tied,folds,1,14345,0.8,100,1000,2000,101001,l2,1.0,cv,0.7882376351370671,5,0.788000391315637,1000,991,999.824,1000,9.828199585241146,1.0,0.11604498482355952,0.11627515862853732,formula,Formula,1.0,,101001,1.0,,0.11627785142123034,0.7864724663916877,0.12084174592338857,1.0000231587961246,1.0,0.0005999827399749355,0,0.9125408891122788
folds_T1_d100,Folding: 1 layer,Tied,folds,1,14345,0.8,100,1000,2000,101001,l2,1.0,cv,0.7882376351370671,5,0.788000391315637,1000,991,999.824,1000,9.828199585241146,1.0,0.11604498482355952,0.11627515862853732,orthogonal,Orthogonal MLP,1.0,200.0,100801,0.9980198215859248,3.0,0.1765992373952685,0.02178883573703297,0.45879351018333353,1.5188045277964117,0.999999003036892,0.22483225181122385,1001,91.26502080610953
folds_T1_d100,Folding: 1 layer,Tied,folds,1,14345,0.8,100,1000,2000,101001,l2,1.0,cv,0.7882376351370671,5,0.788000391315637,1000,991,999.824,1000,9.828199585241146,1.0,0.11604498482355952,0.11627515862853732,spectral,Spectral MLP,1.0,200.0,100801,0.9980198215859248,3.0,0.1813096515510081,0.22167573156034623,0.19268994322684177,1.559315452152902,0.9999988890283334,0.23773612620472934,1001,13.26847186498344
folds_T1_d100,Folding: 1 layer,Tied,folds,1,14345,0.8,100,1000,2000,101001,l2,1.0,cv,0.7882376351370671,5,0.788000391315637,1000,991,999.824,1000,9.828199585241146,1.0,0.11604498482355952,0.11627515862853732,unconstrained,ReLU MLP,1.0,200.0,100801,0.9980198215859248,3.0,0.41274609661008566,2.475157443655152e-14,0.6403879842430636,3.5497358290318917,17.22178059652352,0.471886729974356,1001,10.859951067948714
folds_T1_d100,Folding: 1 layer,Tied,folds,1,15345,0.8,100,1000,2000,101001,l2,1.0,cv,0.748244097058783,5,0.7960882729928974,1000,814,986.826,1000,9.22338730307246,1.0,0.1170334713185178,0.11707966548925995,constant,Training-mean constant,,,1,9.900892070375541e-06,,0.11707966548925995,0.7952642902341259,0.11540913525280015,1.0,0.0,0.0,0,0.0
folds_T1_d100,Folding: 1 layer,Tied,folds,1,15345,0.8,100,1000,2000,101001,l2,1.0,cv,0.748244097058783,5,0.7960882729928974,1000,814,986.826,1000,9.22338730307246,1.0,0.1170334713185178,0.11707966548925995,formula,Formula,1.0,,101001,1.0,,0.11711480034961157,0.7950048264287345,0.11538143484832568,1.0003000936174937,1.0,0.003912503763272297,0,0.9055081219412386
folds_T1_d100,Folding: 1 layer,Tied,folds,1,15345,0.8,100,1000,2000,101001,l2,1.0,cv,0.748244097058783,5,0.7960882729928974,1000,814,986.826,1000,9.22338730307246,1.0,0.1170334713185178,0.11707966548925995,orthogonal,Orthogonal MLP,1.0,200.0,100801,0.9980198215859248,3.0,0.1768219186712552,0.020855624028355436,0.49189827340398523,1.510270104824271,0.9999989956029763,0.21856186720373916,1001,90.92060986207798
folds_T1_d100,Folding: 1 layer,Tied,folds,1,15345,0.8,100,1000,2000,101001,l2,1.0,cv,0.748244097058783,5,0.7960882729928974,1000,814,986.826,1000,9.22338730307246,1.0,0.1170334713185178,0.11707966548925995,spectral,Spectral MLP,1.0,200.0,100801,0.9980198215859248,3.0,0.16801471175233262,0.20493190130521868,0.21167429462236434,1.435046052192087,0.999998989748608,0.19691916287920042,1001,13.383957162965089
folds_T1_d100,Folding: 1 layer,Tied,folds,1,15345,0.8,100,1000,2000,101001,l2,1.0,cv,0.748244097058783,5,0.7960882729928974,1000,814,986.826,1000,9.22338730307246,1.0,0.1170334713185178,0.11707966548925995,unconstrained,ReLU MLP,1.0,200.0,100801,0.9980198215859248,3.0,0.35720528797554096,9.5838198344925e-15,0.6786985672385702,3.0509592462775563,12.506606128911095,0.4166529041194929,1001,10.490146529162303
folds_T1_d100,Folding: 1 layer,Tied,folds,1,16345,0.8,100,1000,2000,101001,l2,1.0,cv,0.7006766530498055,5,0.7497866040908748,1000,992,999.834,1000,9.828199585241146,1.0,0.11958974498515793,0.11960020358479626,constant,Training-mean constant,,,1,9.900892070375541e-06,,0.11960020358479626,0.7491137550059856,0.1271754287202012,1.0,0.0,0.0,0,0.0
folds_T1_d100,Folding: 1 layer,Tied,folds,1,16345,0.8,100,1000,2000,101001,l2,1.0,cv,0.7006766530498055,5,0.7497866040908748,1000,992,999.834,1000,9.828199585241146,1.0,0.11958974498515793,0.11960020358479626,formula,Formula,1.0,,101001,1.0,,0.1196016649535174,0.7491572714354504,0.12718714244399956,1.0000122187812173,1.0,0.00045360075938794426,0,0.9001466089393944
folds_T1_d100,Folding: 1 layer,Tied,folds,1,16345,0.8,100,1000,2000,101001,l2,1.0,cv,0.7006766530498055,5,0.7497866040908748,1000,992,999.834,1000,9.828199585241146,1.0,0.11958974498515793,0.11960020358479626,orthogonal,Orthogonal MLP,1.0,200.0,100801,0.9980198215859248,3.0,0.18074459325483633,0.012389527911236176,0.4738939947602521,1.5112398460650516,0.9999990251854842,0.21350094284006552,1001,91.48362171207555
folds_T1_d100,Folding: 1 layer,Tied,folds,1,16345,0.8,100,1000,2000,101001,l2,1.0,cv,0.7006766530498055,5,0.7497866040908748,1000,992,999.834,1000,9.828199585241146,1.0,0.11958974498515793,0.11960020358479626,spectral,Spectral MLP,1.0,200.0,100801,0.9980198215859248,3.0,0.1774975092498832,0.17048856424988396,0.21229283690655104,1.484090360465297,0.9999990013317366,0.20063275128731536,1001,13.172142914962023
folds_T1_d100,Folding: 1 layer,Tied,folds,1,16345,0.8,100,1000,2000,101001,l2,1.0,cv,0.7006766530498055,5,0.7497866040908748,1000,992,999.834,1000,9.828199585241146,1.0,0.11958974498515793,0.11960020358479626,unconstrained,ReLU MLP,1.0,200.0,100801,0.9980198215859248,3.0,0.37056265607547184,1.179962105805691e-14,0.6120882990709611,3.098344693140458,11.39099387062633,0.40591092481893143,1001,10.603285595076159
folds_T1_d100,Folding: 1 layer,Tied,folds,1,17345,0.8,100,1000,2000,101001,l2,1.0,cv,0.7113081372216155,5,0.7077417967943856,1000,881,987.2,1000,9.22338730307246,1.0,0.12170894472556362,0.12170983823079327,constant,Training-mean constant,,,1,9.900892070375541e-06,,0.12170983823079327,0.7058634344179177,0.11549754028172868,1.0,0.0,0.0,0,0.0
folds_T1_d100,Folding: 1 layer,Tied,folds,1,17345,0.8,100,1000,2000,101001,l2,1.0,cv,0.7113081372216155,5,0.7077417967943856,1000,881,987.2,1000,9.22338730307246,1.0,0.12170894472556362,0.12170983823079327,formula,Formula,1.0,,101001,1.0,,0.12172322122766031,0.7057677429244155,0.11549125444923113,1.0001099582175244,1.0,0.0030284521665329923,0,0.9027533470652997
folds_T1_d100,Folding: 1 layer,Tied,folds,1,17345,0.8,100,1000,2000,101001,l2,1.0,cv,0.7113081372216155,5,0.7077417967943856,1000,881,987.2,1000,9.22338730307246,1.0,0.12170894472556362,0.12170983823079327,orthogonal,Orthogonal MLP,1.0,200.0,100801,0.9980198215859248,3.0,0.1816905816721712,0.0105179013850988,0.48347057649446923,1.4928175430456079,0.9999990202739933,0.19691959099132467,1001,91.09258938999847
folds_T1_d100,Folding: 1 layer,Tied,folds,1,17345,0.8,100,1000,2000,101001,l2,1.0,cv,0.7113081372216155,5,0.7077417967943856,1000,881,987.2,1000,9.22338730307246,1.0,0.12170894472556362,0.12170983823079327,spectral,Spectral MLP,1.0,200.0,100801,0.9980198215859248,3.0,0.1864154606592651,0.15076983310098035,0.2262746350429243,1.5316383898709425,0.999998991469484,0.20078443572603083,1001,13.198774605058134
folds_T1_d100,Folding: 1 layer,Tied,folds,1,17345,0.8,100,1000,2000,101001,l2,1.0,cv,0.7113081372216155,5,0.7077417967943856,1000,881,987.2,1000,9.22338730307246,1.0,0.12170894472556362,0.12170983823079327,unconstrained,ReLU MLP,1.0,200.0,100801,0.9980198215859248,3.0,0.335270579296196,8.72692128000431e-12,0.6125675432751557,2.7546711438432485,12.584674206994443,0.38717698870534517,1001,10.38198829186149
folds_T1_d100,Folding: 1 layer,Tied,folds,1,18345,0.8,100,1000,2000,101001,l2,1.0,cv,0.7386885558375922,5,0.8141501092282193,1000,186,640.578,974,8.316168879819433,1.0,0.11037000551239996,0.11494259307751178,constant,Training-mean constant,,,1,9.900892070375541e-06,,0.11494259307751178,0.8139801620393724,0.11067779211042633,1.0,0.0,0.0,0,0.0
folds_T1_d100,Folding: 1 layer,Tied,folds,1,18345,0.8,100,1000,2000,101001,l2,1.0,cv,0.7386885558375922,5,0.8141501092282193,1000,186,640.578,974,8.316168879819433,1.0,0.11037000551239996,0.11494259307751178,formula,Formula,1.0,,101001,1.0,,0.11448565923678027,0.8134649661907997,0.1104467288226593,0.9960246778109192,1.0,0.01457680818121686,0,0.9108505619224161
folds_T1_d100,Folding: 1 layer,Tied,folds,1,18345,0.8,100,1000,2000,101001,l2,1.0,cv,0.7386885558375922,5,0.8141501092282193,1000,186,640.578,974,8.316168879819433,1.0,0.11037000551239996,0.11494259307751178,orthogonal,Orthogonal MLP,1.0,200.0,100801,0.9980198215859248,3.0,0.17531529999788523,0.020758382345082274,0.4834269694363342,1.5252422561901051,0.9999989769769829,0.23138687455719464,1001,91.2030823789537
folds_T1_d100,Folding: 1 layer,Tied,folds,1,18345,0.8,100,1000,2000,101001,l2,1.0,cv,0.7386885558375922,5,0.8141501092282193,1000,186,640.578,974,8.316168879819433,1.0,0.11037000551239996,0.11494259307751178,spectral,Spectral MLP,1.0,200.0,100801,0.9980198215859248,3.0,0.179553365612298,0.21601521337219304,0.20306865601110008,1.562113406395972,0.9999989521953914,0.2572373911911432,1001,13.366178928175941
folds_T1_d100,Folding: 1 layer,Tied,folds,1,18345,0.8,100,1000,2000,101001,l2,1.0,cv,0.7386885558375922,5,0.8141501092282193,1000,186,640.578,974,8.316168879819433,1.0,0.11037000551239996,0.11494259307751178,unconstrained,ReLU MLP,1.0,200.0,100801,0.9980198215859248,3.0,0.4135630450874105,1.509773511136636e-14,0.6717118825114369,3.597996478194322,14.134666419281336,0.486836851165059,1001,10.794159182813019
folds_T1_d100,Folding: 1 layer,Tied,folds,1,19345,0.8,100,1000,2000,101001,l2,1.0,cv,0.6891203457675252,5,0.7332605169446351,1000,145,640.582,943,8.316168879819433,1.0,0.11692568344570066,0.11726317246560203,constant,Training-mean constant,,,1,9.900892070375541e-06,,0.11726317246560203,0.7327944345957363,0.11994839972191486,1.0,0.0,0.0,0,0.0
folds_T1_d100,Folding: 1 layer,Tied,folds,1,19345,0.8,100,1000,2000,101001,l2,1.0,cv,0.6891203457675252,5,0.7332605169446351,1000,145,640.582,943,8.316168879819433,1.0,0.11692568344570066,0.11726317246560203,formula,Formula,1.0,,101001,1.0,,0.11755726649463272,0.7297281721262683,0.12016596112960216,1.002507982880277,1.0,0.017549925819959292,0,0.9093420510180295
folds_T1_d100,Folding: 1 layer,Tied,folds,1,19345,0.8,100,1000,2000,101001,l2,1.0,cv,0.6891203457675252,5,0.7332605169446351,1000,145,640.582,943,8.316168879819433,1.0,0.11692568344570066,0.11726317246560203,orthogonal,Orthogonal MLP,1.0,200.0,100801,0.9980198215859248,3.0,0.16909426055722987,0.01019887321978776,0.48744161876201886,1.442006531136892,0.9999989985329311,0.2086103974667726,1001,91.38874170207419
folds_T1_d100,Folding: 1 layer,Tied,folds,1,19345,0.8,100,1000,2000,101001,l2,1.0,cv,0.6891203457675252,5,0.7332605169446351,1000,145,640.582,943,8.316168879819433,1.0,0.11692568344570066,0.11726317246560203,spectral,Spectral MLP,1.0,200.0,100801,0.9980198215859248,3.0,0.16929871211232753,0.17180977585320897,0.21720876106810078,1.4437500585445069,0.9999990068340705,0.20328880188643056,1001,13.428146852878854
folds_T1_d100,Folding: 1 layer,Tied,folds,1,19345,0.8,100,1000,2000,101001,l2,1.0,cv,0.6891203457675252,5,0.7332605169446351,1000,145,640.582,943,8.316168879819433,1.0,0.11692568344570066,0.11726317246560203,unconstrained,ReLU MLP,1.0,200.0,100801,0.9980198215859248,3.0,0.37895155856372226,1.6561036608323676e-14,0.61248139089782,3.2316331768602278,12.158517855500621,0.40371575970548745,1001,10.509893761947751
folds_T1_d100,Folding: 1 layer,Tied,folds,1,20345,0.8,100,1000,2000,101001,l2,1.0,cv,0.6560736328563159,5,0.7327234913301763,1000,667,944.5,1000,8.920981161988117,1.0,0.11434900791128907,0.1146099177503336,constant,Training-mean constant,,,1,9.900892070375541e-06,,0.1146099177503336,0.7323913670466391,0.12156881766829508,1.0,0.0,0.0,0,0.0
folds_T1_d100,Folding: 1 layer,Tied,folds,1,20345,0.8,100,1000,2000,101001,l2,1.0,cv,0.6560736328563159,5,0.7327234913301763,1000,667,944.5,1000,8.920981161988117,1.0,0.11434900791128907,0.1146099177503336,formula,Formula,1.0,,101001,1.0,,0.11463981404442443,0.7325087100124074,0.12182324435511613,1.000260852591797,1.0,0.006202213545295882,0,0.9194328889716417
folds_T1_d100,Folding: 1 layer,Tied,folds,1,20345,0.8,100,1000,2000,101001,l2,1.0,cv,0.6560736328563159,5,0.7327234913301763,1000,667,944.5,1000,8.920981161988117,1.0,0.11434900791128907,0.1146099177503336,orthogonal,Orthogonal MLP,1.0,200.0,100801,0.9980198215859248,3.0,0.1678229421484862,0.010477288694140803,0.49312894875763025,1.4642968553041973,0.9999990198879103,0.2024364403812753,1001,91.88158020982519
folds_T1_d100,Folding: 1 layer,Tied,folds,1,20345,0.8,100,1000,2000,101001,l2,1.0,cv,0.6560736328563159,5,0.7327234913301763,1000,667,944.5,1000,8.920981161988117,1.0,0.11434900791128907,0.1146099177503336,spectral,Spectral MLP,1.0,200.0,100801,0.9980198215859248,3.0,0.17271058158323696,0.15911327301790756,0.22786833744437968,1.5069427233991208,0.9999989535818654,0.2079845148556852,1001,13.300274482928216
folds_T1_d100,Folding: 1 layer,Tied,folds,1,20345,0.8,100,1000,2000,101001,l2,1.0,cv,0.6560736328563159,5,0.7327234913301763,1000,667,944.5,1000,8.920981161988117,1.0,0.11434900791128907,0.1146099177503336,unconstrained,ReLU MLP,1.0,200.0,100801,0.9980198215859248,3.0,0.34965406504721835,1.2977389303612841e-14,0.6229594231169101,3.050818567106079,11.158996176905244,0.3791443248751779,1001,10.795074427034706
folds_T1_d100,Folding: 1 layer,Tied,folds,1,21345,0.8,100,1000,2000,101001,l2,1.0,cv,0.7904793696551239,5,0.7919229220744756,1000,229,653.542,946,8.316168879819433,1.0,0.11443936350866793,0.11477767567310601,constant,Training-mean constant,,,1,9.900892070375541e-06,,0.11477767567310601,0.7914486476453245,0.1283696983452143,1.0,0.0,0.0,0,0.0
folds_T1_d100,Folding: 1 layer,Tied,folds,1,21345,0.8,100,1000,2000,101001,l2,1.0,cv,0.7904793696551239,5,0.7919229220744756,1000,229,653.542,946,8.316168879819433,1.0,0.11443936350866793,0.11477767567310601,formula,Formula,1.0,,101001,1.0,,0.11529448194398742,0.7935757578289475,0.1296476025044926,1.0045026723868613,1.0,0.012624976003669474,0,0.9578550420701504
folds_T1_d100,Folding: 1 layer,Tied,folds,1,21345,0.8,100,1000,2000,101001,l2,1.0,cv,0.7904793696551239,5,0.7919229220744756,1000,229,653.542,946,8.316168879819433,1.0,0.11443936350866793,0.11477767567310601,orthogonal,Orthogonal MLP,1.0,200.0,100801,0.9980198215859248,3.0,0.15990507502872747,0.02395620939967669,0.48166964162398695,1.393172270574176,0.9999990189516607,0.1770309951581474,1001,91.30776908900589
folds_T1_d100,Folding: 1 layer,Tied,folds,1,21345,0.8,100,1000,2000,101001,l2,1.0,cv,0.7904793696551239,5,0.7919229220744756,1000,229,653.542,946,8.316168879819433,1.0,0.11443936350866793,0.11477767567310601,spectral,Spectral MLP,1.0,200.0,100801,0.9980198215859248,3.0,0.1634464891812561,0.2200377074899663,0.2154278257037749,1.4240268259723423,0.9999990140718458,0.1908660501252628,1001,13.413098678924143
folds_T1_d100,Folding: 1 layer,Tied,folds,1,21345,0.8,100,1000,2000,101001,l2,1.0,cv,0.7904793696551239,5,0.7919229220744756,1000,229,653.542,946,8.316168879819433,1.0,0.11443936350866793,0.11477767567310601,unconstrained,ReLU MLP,1.0,200.0,100801,0.9980198215859248,3.0,0.3902254606196687,4.0562851514264636e-12,0.681407173504362,3.399837628103353,17.5096321667385,0.43811533815382037,1001,10.687021818012
folds_T1_d100,Folding: 1 layer,Tied,folds,1,22345,0.8,100,1000,2000,101001,l2,1.0,cv,0.7005265869554252,5,0.790033800367565,1000,960,998.234,1000,9.525793444156804,1.0,0.12298297035718928,0.12334212916681335,constant,Training-mean constant,,,1,9.900892070375541e-06,,0.12334212916681335,0.789399689186562,0.12023144671027564,1.0,0.0,0.0,0,0.0
folds_T1_d100,Folding: 1 layer,Tied,folds,1,22345,0.8,100,1000,2000,101001,l2,1.0,cv,0.7005265869554252,5,0.790033800367565,1000,960,998.234,1000,9.525793444156804,1.0,0.12298297035718928,0.12334212916681335,formula,Formula,1.0,,101001,1.0,,0.12335251231865435,0.7894647140804409,0.12022247648215656,1.0000841817139945,1.0,0.000882773245553681,0,0.9331376811023802
folds_T1_d100,Folding: 1 layer,Tied,folds,1,22345,0.8,100,1000,2000,101001,l2,1.0,cv,0.7005265869554252,5,0.790033800367565,1000,960,998.234,1000,9.525793444156804,1.0,0.12298297035718928,0.12334212916681335,orthogonal,Orthogonal MLP,1.0,200.0,100801,0.9980198215859248,3.0,0.17569643765712312,0.018377646723015246,0.46983645998847084,1.4244641214155098,0.9999989726496714,0.2212470297549562,1001,91.08201716002077
folds_T1_d100,Folding: 1 layer,Tied,folds,1,22345,0.8,100,1000,2000,101001,l2,1.0,cv,0.7005265869554252,5,0.790033800367565,1000,960,998.234,1000,9.525793444156804,1.0,0.12298297035718928,0.12334212916681335,spectral,Spectral MLP,1.0,200.0,100801,0.9980198215859248,3.0,0.18269184273654193,0.18096120251700598,0.2195006695661604,1.4811795772510252,0.9999989775508376,0.20634810943904217,1001,13.258837023051456
folds_T1_d100,Folding: 1 layer,Tied,folds,1,22345,0.8,100,1000,2000,101001,l2,1.0,cv,0.7005265869554252,5,0.790033800367565,1000,960,998.234,1000,9.525793444156804,1.0,0.12298297035718928,0.12334212916681335,unconstrained,ReLU MLP,1.0,200.0,100801,0.9980198215859248,3.0,0.347371954969053,1.5437732921824998e-13,0.6426385854399258,2.8163285109117244,11.92659249895403,0.3885672304695816,1001,10.873302549123764
folds_T1_d100,Folding: 1 layer,Tied,folds,1,23345,0.8,100,1000,2000,101001,l2,1.0,cv,0.6825180075362901,5,0.7230947501956833,1000,998,999.986,1000,10.130605726325488,1.0,0.12103229983538279,0.12103528363825407,constant,Training-mean constant,,,1,9.900892070375541e-06,,0.12103528363825407,0.7221850300773457,0.13011008474881244,1.0,0.0,0.0,0,0.0
folds_T1_d100,Folding: 1 layer,Tied,folds,1,23345,0.8,100,1000,2000,101001,l2,1.0,cv,0.6825180075362901,5,0.7230947501956833,1000,998,999.986,1000,10.130605726325488,1.0,0.12103229983538279,0.12103528363825407,formula,Formula,1.0,,101001,1.0,,0.12103536433809531,0.7221904970914484,0.13011252222593472,1.0000006667464132,1.0,5.385073871204149e-05,0,0.9054309870116413
folds_T1_d100,Folding: 1 layer,Tied,folds,1,23345,0.8,100,1000,2000,101001,l2,1.0,cv,0.6825180075362901,5,0.7230947501956833,1000,998,999.986,1000,10.130605726325488,1.0,0.12103229983538279,0.12103528363825407,orthogonal,Orthogonal MLP,1.0,200.0,100801,0.9980198215859248,3.0,0.17616423147804586,0.010634858107838529,0.4565146822747326,1.4554783215492701,0.9999989743922577,0.22037842554729278,1001,91.69749461277388
folds_T1_d100,Folding: 1 layer,Tied,folds,1,23345,0.8,100,1000,2000,101001,l2,1.0,cv,0.6825180075362901,5,0.7230947501956833,1000,998,999.986,1000,10.130605726325488,1.0,0.12103229983538279,0.12103528363825407,spectral,Spectral MLP,1.0,200.0,100801,0.9980198215859248,3.0,0.17925908733210505,0.15528991462892525,0.21039864766172428,1.4810481864765006,0.9999989734945139,0.23088875184347893,1001,13.460506270872429
folds_T1_d100,Folding: 1 layer,Tied,folds,1,23345,0.8,100,1000,2000,101001,l2,1.0,cv,0.6825180075362901,5,0.7230947501956833,1000,998,999.986,1000,10.130605726325488,1.0,0.12103229983538279,0.12103528363825407,unconstrained,ReLU MLP,1.0,200.0,100801,0.9980198215859248,3.0,0.3372834333094704,8.172554877141456e-15,0.5786994659212202,2.7866538018577383,11.558049301627154,0.404331405023342,1001,10.404541528085247
folds_T1_d100,Folding: 1 layer,Tied,folds,1,24345,0.8,100,1000,2000,101001,l2,1.0,cv,0.6797426720678854,5,0.7485295583700075,1000,57,386.458,860,8.013762738735089,1.0,0.11738987559013717,0.11778290707936888,constant,Training-mean constant,,,1,9.900892070375541e-06,,0.11778290707936888,0.7478255762283257,0.1235801549148611,1.0,0.0,0.0,0,0.0
folds_T1_d100,Folding: 1 layer,Tied,folds,1,24345,0.8,100,1000,2000,101001,l2,1.0,cv,0.6797426720678854,5,0.7485295583700075,1000,57,386.458,860,8.013762738735089,1.0,0.11738987559013717,0.11778290707936888,formula,Formula,1.0,,101001,1.0,,0.11894314857160358,0.744030262403856,0.12426031835147647,1.0098506780058745,1.0,0.024877595426632045,0,0.8958592650014907
folds_T1_d100,Folding: 1 layer,Tied,folds,1,24345,0.8,100,1000,2000,101001,l2,1.0,cv,0.6797426720678854,5,0.7485295583700075,1000,57,386.458,860,8.013762738735089,1.0,0.11738987559013717,0.11778290707936888,orthogonal,Orthogonal MLP,1.0,200.0,100801,0.9980198215859248,3.0,0.1819993802008181,0.018543620357734977,0.48300963842266914,1.545210461465147,0.9999990054395915,0.22253914831213642,1001,90.9842998420354
folds_T1_d100,Folding: 1 layer,Tied,folds,1,24345,0.8,100,1000,2000,101001,l2,1.0,cv,0.6797426720678854,5,0.7485295583700075,1000,57,386.458,860,8.013762738735089,1.0,0.11738987559013717,0.11778290707936888,spectral,Spectral MLP,1.0,200.0,100801,0.9980198215859248,3.0,0.1861427787843052,0.22264364308427773,0.2115058847927819,1.5803887287216603,0.9999990029528026,0.20676904787039296,1001,13.088959359098226
folds_T1_d100,Folding: 1 layer,Tied,folds,1,24345,0.8,100,1000,2000,101001,l2,1.0,cv,0.6797426720678854,5,0.7485295583700075,1000,57,386.458,860,8.013762738735089,1.0,0.11738987559013717,0.11778290707936888,unconstrained,ReLU MLP,1.0,200.0,100801,0.9980198215859248,3.0,0.40963359265015414,2.8012608355061465e-07,0.6549506058710469,3.477869606106084,17.705221108545402,0.5707905458005592,1001,10.629681766033173
folds_T1_d100,Folding: 1 layer,Tied,folds,1,25345,0.8,100,1000,2000,101001,l2,1.0,cv,0.7700375138797787,5,0.7960732556356036,1000,444,843.212,995,8.618575020903775,1.0,0.12155369022999946,0.12156765303518922,constant,Training-mean constant,,,1,9.900892070375541e-06,,0.12156765303518922,0.7940871040218722,0.12206319195377723,1.0,0.0,0.0,0,0.0
folds_T1_d100,Folding: 1 layer,Tied,folds,1,25345,0.8,100,1000,2000,101001,l2,1.0,cv,0.7700375138797787,5,0.7960732556356036,1000,444,843.212,995,8.618575020903775,1.0,0.12155369022999946,0.12156765303518922,formula,Formula,1.0,,101001,1.0,,0.12179483680044757,0.7938123308502147,0.12255181315040024,1.0018687846609375,1.0,0.009046068278162692,0,0.9064854527823627
folds_T1_d100,Folding: 1 layer,Tied,folds,1,25345,0.8,100,1000,2000,101001,l2,1.0,cv,0.7700375138797787,5,0.7960732556356036,1000,444,843.212,995,8.618575020903775,1.0,0.12155369022999946,0.12156765303518922,orthogonal,Orthogonal MLP,1.0,200.0,100801,0.9980198215859248,3.0,0.18145149401078398,0.022156381336966378,0.4734306669208158,1.4925968337832487,0.9999989895476397,0.1983531788152687,1001,91.11369262891822
folds_T1_d100,Folding: 1 layer,Tied,folds,1,25345,0.8,100,1000,2000,101001,l2,1.0,cv,0.7700375138797787,5,0.7960732556356036,1000,444,843.212,995,8.618575020903775,1.0,0.12155369022999946,0.12156765303518922,spectral,Spectral MLP,1.0,200.0,100801,0.9980198215859248,3.0,0.19175594741190954,0.18868324728031247,0.22676026765094592,1.5773599524571185,0.9999989328409223,0.19458843324430344,1001,13.313616562867537
folds_T1_d100,Folding: 1 layer,Tied,folds,1,25345,0.8,100,1000,2000,101001,l2,1.0,cv,0.7700375138797787,5,0.7960732556356036,1000,444,843.212,995,8.618575020903775,1.0,0.12155369022999946,0.12156765303518922,unconstrained,ReLU MLP,1.0,200.0,100801,0.9980198215859248,3.0,0.4157719718794794,1.0399176368369188e-10,0.6620936176556406,3.420087181901333,12.386871388313322,0.49986261481428035,1001,10.790460301097482
folds_T1_d100,Folding: 1 layer,Tied,folds,1,26345,0.8,100,1000,2000,101001,l2,1.0,cv,0.7208793422695463,5,0.7425186851292502,1000,441,828.444,996,8.618575020903775,1.0,0.13082607537786897,0.13397235745544797,constant,Training-mean constant,,,1,9.900892070375541e-06,,0.13397235745544797,0.7418000675264578,0.11246711109183724,1.0,0.0,0.0,0,0.0
folds_T1_d100,Folding: 1 layer,Tied,folds,1,26345,0.8,100,1000,2000,101001,l2,1.0,cv,0.7208793422695463,5,0.7425186851292502,1000,441,828.444,996,8.618575020903775,1.0,0.13082607537786897,0.13397235745544797,formula,Formula,1.0,,101001,1.0,,0.13395550947977933,0.7422834402863964,0.11288196235395188,0.9998742428961568,1.0,0.010278658454815086,0,0.9010159899480641
folds_T1_d100,Folding: 1 layer,Tied,folds,1,26345,0.8,100,1000,2000,101001,l2,1.0,cv,0.7208793422695463,5,0.7425186851292502,1000,441,828.444,996,8.618575020903775,1.0,0.13082607537786897,0.13397235745544797,orthogonal,Orthogonal MLP,1.0,200.0,100801,0.9980198215859248,3.0,0.1974990695965525,0.012514893579562624,0.48686528703297083,1.4741777583650426,0.9999990002879547,0.23509607396457646,1001,90.6798449291382
folds_T1_d100,Folding: 1 layer,Tied,folds,1,26345,0.8,100,1000,2000,101001,l2,1.0,cv,0.7208793422695463,5,0.7425186851292502,1000,441,828.444,996,8.618575020903775,1.0,0.13082607537786897,0.13397235745544797,spectral,Spectral MLP,1.0,200.0,100801,0.9980198215859248,3.0,0.19717421228336593,0.16258127779188458,0.22776984477687354,1.4717529498496398,0.9999990229320073,0.20789160846314722,1001,13.134159300010651
folds_T1_d100,Folding: 1 layer,Tied,folds,1,26345,0.8,100,1000,2000,101001,l2,1.0,cv,0.7208793422695463,5,0.7425186851292502,1000,441,828.444,996,8.618575020903775,1.0,0.13082607537786897,0.13397235745544797,unconstrained,ReLU MLP,1.0,200.0,100801,0.9980198215859248,3.0,0.38204830829894115,1.5010472526669065e-14,0.628210495618239,2.8516950478085747,11.555966558168972,0.40572651737800364,1001,10.613668496953323
folds_T1_d100,Folding: 1 layer,Tied,folds,1,27345,0.8,100,1000,2000,101001,l2,1.0,cv,0.7397971884303354,5,0.7275782955834744,1000,79,384.368,850,8.013762738735089,1.0,0.12051746296515313,0.12078414529024079,constant,Training-mean constant,,,1,9.900892070375541e-06,,0.12078414529024079,0.7250976590679024,0.11473534426345139,1.0,0.0,0.0,0,0.0
folds_T1_d100,Folding: 1 layer,Tied,folds,1,27345,0.8,100,1000,2000,101001,l2,1.0,cv,0.7397971884303354,5,0.7275782955834744,1000,79,384.368,850,8.013762738735089,1.0,0.12051746296515313,0.12078414529024079,formula,Formula,1.0,,101001,1.0,,0.12112665462842569,0.7210445192080029,0.11464000394961919,1.002835714384217,1.0,0.02459112554469181,0,0.8984098320361227
folds_T1_d100,Folding: 1 layer,Tied,folds,1,27345,0.8,100,1000,2000,101001,l2,1.0,cv,0.7397971884303354,5,0.7275782955834744,1000,79,384.368,850,8.013762738735089,1.0,0.12051746296515313,0.12078414529024079,orthogonal,Orthogonal MLP,1.0,200.0,100801,0.9980198215859248,3.0,0.18151005856633845,0.01243483758372836,0.47400448960330116,1.5027639441432903,0.9999990208833451,0.21622432610901537,1001,92.7305439368356
folds_T1_d100,Folding: 1 layer,Tied,folds,1,27345,0.8,100,1000,2000,101001,l2,1.0,cv,0.7397971884303354,5,0.7275782955834744,1000,79,384.368,850,8.013762738735089,1.0,0.12051746296515313,0.12078414529024079,spectral,Spectral MLP,1.0,200.0,100801,0.9980198215859248,3.0,0.18205012448123392,0.16434279783103375,0.21706264102657166,1.5072352753233693,0.9999989825692277,0.21863887015792652,1001,13.291621361859143
folds_T1_d100,Folding: 1 layer,Tied,folds,1,27345,0.8,100,1000,2000,101001,l2,1.0,cv,0.7397971884303354,5,0.7275782955834744,1000,79,384.368,850,8.013762738735089,1.0,0.12051746296515313,0.12078414529024079,unconstrained,ReLU MLP,1.0,200.0,100801,0.9980198215859248,3.0,0.3650555849757576,1.1681307557394637e-14,0.6104196132504931,3.022379999448931,11.89048604284343,0.45157993372392075,1001,10.395481412066147
folds_T1_d100,Folding: 1 layer,Tied,folds,1,28345,0.8,100,1000,2000,101001,l2,1.0,cv,0.7291393854220589,5,0.8066322424000036,1000,951,997.848,1000,9.525793444156804,1.0,0.12142397667994832,0.121430112435794,constant,Training-mean constant,,,1,9.900892070375541e-06,,0.121430112435794,0.8022719145032784,0.1251846320791296,1.0,0.0,0.0,0,0.0
folds_T1_d100,Folding: 1 layer,Tied,folds,1,28345,0.8,100,1000,2000,101001,l2,1.0,cv,0.7291393854220589,5,0.8066322424000036,1000,951,997.848,1000,9.525793444156804,1.0,0.12142397667994832,0.121430112435794,formula,Formula,1.0,,101001,1.0,,0.1214370173850418,0.8022029508784613,0.12517732326479858,1.0000568635662874,1.0,0.0010382830861219315,0,0.910688797943294
folds_T1_d100,Folding: 1 layer,Tied,folds,1,28345,0.8,100,1000,2000,101001,l2,1.0,cv,0.7291393854220589,5,0.8066322424000036,1000,951,997.848,1000,9.525793444156804,1.0,0.12142397667994832,0.121430112435794,orthogonal,Orthogonal MLP,1.0,200.0,100801,0.9980198215859248,3.0,0.18263590696725412,0.020295207287227855,0.4857907434597987,1.5040413230599832,0.9999989832591523,0.2010813727917275,1001,89.839412471978
folds_T1_d100,Folding: 1 layer,Tied,folds,1,28345,0.8,100,1000,2000,101001,l2,1.0,cv,0.7291393854220589,5,0.8066322424000036,1000,951,997.848,1000,9.525793444156804,1.0,0.12142397667994832,0.121430112435794,spectral,Spectral MLP,1.0,200.0,100801,0.9980198215859248,3.0,0.1795360451699729,0.1945098132802169,0.21976434319018576,1.4785133734015303,0.999998958340259,0.19241284392020644,1001,13.177583232987672
folds_T1_d100,Folding: 1 layer,Tied,folds,1,28345,0.8,100,1000,2000,101001,l2,1.0,cv,0.7291393854220589,5,0.8066322424000036,1000,951,997.848,1000,9.525793444156804,1.0,0.12142397667994832,0.121430112435794,unconstrained,ReLU MLP,1.0,200.0,100801,0.9980198215859248,3.0,0.3757158185063811,2.947512353383773e-09,0.6656188723599749,3.094091004033619,12.765951302485115,0.392684125086867,1001,10.706761538051069
folds_T1_d100,Folding: 1 layer,Tied,folds,1,29345,0.8,100,1000,2000,101001,l2,1.0,cv,0.7888968130264793,5,0.7962184244631599,1000,14,179.532,636,7.711356597650745,1.0,0.12361204799560661,0.1258379780561654,constant,Training-mean constant,,,1,9.900892070375541e-06,,0.1258379780561654,0.7924105232971111,0.12795809593956367,1.0,0.0,0.0,0,0.0
folds_T1_d100,Folding: 1 layer,Tied,folds,1,29345,0.8,100,1000,2000,101001,l2,1.0,cv,0.7888968130264793,5,0.7962184244631599,1000,14,179.532,636,7.711356597650745,1.0,0.12361204799560661,0.1258379780561654,formula,Formula,1.0,,101001,1.0,,0.12512872307169554,0.7752354475914814,0.12408629156401357,0.9943637445910543,1.0,0.03871996179099228,0,0.9741822660434991
folds_T1_d100,Folding: 1 layer,Tied,folds,1,29345,0.8,100,1000,2000,101001,l2,1.0,cv,0.7888968130264793,5,0.7962184244631599,1000,14,179.532,636,7.711356597650745,1.0,0.12361204799560661,0.1258379780561654,orthogonal,Orthogonal MLP,1.0,200.0,100801,0.9980198215859248,3.0,0.18008526126763616,0.018371119284296154,0.471430140107809,1.431088325237223,0.9999989931857197,0.2297984951387378,1001,94.2053521790076
folds_T1_d100,Folding: 1 layer,Tied,folds,1,29345,0.8,100,1000,2000,101001,l2,1.0,cv,0.7888968130264793,5,0.7962184244631599,1000,14,179.532,636,7.711356597650745,1.0,0.12361204799560661,0.1258379780561654,spectral,Spectral MLP,1.0,200.0,100801,0.9980198215859248,3.0,0.18467625589475928,0.19687388002548448,0.2070223056632076,1.4675717040870804,0.9999989500959263,0.2128801575964905,1001,14.167978415032849
folds_T1_d100,Folding: 1 layer,Tied,folds,1,29345,0.8,100,1000,2000,101001,l2,1.0,cv,0.7888968130264793,5,0.7962184244631599,1000,14,179.532,636,7.711356597650745,1.0,0.12361204799560661,0.1258379780561654,unconstrained,ReLU MLP,1.0,200.0,100801,0.9980198215859248,3.0,0.3858815247432144,1.3939747673425504e-14,0.6420975172276217,3.0664949540987023,12.498638612487424,0.45020967832765985,1001,11.139850727049634
folds_T1_d100,Folding: 1 layer,Tied,folds,1,30345,0.8,100,1000,2000,101001,l2,1.0,cv,0.7845482610447894,5,0.8065895639238159,1000,196,630.8,942,8.316168879819433,1.0,0.12437580438558986,0.12495956738111216,constant,Training-mean constant,,,1,9.900892070375541e-06,,0.12495956738111216,0.8058138444580243,0.12695097697537597,1.0,0.0,0.0,0,0.0
folds_T1_d100,Folding: 1 layer,Tied,folds,1,30345,0.8,100,1000,2000,101001,l2,1.0,cv,0.7845482610447894,5,0.8065895639238159,1000,196,630.8,942,8.316168879819433,1.0,0.12437580438558986,0.12495956738111216,formula,Formula,1.0,,101001,1.0,,0.12530140742261225,0.8079119397186039,0.12839259322465688,1.0027356051934584,1.0,0.02513963740181125,0,0.9009963318239897
folds_T1_d100,Folding: 1 layer,Tied,folds,1,30345,0.8,100,1000,2000,101001,l2,1.0,cv,0.7845482610447894,5,0.8065895639238159,1000,196,630.8,942,8.316168879819433,1.0,0.12437580438558986,0.12495956738111216,orthogonal,Orthogonal MLP,1.0,200.0,100801,0.9980198215859248,3.0,0.1794765539185382,0.02408739795488478,0.4954376155907108,1.4362770108762906,0.999998980432585,0.20381133755163225,1001,90.01162738981657
folds_T1_d100,Folding: 1 layer,Tied,folds,1,30345,0.8,100,1000,2000,101001,l2,1.0,cv,0.7845482610447894,5,0.8065895639238159,1000,196,630.8,942,8.316168879819433,1.0,0.12437580438558986,0.12495956738111216,spectral,Spectral MLP,1.0,200.0,100801,0.9980198215859248,3.0,0.1835705654493711,0.22314160720432794,0.22347063271826978,1.469039700573724,0.9999988792237955,0.22042799717409708,1001,13.360701902071014
folds_T1_d100,Folding: 1 layer,Tied,folds,1,30345,0.8,100,1000,2000,101001,l2,1.0,cv,0.7845482610447894,5,0.8065895639238159,1000,196,630.8,942,8.316168879819433,1.0,0.12437580438558986,0.12495956738111216,unconstrained,ReLU MLP,1.0,200.0,100801,0.9980198215859248,3.0,0.43355202008999266,0.008833601522700124,0.7335340192684814,3.4695384209174587,14.50414796522895,0.5335425076942162,1001,10.66837198403664
folds_T1_d100,Folding: 1 layer,Tied,folds,1,31345,0.8,100,1000,2000,101001,l2,1.0,cv,0.778455144383842,5,0.7376602101568313,1000,947,997.51,1000,9.525793444156804,1.0,0.1154750367297861,0.11554836765283014,constant,Training-mean constant,,,1,9.900892070375541e-06,,0.11554836765283014,0.7358696877296811,0.11843129834915038,1.0,0.0,0.0,0,0.0
folds_T1_d100,Folding: 1 layer,Tied,folds,1,31345,0.8,100,1000,2000,101001,l2,1.0,cv,0.778455144383842,5,0.7376602101568313,1000,947,997.51,1000,9.525793444156804,1.0,0.1154750367297861,0.11554836765283014,formula,Formula,1.0,,101001,1.0,,0.11556341436158667,0.73586313006858,0.11849650557749122,1.0001302200027762,1.0,0.0009303953724946057,0,0.9762650160118937
folds_T1_d100,Folding: 1 layer,Tied,folds,1,31345,0.8,100,1000,2000,101001,l2,1.0,cv,0.778455144383842,5,0.7376602101568313,1000,947,997.51,1000,9.525793444156804,1.0,0.1154750367297861,0.11554836765283014,orthogonal,Orthogonal MLP,1.0,200.0,100801,0.9980198215859248,3.0,0.1735387770372117,0.014028418064414778,0.4847326915120135,1.5018712991135985,0.9999990015612558,0.20678406683761763,1001,94.77652837103233
folds_T1_d100,Folding: 1 layer,Tied,folds,1,31345,0.8,100,1000,2000,101001,l2,1.0,cv,0.778455144383842,5,0.7376602101568313,1000,947,997.51,1000,9.525793444156804,1.0,0.1154750367297861,0.11554836765283014,spectral,Spectral MLP,1.0,200.0,100801,0.9980198215859248,3.0,0.17300124587244714,0.16632490973116373,0.22506788429174418,1.4972192977423666,0.9999989398078774,0.19680689843913032,1001,14.099701034836471
folds_T1_d100,Folding: 1 layer,Tied,folds,1,31345,0.8,100,1000,2000,101001,l2,1.0,cv,0.778455144383842,5,0.7376602101568313,1000,947,997.51,1000,9.525793444156804,1.0,0.1154750367297861,0.11554836765283014,unconstrained,ReLU MLP,1.0,200.0,100801,0.9980198215859248,3.0,0.33646180575235457,1.280648248010167e-14,0.6310692161357465,2.911869830677903,11.517167826332095,0.3870133114453799,1001,11.206524158129469
folds_T1_d100,Folding: 1 layer,Tied,folds,1,32345,0.8,100,1000,2000,101001,l2,1.0,cv,0.6918255905857791,5,0.7586710340774785,1000,874,987.946,1000,9.22338730307246,1.0,0.12868810300608652,0.12868988057647146,constant,Training-mean constant,,,1,9.900892070375541e-06,,0.12868988057647146,0.7575896212191313,0.11308513402006157,1.0,0.0,0.0,0,0.0
folds_T1_d100,Folding: 1 layer,Tied,folds,1,32345,0.8,100,1000,2000,101001,l2,1.0,cv,0.6918255905857791,5,0.7586710340774785,1000,874,987.946,1000,9.22338730307246,1.0,0.12868810300608652,0.12868988057647146,formula,Formula,1.0,,101001,1.0,,0.12868819265090675,0.7578059724768973,0.11324308919038094,0.9999868837739444,1.0,0.0021455572586528346,0,0.8915019740816206
folds_T1_d100,Folding: 1 layer,Tied,folds,1,32345,0.8,100,1000,2000,101001,l2,1.0,cv,0.6918255905857791,5,0.7586710340774785,1000,874,987.946,1000,9.22338730307246,1.0,0.12868810300608652,0.12868988057647146,orthogonal,Orthogonal MLP,1.0,200.0,100801,0.9980198215859248,3.0,0.18167355681709016,0.021216881577235815,0.4835025672560589,1.4117159484745514,0.9999990063562277,0.20370715540007198,1001,90.69702083198354
folds_T1_d100,Folding: 1 layer,Tied,folds,1,32345,0.8,100,1000,2000,101001,l2,1.0,cv,0.6918255905857791,5,0.7586710340774785,1000,874,987.946,1000,9.22338730307246,1.0,0.12868810300608652,0.12868988057647146,spectral,Spectral MLP,1.0,200.0,100801,0.9980198215859248,3.0,0.1791435243408469,0.2200849702332425,0.20452879337786264,1.392056030655762,0.9999989922582139,0.21203191944088426,1001,13.281957633094862
folds_T1_d100,Folding: 1 layer,Tied,folds,1,32345,0.8,100,1000,2000,101001,l2,1.0,cv,0.6918255905857791,5,0.7586710340774785,1000,874,987.946,1000,9.22338730307246,1.0,0.12868810300608652,0.12868988057647146,unconstrained,ReLU MLP,1.0,200.0,100801,0.9980198215859248,3.0,0.3769049412240422,6.801398119818761e-11,0.6732008116980085,2.928784606339531,15.651776973751598,0.407500159532585,1001,10.81311693508178
folds_T1_d100,Folding: 1 layer,Tied,folds,1,33345,0.8,100,1000,2000,101001,l2,1.0,cv,0.6857161733106621,5,0.760811284799434,1000,129,624.296,972,8.316168879819433,1.0,0.12091278140932754,0.12108791690046496,constant,Training-mean constant,,,1,9.900892070375541e-06,,0.12108791690046496,0.7605587097949438,0.11874864050802314,1.0,0.0,0.0,0,0.0
folds_T1_d100,Folding: 1 layer,Tied,folds,1,33345,0.8,100,1000,2000,101001,l2,1.0,cv,0.6857161733106621,5,0.760811284799434,1000,129,624.296,972,8.316168879819433,1.0,0.12091278140932754,0.12108791690046496,formula,Formula,1.0,,101001,1.0,,0.12110828344541327,0.7584548303591315,0.11882570235902659,1.0001681963441906,1.0,0.016096471341570488,0,0.9265775859821588
folds_T1_d100,Folding: 1 layer,Tied,folds,1,33345,0.8,100,1000,2000,101001,l2,1.0,cv,0.6857161733106621,5,0.760811284799434,1000,129,624.296,972,8.316168879819433,1.0,0.12091278140932754,0.12108791690046496,orthogonal,Orthogonal MLP,1.0,200.0,100801,0.9980198215859248,3.0,0.1766789602099216,0.012806686717968748,0.47068419632829567,1.4590965369001503,0.9999990180568189,0.1933961767766864,1001,91.89302355889231
folds_T1_d100,Folding: 1 layer,Tied,folds,1,33345,0.8,100,1000,2000,101001,l2,1.0,cv,0.6857161733106621,5,0.760811284799434,1000,129,624.296,972,8.316168879819433,1.0,0.12091278140932754,0.12108791690046496,spectral,Spectral MLP,1.0,200.0,100801,0.9980198215859248,3.0,0.17966835128025335,0.16519901205649012,0.22173973637041397,1.4837843104357133,0.999998992633881,0.2072279254283345,1001,14.123717744834721
folds_T1_d100,Folding: 1 layer,Tied,folds,1,33345,0.8,100,1000,2000,101001,l2,1.0,cv,0.6857161733106621,5,0.760811284799434,1000,129,624.296,972,8.316168879819433,1.0,0.12091278140932754,0.12108791690046496,unconstrained,ReLU MLP,1.0,200.0,100801,0.9980198215859248,3.0,0.350886007089425,1.9034909222630238e-08,0.6101887745497524,2.8977788706849714,11.524254795394764,0.43706328006565964,1001,11.29725108598359
folds_T1_d100,Folding: 1 layer,Tied,folds,1,34345,0.8,100,1000,2000,101001,l2,1.0,cv,0.7068464826766826,5,0.771522615818625,1000,999,999.996,1000,10.130605726325488,1.0,0.12023811073535189,0.12024476926725279,constant,Training-mean constant,,,1,9.900892070375541e-06,,0.12024476926725279,0.7700413515636133,0.12526695857968775,1.0,0.0,0.0,0,0.0
folds_T1_d100,Folding: 1 layer,Tied,folds,1,34345,0.8,100,1000,2000,101001,l2,1.0,cv,0.7068464826766826,5,0.771522615818625,1000,999,999.996,1000,10.130605726325488,1.0,0.12023811073535189,0.12024476926725279,formula,Formula,1.0,,101001,1.0,,0.12024517513780524,0.7700337625014295,0.12526405787544778,1.000003375369714,1.0,0.0001789667198046684,0,0.9035783959552646
folds_T1_d100,Folding: 1 layer,Tied,folds,1,34345,0.8,100,1000,2000,101001,l2,1.0,cv,0.7068464826766826,5,0.771522615818625,1000,999,999.996,1000,10.130605726325488,1.0,0.12023811073535189,0.12024476926725279,orthogonal,Orthogonal MLP,1.0,200.0,100801,0.9980198215859248,3.0,0.17173974541946505,0.016634884610350224,0.45847586520082323,1.428251278338444,0.9999990250341034,0.2048448798399092,1001,91.28434821707197
folds_T1_d100,Folding: 1 layer,Tied,folds,1,34345,0.8,100,1000,2000,101001,l2,1.0,cv,0.7068464826766826,5,0.771522615818625,1000,999,999.996,1000,10.130605726325488,1.0,0.12023811073535189,0.12024476926725279,spectral,Spectral MLP,1.0,200.0,100801,0.9980198215859248,3.0,0.17377721188005388,0.18579149594058778,0.20427794256307402,1.4451956034263853,0.9999988697008705,0.19371597264931859,1001,13.314095448935404
folds_T1_d100,Folding: 1 layer,Tied,folds,1,34345,0.8,100,1000,2000,101001,l2,1.0,cv,0.7068464826766826,5,0.771522615818625,1000,999,999.996,1000,10.130605726325488,1.0,0.12023811073535189,0.12024476926725279,unconstrained,ReLU MLP,1.0,200.0,100801,0.9980198215859248,3.0,0.37782006979292476,2.7421635684787004e-08,0.6171799161842728,3.142091519616891,13.595410451346343,0.4460628159125025,1001,10.781264663906768
folds_T1_d100,Folding: 1 layer,Tied,folds,1,35345,0.8,100,1000,2000,101001,l2,1.0,cv,0.7490445874702489,5,0.749213878825578,1000,875,987.122,1000,9.22338730307246,1.0,0.12046908520094132,0.12186394265313714,constant,Training-mean constant,,,1,9.900892070375541e-06,,0.12186394265313714,0.7484483767045019,0.11646627909251196,1.0,0.0,0.0,0,0.0
folds_T1_d100,Folding: 1 layer,Tied,folds,1,35345,0.8,100,1000,2000,101001,l2,1.0,cv,0.7490445874702489,5,0.749213878825578,1000,875,987.122,1000,9.22338730307246,1.0,0.12046908520094132,0.12186394265313714,formula,Formula,1.0,,101001,1.0,,0.12189678046509667,0.7483154499370755,0.11654982408405407,1.000269462904651,1.0,0.0022739916922637398,0,0.9031872821506113
folds_T1_d100,Folding: 1 layer,Tied,folds,1,35345,0.8,100,1000,2000,101001,l2,1.0,cv,0.7490445874702489,5,0.749213878825578,1000,875,987.122,1000,9.22338730307246,1.0,0.12046908520094132,0.12186394265313714,orthogonal,Orthogonal MLP,1.0,200.0,100801,0.9980198215859248,3.0,0.17761661767665332,0.013025850023336108,0.48192193259695126,1.4574993538671706,0.9999989979603109,0.22554900968150032,1001,91.39012038311921
folds_T1_d100,Folding: 1 layer,Tied,folds,1,35345,0.8,100,1000,2000,101001,l2,1.0,cv,0.7490445874702489,5,0.749213878825578,1000,875,987.122,1000,9.22338730307246,1.0,0.12046908520094132,0.12186394265313714,spectral,Spectral MLP,1.0,200.0,100801,0.9980198215859248,3.0,0.1911371160821299,0.16959752071572887,0.23579161285110112,1.568446842608448,0.9999990005100385,0.1909360465459159,1001,13.435772808035836
folds_T1_d100,Folding: 1 layer,Tied,folds,1,35345,0.8,100,1000,2000,101001,l2,1.0,cv,0.7490445874702489,5,0.749213878825578,1000,875,987.122,1000,9.22338730307246,1.0,0.12046908520094132,0.12186394265313714,unconstrained,ReLU MLP,1.0,200.0,100801,0.9980198215859248,3.0,0.344322684662749,9.936949818050445e-15,0.6234400619862789,2.825468117692523,11.425403658790565,0.4220466340926611,1001,10.616828073980287
folds_T1_d100,Folding: 1 layer,Tied,folds,1,36345,0.8,100,1000,2000,101001,l2,1.0,cv,0.6577253634509367,5,0.7931521191617757,1000,597,940.21,1000,8.920981161988117,1.0,0.11801130780399527,0.11807813958105781,constant,Training-mean constant,,,1,9.900892070375541e-06,,0.11807813958105781,0.792315288287606,0.11016115583366026,1.0,0.0,0.0,0,0.0
folds_T1_d100,Folding: 1 layer,Tied,folds,1,36345,0.8,100,1000,2000,101001,l2,1.0,cv,0.6577253634509367,5,0.7931521191617757,1000,597,940.21,1000,8.920981161988117,1.0,0.11801130780399527,0.11807813958105781,formula,Formula,1.0,,101001,1.0,,0.1181511655276791,0.7926944411296543,0.11046623933664701,1.000618454414004,1.0,0.005023486681411636,0,0.9024205128662288
folds_T1_d100,Folding: 1 layer,Tied,folds,1,36345,0.8,100,1000,2000,101001,l2,1.0,cv,0.6577253634509367,5,0.7931521191617757,1000,597,940.21,1000,8.920981161988117,1.0,0.11801130780399527,0.11807813958105781,orthogonal,Orthogonal MLP,1.0,200.0,100801,0.9980198215859248,3.0,0.1837027452335209,0.019358582775738733,0.48809043062418184,1.5557726932800577,0.9999990207164561,0.2245952865618692,1001,91.9902373731602
folds_T1_d100,Folding: 1 layer,Tied,folds,1,36345,0.8,100,1000,2000,101001,l2,1.0,cv,0.6577253634509367,5,0.7931521191617757,1000,597,940.21,1000,8.920981161988117,1.0,0.11801130780399527,0.11807813958105781,spectral,Spectral MLP,1.0,200.0,100801,0.9980198215859248,3.0,0.18208883278270177,0.23809197917022898,0.19054536259239693,1.5421045201826047,0.9999989843215004,0.2156625618904475,1001,13.501515791052952
folds_T1_d100,Folding: 1 layer,Tied,folds,1,36345,0.8,100,1000,2000,101001,l2,1.0,cv,0.6577253634509367,5,0.7931521191617757,1000,597,940.21,1000,8.920981161988117,1.0,0.11801130780399527,0.11807813958105781,unconstrained,ReLU MLP,1.0,200.0,100801,0.9980198215859248,3.0,0.4128382273502385,5.487360687435232e-07,0.670776538151091,3.496313786912564,15.648230626493033,0.4728473651364211,1001,10.81880960194394
folds_T1_d100,Folding: 1 layer,Tied,folds,1,37345,0.8,100,1000,2000,101001,l2,1.0,cv,0.769344796263179,5,0.7958577119865824,1000,961,998.282,1000,9.525793444156804,1.0,0.112175166587955,0.1123056241190482,constant,Training-mean constant,,,1,9.900892070375541e-06,,0.1123056241190482,0.7940057732209398,0.12061987737181451,1.0,0.0,0.0,0,0.0
folds_T1_d100,Folding: 1 layer,Tied,folds,1,37345,0.8,100,1000,2000,101001,l2,1.0,cv,0.769344796263179,5,0.7958577119865824,1000,961,998.282,1000,9.525793444156804,1.0,0.112175166587955,0.1123056241190482,formula,Formula,1.0,,101001,1.0,,0.11231353370914837,0.794131066385701,0.12066507650963837,1.0000704291540359,1.0,0.00126742347257899,0,0.9031182972248644
folds_T1_d100,Folding: 1 layer,Tied,folds,1,37345,0.8,100,1000,2000,101001,l2,1.0,cv,0.769344796263179,5,0.7958577119865824,1000,961,998.282,1000,9.525793444156804,1.0,0.112175166587955,0.1123056241190482,orthogonal,Orthogonal MLP,1.0,200.0,100801,0.9980198215859248,3.0,0.17401631063349662,0.019239976337414602,0.48069808756643306,1.5494888345843907,0.9999989866473737,0.20076598672964335,1001,90.71287140995264
folds_T1_d100,Folding: 1 layer,Tied,folds,1,37345,0.8,100,1000,2000,101001,l2,1.0,cv,0.769344796263179,5,0.7958577119865824,1000,961,998.282,1000,9.525793444156804,1.0,0.112175166587955,0.1123056241190482,spectral,Spectral MLP,1.0,200.0,100801,0.9980198215859248,3.0,0.175850056284139,0.20069982240122636,0.2104885732201458,1.5658170075056197,0.9999990183724276,0.21065888811057104,1001,13.493920115055516
folds_T1_d100,Folding: 1 layer,Tied,folds,1,37345,0.8,100,1000,2000,101001,l2,1.0,cv,0.769344796263179,5,0.7958577119865824,1000,961,998.282,1000,9.525793444156804,1.0,0.112175166587955,0.1123056241190482,unconstrained,ReLU MLP,1.0,200.0,100801,0.9980198215859248,3.0,0.3838249131209829,7.210273514612192e-11,0.6587139079876259,3.4176820273409816,13.142629437965747,0.45760388957972203,1001,10.836951754055917
folds_T1_d100,Folding: 1 layer,Tied,folds,1,38345,0.8,100,1000,2000,101001,l2,1.0,cv,0.6409773935861396,5,0.7602831181822001,1000,20,193.1,562,7.711356597650745,1.0,0.12098278617447679,0.12256613039905412,constant,Training-mean constant,,,1,9.900892070375541e-06,,0.12256613039905412,0.760402441727908,0.11785689859815429,1.0,0.0,0.0,0,0.0
folds_T1_d100,Folding: 1 layer,Tied,folds,1,38345,0.8,100,1000,2000,101001,l2,1.0,cv,0.6409773935861396,5,0.7602831181822001,1000,20,193.1,562,7.711356597650745,1.0,0.12098278617447679,0.12256613039905412,formula,Formula,1.0,,101001,1.0,,0.12485698909811166,0.7528303161893203,0.12031708971877378,1.0186907972993755,1.0,0.05949405613080328,0,0.9002718301489949
folds_T1_d100,Folding: 1 layer,Tied,folds,1,38345,0.8,100,1000,2000,101001,l2,1.0,cv,0.6409773935861396,5,0.7602831181822001,1000,20,193.1,562,7.711356597650745,1.0,0.12098278617447679,0.12256613039905412,orthogonal,Orthogonal MLP,1.0,200.0,100801,0.9980198215859248,3.0,0.1822166454254159,0.015612907485748827,0.47488872018624156,1.486680250344447,0.9999989791002692,0.1999405540115723,1001,91.10578783880919
folds_T1_d100,Folding: 1 layer,Tied,folds,1,38345,0.8,100,1000,2000,101001,l2,1.0,cv,0.6409773935861396,5,0.7602831181822001,1000,20,193.1,562,7.711356597650745,1.0,0.12098278617447679,0.12256613039905412,spectral,Spectral MLP,1.0,200.0,100801,0.9980198215859248,3.0,0.18172299077627996,0.17026011832974747,0.22284033835750625,1.4826525907656654,0.9999989674279959,0.2155738117716933,1001,13.117879811907187
folds_T1_d100,Folding: 1 layer,Tied,folds,1,38345,0.8,100,1000,2000,101001,l2,1.0,cv,0.6409773935861396,5,0.7602831181822001,1000,20,193.1,562,7.711356597650745,1.0,0.12098278617447679,0.12256613039905412,unconstrained,ReLU MLP,1.0,200.0,100801,0.9980198215859248,3.0,0.33995934169709663,9.941276151177266e-15,0.6297212560078761,2.773680955662448,11.94088082782602,0.39035838319269234,1001,10.523118783021346
folds_T1_d100,Folding: 1 layer,Tied,folds,1,39345,0.8,100,1000,2000,101001,l2,1.0,cv,0.6693504404206855,5,0.7557352460899517,1000,64,373.226,832,8.013762738735089,1.0,0.1243088337559162,0.12446468629585786,constant,Training-mean constant,,,1,9.900892070375541e-06,,0.12446468629585786,0.75607786585035,0.12160964476657966,1.0,0.0,0.0,0,0.0
folds_T1_d100,Folding: 1 layer,Tied,folds,1,39345,0.8,100,1000,2000,101001,l2,1.0,cv,0.6693504404206855,5,0.7557352460899517,1000,64,373.226,832,8.013762738735089,1.0,0.1243088337559162,0.12446468629585786,formula,Formula,1.0,,101001,1.0,,0.1257587675448117,0.7497148640764885,0.12200104628795454,1.0103971759979995,1.0,0.020825384291057132,0,0.9143880871124566
folds_T1_d100,Folding: 1 layer,Tied,folds,1,39345,0.8,100,1000,2000,101001,l2,1.0,cv,0.6693504404206855,5,0.7557352460899517,1000,64,373.226,832,8.013762738735089,1.0,0.1243088337559162,0.12446468629585786,orthogonal,Orthogonal MLP,1.0,200.0,100801,0.9980198215859248,3.0,0.1739791875064302,0.014290381009759958,0.48552552833396134,1.3978196762805015,0.9999989719499962,0.19835853803736558,1001,90.66561180003919
folds_T1_d100,Folding: 1 layer,Tied,folds,1,39345,0.8,100,1000,2000,101001,l2,1.0,cv,0.6693504404206855,5,0.7557352460899517,1000,64,373.226,832,8.013762738735089,1.0,0.1243088337559162,0.12446468629585786,spectral,Spectral MLP,1.0,200.0,100801,0.9980198215859248,3.0,0.17741610839324334,0.173836713832428,0.22294600129737796,1.425433298980224,0.9999989908784426,0.22036826287504988,1001,13.000432771164924
folds_T1_d100,Folding: 1 layer,Tied,folds,1,39345,0.8,100,1000,2000,101001,l2,1.0,cv,0.6693504404206855,5,0.7557352460899517,1000,64,373.226,832,8.013762738735089,1.0,0.1243088337559162,0.12446468629585786,unconstrained,ReLU MLP,1.0,200.0,100801,0.9980198215859248,3.0,0.33316501592789105,1.15642951100371e-14,0.6358139227988924,2.676783478455436,11.812808169308905,0.3904770285627737,1001,10.51389743690379
folds_T1_d100,Folding: 1 layer,Tied,folds,1,40345,0.8,100,1000,2000,101001,l2,1.0,cv,0.6528619794182193,5,0.7751450839008677,1000,441,834.486,997,8.618575020903775,1.0,0.12516212475839847,0.12735665787122785,constant,Training-mean constant,,,1,9.900892070375541e-06,,0.12735665787122785,0.774050846238968,0.1306513193237737,1.0,0.0,0.0,0,0.0
folds_T1_d100,Folding: 1 layer,Tied,folds,1,40345,0.8,100,1000,2000,101001,l2,1.0,cv,0.6528619794182193,5,0.7751450839008677,1000,441,834.486,997,8.618575020903775,1.0,0.12516212475839847,0.12735665787122785,formula,Formula,1.0,,101001,1.0,,0.12761705420432595,0.7754975867111732,0.1322082451027073,1.002044622852473,1.0,0.009282826140750077,0,0.908585735829547
folds_T1_d100,Folding: 1 layer,Tied,folds,1,40345,0.8,100,1000,2000,101001,l2,1.0,cv,0.6528619794182193,5,0.7751450839008677,1000,441,834.486,997,8.618575020903775,1.0,0.12516212475839847,0.12735665787122785,orthogonal,Orthogonal MLP,1.0,200.0,100801,0.9980198215859248,3.0,0.18229144741421896,0.01725754135341821,0.48277292189831256,1.4313460360944494,0.999999016986331,0.19564190434773804,1001,90.41138594015501
folds_T1_d100,Folding: 1 layer,Tied,folds,1,40345,0.8,100,1000,2000,101001,l2,1.0,cv,0.6528619794182193,5,0.7751450839008677,1000,441,834.486,997,8.618575020903775,1.0,0.12516212475839847,0.12735665787122785,spectral,Spectral MLP,1.0,200.0,100801,0.9980198215859248,3.0,0.1798235309740832,0.18328866806043864,0.22285842612676238,1.4119680429735002,0.9999990099555328,0.18136776500570206,1001,13.126088835997507
folds_T1_d100,Folding: 1 layer,Tied,folds,1,40345,0.8,100,1000,2000,101001,l2,1.0,cv,0.6528619794182193,5,0.7751450839008677,1000,441,834.486,997,8.618575020903775,1.0,0.12516212475839847,0.12735665787122785,unconstrained,ReLU MLP,1.0,200.0,100801,0.9980198215859248,3.0,0.3686491135868057,1.4423905091176582e-14,0.6511178141160001,2.8946198789194995,11.186576160647537,0.37133100466748364,1001,10.52189793693833
folds_T1_d100,Folding: 1 layer,Tied,folds,1,41345,0.8,100,1000,2000,101001,l2,1.0,cv,0.7550958140326504,5,0.7169629544620703,1000,499,841.038,998,8.618575020903775,1.0,0.1264194828982084,0.12818438033445922,constant,Training-mean constant,,,1,9.900892070375541e-06,,0.12818438033445922,0.7165232755782379,0.11421790934120443,1.0,0.0,0.0,0,0.0
folds_T1_d100,Folding: 1 layer,Tied,folds,1,41345,0.8,100,1000,2000,101001,l2,1.0,cv,0.7550958140326504,5,0.7169629544620703,1000,499,841.038,998,8.618575020903775,1.0,0.1264194828982084,0.12818438033445922,formula,Formula,1.0,,101001,1.0,,0.12833352036930978,0.7176074399665953,0.11524105886176784,1.0011634805618392,1.0,0.009324112049962459,0,0.9084995959419757
folds_T1_d100,Folding: 1 layer,Tied,folds,1,41345,0.8,100,1000,2000,101001,l2,1.0,cv,0.7550958140326504,5,0.7169629544620703,1000,499,841.038,998,8.618575020903775,1.0,0.1264194828982084,0.12818438033445922,orthogonal,Orthogonal MLP,1.0,200.0,100801,0.9980198215859248,3.0,0.18205192809243026,0.011619300622673393,0.4910747829956649,1.4202348805480012,0.9999989778191438,0.2200880714311677,1001,91.29954593582079
folds_T1_d100,Folding: 1 layer,Tied,folds,1,41345,0.8,100,1000,2000,101001,l2,1.0,cv,0.7550958140326504,5,0.7169629544620703,1000,499,841.038,998,8.618575020903775,1.0,0.1264194828982084,0.12818438033445922,spectral,Spectral MLP,1.0,200.0,100801,0.9980198215859248,3.0,0.18883814899104173,0.15802859090352578,0.2344127333821189,1.4731759711934047,0.9999989597921397,0.20660869518592545,1001,13.005832845112309
folds_T1_d100,Folding: 1 layer,Tied,folds,1,41345,0.8,100,1000,2000,101001,l2,1.0,cv,0.7550958140326504,5,0.7169629544620703,1000,499,841.038,998,8.618575020903775,1.0,0.1264194828982084,0.12818438033445922,unconstrained,ReLU MLP,1.0,200.0,100801,0.9980198215859248,3.0,0.3503656984071193,9.709868621778547e-15,0.6268724766753243,2.733294785939938,11.683006237550918,0.393470843707639,1001,10.424307765904814
folds_T4_d100,Folding: 4 layers,Tied,folds,4,12345,0.8,100,1000,2000,101001,l2,1.0,cv,0.6311397968263214,5,0.6713142363005511,1000,65,390.904,866,8.013762738735089,1.0,0.04406537626784027,0.044065690338566214,constant,Training-mean constant,,,1,9.900892070375541e-06,,0.044065690338566214,0.671201000488932,0.04306317603753212,1.0,0.0,0.0,0,0.0
folds_T4_d100,Folding: 4 layers,Tied,folds,4,12345,0.8,100,1000,2000,101001,l2,1.0,cv,0.6311397968263214,5,0.6713142363005511,1000,65,390.904,866,8.013762738735089,1.0,0.04406537626784027,0.044065690338566214,formula,Formula,1.0,,101001,1.0,,0.04484366088868508,0.6730467643578534,0.04445925896265943,1.0176547909301215,1.0,0.02448866484007567,0,0.8442505300045013
folds_T4_d100,Folding: 4 layers,Tied,folds,4,12345,0.8,100,1000,2000,101001,l2,1.0,cv,0.6311397968263214,5,0.6713142363005511,1000,65,390.904,866,8.013762738735089,1.0,0.04406537626784027,0.044065690338566214,orthogonal,Orthogonal MLP,1.0,200.0,100801,0.9980198215859248,3.0,0.10729320922229868,0.007207897549617948,0.5028322014583646,2.4348468933072827,0.9999990121760729,0.2309704910156788,1001,90.71654682583176
folds_T4_d100,Folding: 4 layers,Tied,folds,4,12345,0.8,100,1000,2000,101001,l2,1.0,cv,0.6311397968263214,5,0.6713142363005511,1000,65,390.904,866,8.013762738735089,1.0,0.04406537626784027,0.044065690338566214,spectral,Spectral MLP,1.0,200.0,100801,0.9980198215859248,3.0,0.11480197839145885,0.1447525320423448,0.21375815958045932,2.6052463381240702,0.9999989709631811,0.22821816728080727,1001,13.108239118009806
folds_T4_d100,Folding: 4 layers,Tied,folds,4,12345,0.8,100,1000,2000,101001,l2,1.0,cv,0.6311397968263214,5,0.6713142363005511,1000,65,390.904,866,8.013762738735089,1.0,0.04406537626784027,0.044065690338566214,unconstrained,ReLU MLP,1.0,200.0,100801,0.9980198215859248,3.0,0.3011969193147531,6.077050099662679e-07,0.6155073644450868,6.835179864438572,11.8498710140558,0.4217551882760579,1001,10.66106442711316
folds_T4_d100,Folding: 4 layers,Tied,folds,4,13345,0.8,100,1000,2000,101001,l2,1.0,cv,0.7063084692094606,5,0.6320443511639994,1000,997,999.988,1000,10.130605726325488,1.0,0.04029097444629297,0.04220050798043074,constant,Training-mean constant,,,1,9.900892070375541e-06,,0.04220050798043074,0.630548247690409,0.04069974077765142,1.0,0.0,0.0,0,0.0
folds_T4_d100,Folding: 4 layers,Tied,folds,4,13345,0.8,100,1000,2000,101001,l2,1.0,cv,0.7063084692094606,5,0.6320443511639994,1000,997,999.988,1000,10.130605726325488,1.0,0.04029097444629297,0.04220050798043074,formula,Formula,1.0,,101001,1.0,,0.04220035044392756,0.6305479128787814,0.04070128715871857,0.9999962669524439,1.0,0.0,0,0.8971142428927124
folds_T4_d100,Folding: 4 layers,Tied,folds,4,13345,0.8,100,1000,2000,101001,l2,1.0,cv,0.7063084692094606,5,0.6320443511639994,1000,997,999.988,1000,10.130605726325488,1.0,0.04029097444629297,0.04220050798043074,orthogonal,Orthogonal MLP,1.0,200.0,100801,0.9980198215859248,3.0,0.10541723067605799,0.005252181161424131,0.5020127885439275,2.4980085719570524,0.9999989823585379,0.18165272214900932,1001,90.30907923006453
folds_T4_d100,Folding: 4 layers,Tied,folds,4,13345,0.8,100,1000,2000,101001,l2,1.0,cv,0.7063084692094606,5,0.6320443511639994,1000,997,999.988,1000,10.130605726325488,1.0,0.04029097444629297,0.04220050798043074,spectral,Spectral MLP,1.0,200.0,100801,0.9980198215859248,3.0,0.10500764089994702,0.137783861133135,0.2046308309138082,2.4883027699249793,0.9999989692338874,0.17807243214995733,1001,13.01770605519414
folds_T4_d100,Folding: 4 layers,Tied,folds,4,13345,0.8,100,1000,2000,101001,l2,1.0,cv,0.7063084692094606,5,0.6320443511639994,1000,997,999.988,1000,10.130605726325488,1.0,0.04029097444629297,0.04220050798043074,unconstrained,ReLU MLP,1.0,200.0,100801,0.9980198215859248,3.0,0.2945014549115247,4.464194518725796e-14,0.5973709291843402,6.978623457520729,14.757841992082403,0.37927379527836663,1001,10.418149900855497
folds_T4_d100,Folding: 4 layers,Tied,folds,4,14345,0.8,100,1000,2000,101001,l2,1.0,cv,0.6810233995432617,5,0.6884570792675322,1000,998,999.982,1000,10.130605726325488,1.0,0.04188117919347335,0.04188509334785718,constant,Training-mean constant,,,1,9.900892070375541e-06,,0.04188509334785718,0.6862476187841617,0.044573570458500536,1.0,0.0,0.0,0,0.0
folds_T4_d100,Folding: 4 layers,Tied,folds,4,14345,0.8,100,1000,2000,101001,l2,1.0,cv,0.6810233995432617,5,0.6884570792675322,1000,998,999.982,1000,10.130605726325488,1.0,0.04188117919347335,0.04188509334785718,formula,Formula,1.0,,101001,1.0,,0.04188504652907841,0.686254661947126,0.04457304954202165,0.9999988822090384,1.0,0.00016422177304950824,0,0.8972057159990072
folds_T4_d100,Folding: 4 layers,Tied,folds,4,14345,0.8,100,1000,2000,101001,l2,1.0,cv,0.6810233995432617,5,0.6884570792675322,1000,998,999.982,1000,10.130605726325488,1.0,0.04188117919347335,0.04188509334785718,orthogonal,Orthogonal MLP,1.0,200.0,100801,0.9980198215859248,3.0,0.10133413620429269,0.01431170173585997,0.48448190132085395,2.419336525353044,0.9999989971048614,0.21394508994829634,1001,91.31737743807025
folds_T4_d100,Folding: 4 layers,Tied,folds,4,14345,0.8,100,1000,2000,101001,l2,1.0,cv,0.6810233995432617,5,0.6884570792675322,1000,998,999.982,1000,10.130605726325488,1.0,0.04188117919347335,0.04188509334785718,spectral,Spectral MLP,1.0,200.0,100801,0.9980198215859248,3.0,0.10188272034061083,0.20147834177746976,0.17734075877051442,2.4324338851168656,0.9999990118738358,0.20091718214627702,1001,13.112893583020195
folds_T4_d100,Folding: 4 layers,Tied,folds,4,14345,0.8,100,1000,2000,101001,l2,1.0,cv,0.6810233995432617,5,0.6884570792675322,1000,998,999.982,1000,10.130605726325488,1.0,0.04188117919347335,0.04188509334785718,unconstrained,ReLU MLP,1.0,200.0,100801,0.9980198215859248,3.0,0.3168229093902262,4.199823857000031e-14,0.6403879893067176,7.564097010814821,16.61949831984424,0.43589428075681985,1001,10.791793511947617
folds_T4_d100,Folding: 4 layers,Tied,folds,4,15345,0.8,100,1000,2000,101001,l2,1.0,cv,0.7353735023280924,5,0.7153292648124793,1000,45,388.02,790,8.013762738735089,1.0,0.039463576549042534,0.03973588318505422,constant,Training-mean constant,,,1,9.900892070375541e-06,,0.03973588318505422,0.7139257001325555,0.0411558963106548,1.0,0.0,0.0,0,0.0
folds_T4_d100,Folding: 4 layers,Tied,folds,4,15345,0.8,100,1000,2000,101001,l2,1.0,cv,0.7353735023280924,5,0.7153292648124793,1000,45,388.02,790,8.013762738735089,1.0,0.039463576549042534,0.03973588318505422,formula,Formula,1.0,,101001,1.0,,0.039639342929460315,0.7130740173948282,0.04087794386086959,0.9975704514948288,1.0,0.024667605443670627,0,0.913018946070224
folds_T4_d100,Folding: 4 layers,Tied,folds,4,15345,0.8,100,1000,2000,101001,l2,1.0,cv,0.7353735023280924,5,0.7153292648124793,1000,45,388.02,790,8.013762738735089,1.0,0.039463576549042534,0.03973588318505422,orthogonal,Orthogonal MLP,1.0,200.0,100801,0.9980198215859248,3.0,0.10237104301753709,0.012228215359022786,0.5256556488878494,2.5762870939796225,0.9999989771818879,0.21724462719670284,1001,90.73496625898406
folds_T4_d100,Folding: 4 layers,Tied,folds,4,15345,0.8,100,1000,2000,101001,l2,1.0,cv,0.7353735023280924,5,0.7153292648124793,1000,45,388.02,790,8.013762738735089,1.0,0.039463576549042534,0.03973588318505422,spectral,Spectral MLP,1.0,200.0,100801,0.9980198215859248,3.0,0.09338831540377093,0.16670762422345378,0.21061318453010983,2.350226241829121,0.999998985539245,0.19515330462802527,1001,13.17897260794416
folds_T4_d100,Folding: 4 layers,Tied,folds,4,15345,0.8,100,1000,2000,101001,l2,1.0,cv,0.7353735023280924,5,0.7153292648124793,1000,45,388.02,790,8.013762738735089,1.0,0.039463576549042534,0.03973588318505422,unconstrained,ReLU MLP,1.0,200.0,100801,0.9980198215859248,3.0,0.26927444835219194,0.00040255827878549113,0.6769178938670939,6.776606602605315,12.41428344062505,0.37121585080588093,1001,10.47606086009182
folds_T4_d100,Folding: 4 layers,Tied,folds,4,16345,0.8,100,1000,2000,101001,l2,1.0,cv,0.669341216097428,5,0.6571667507191707,1000,969,998.274,1000,9.525793444156804,1.0,0.04272511593489081,0.04315805150491715,constant,Training-mean constant,,,1,9.900892070375541e-06,,0.04315805150491715,0.6566840690703843,0.04365515340176688,1.0,0.0,0.0,0,0.0
folds_T4_d100,Folding: 4 layers,Tied,folds,4,16345,0.8,100,1000,2000,101001,l2,1.0,cv,0.669341216097428,5,0.6571667507191707,1000,969,998.274,1000,9.525793444156804,1.0,0.04272511593489081,0.04315805150491715,formula,Formula,1.0,,101001,1.0,,0.0431617241342513,0.6566642626592948,0.043667390911598755,1.0000850971998523,1.0,0.0014027186409880682,0,0.8995949570089579
folds_T4_d100,Folding: 4 layers,Tied,folds,4,16345,0.8,100,1000,2000,101001,l2,1.0,cv,0.669341216097428,5,0.6571667507191707,1000,969,998.274,1000,9.525793444156804,1.0,0.04272511593489081,0.04315805150491715,orthogonal,Orthogonal MLP,1.0,200.0,100801,0.9980198215859248,3.0,0.11073689612015601,0.005301028839922991,0.5142825747024665,2.5658455898440957,0.9999989822494944,0.2268794051931787,1001,90.69504671706818
folds_T4_d100,Folding: 4 layers,Tied,folds,4,16345,0.8,100,1000,2000,101001,l2,1.0,cv,0.669341216097428,5,0.6571667507191707,1000,969,998.274,1000,9.525793444156804,1.0,0.04272511593489081,0.04315805150491715,spectral,Spectral MLP,1.0,200.0,100801,0.9980198215859248,3.0,0.10901202318652183,0.1420961897048251,0.20556333465077187,2.5258791670449185,0.9999989983149589,0.20903116347137146,1001,13.21998668788001
folds_T4_d100,Folding: 4 layers,Tied,folds,4,16345,0.8,100,1000,2000,101001,l2,1.0,cv,0.669341216097428,5,0.6571667507191707,1000,969,998.274,1000,9.525793444156804,1.0,0.04272511593489081,0.04315805150491715,unconstrained,ReLU MLP,1.0,200.0,100801,0.9980198215859248,3.0,0.2956048835585659,7.342861966743398e-15,0.6120883000338898,6.8493565684930555,11.600437058514933,0.45034058150193096,1001,10.397611115826294
folds_T4_d100,Folding: 4 layers,Tied,folds,4,17345,0.8,100,1000,2000,101001,l2,1.0,cv,0.6864094692378085,5,0.677535011979527,1000,687,944.57,1000,8.920981161988117,1.0,0.04197775350094865,0.04210715788091581,constant,Training-mean constant,,,1,9.900892070375541e-06,,0.04210715788091581,0.6766314850830986,0.04882924543300968,1.0,0.0,0.0,0,0.0
folds_T4_d100,Folding: 4 layers,Tied,folds,4,17345,0.8,100,1000,2000,101001,l2,1.0,cv,0.6864094692378085,5,0.677535011979527,1000,687,944.57,1000,8.920981161988117,1.0,0.04197775350094865,0.04210715788091581,formula,Formula,1.0,,101001,1.0,,0.04220138756565384,0.6774713472081701,0.04897219988160457,1.002237854309819,1.0,0.004976183633374211,0,0.9132273020222783
folds_T4_d100,Folding: 4 layers,Tied,folds,4,17345,0.8,100,1000,2000,101001,l2,1.0,cv,0.6864094692378085,5,0.677535011979527,1000,687,944.57,1000,8.920981161988117,1.0,0.04197775350094865,0.04210715788091581,orthogonal,Orthogonal MLP,1.0,200.0,100801,0.9980198215859248,3.0,0.10395833266640966,0.008430727879050243,0.49277641793207955,2.468899301169092,0.9999989942562452,0.18643052506684743,1001,91.61146185197867
folds_T4_d100,Folding: 4 layers,Tied,folds,4,17345,0.8,100,1000,2000,101001,l2,1.0,cv,0.6864094692378085,5,0.677535011979527,1000,687,944.57,1000,8.920981161988117,1.0,0.04197775350094865,0.04210715788091581,spectral,Spectral MLP,1.0,200.0,100801,0.9980198215859248,3.0,0.09878123440978777,0.15531543220833566,0.1939904642641797,2.345948750308752,0.9999989331277314,0.19207942431610847,1001,13.18226429913193
folds_T4_d100,Folding: 4 layers,Tied,folds,4,17345,0.8,100,1000,2000,101001,l2,1.0,cv,0.6864094692378085,5,0.677535011979527,1000,687,944.57,1000,8.920981161988117,1.0,0.04197775350094865,0.04210715788091581,unconstrained,ReLU MLP,1.0,200.0,100801,0.9980198215859248,3.0,0.2539967625337074,3.321058763504528e-12,0.6125661824776212,6.0321516653306615,12.168652667061846,0.3842077122115957,1001,10.601632237900048
folds_T4_d100,Folding: 4 layers,Tied,folds,4,18345,0.8,100,1000,2000,101001,l2,1.0,cv,0.6953648018843347,5,0.727436860645485,1000,186,640.578,974,8.316168879819433,1.0,0.04330412569440639,0.046571177052017944,constant,Training-mean constant,,,1,9.900892070375541e-06,,0.046571177052017944,0.7266607347539424,0.04496994109133252,1.0,0.0,0.0,0,0.0
folds_T4_d100,Folding: 4 layers,Tied,folds,4,18345,0.8,100,1000,2000,101001,l2,1.0,cv,0.6953648018843347,5,0.727436860645485,1000,186,640.578,974,8.316168879819433,1.0,0.04330412569440639,0.046571177052017944,formula,Formula,1.0,,101001,1.0,,0.04691324755092964,0.7259435523678758,0.04525957421575421,1.007345111731439,1.0,0.014003793979734573,0,0.9194475091062486
folds_T4_d100,Folding: 4 layers,Tied,folds,4,18345,0.8,100,1000,2000,101001,l2,1.0,cv,0.6953648018843347,5,0.727436860645485,1000,186,640.578,974,8.316168879819433,1.0,0.04330412569440639,0.046571177052017944,orthogonal,Orthogonal MLP,1.0,200.0,100801,0.9980198215859248,3.0,0.1111799834073353,0.011824580012200757,0.520621094775078,2.3873131504310527,0.9999990195753383,0.2016989863411337,1001,90.93641846091487
folds_T4_d100,Folding: 4 layers,Tied,folds,4,18345,0.8,100,1000,2000,101001,l2,1.0,cv,0.6953648018843347,5,0.727436860645485,1000,186,640.578,974,8.316168879819433,1.0,0.04330412569440639,0.046571177052017944,spectral,Spectral MLP,1.0,200.0,100801,0.9980198215859248,3.0,0.10788392732526311,0.17872223271425405,0.20068736886966806,2.316538557845801,0.9999989763483339,0.20292362936158634,1001,13.390281223226339
folds_T4_d100,Folding: 4 layers,Tied,folds,4,18345,0.8,100,1000,2000,101001,l2,1.0,cv,0.6953648018843347,5,0.727436860645485,1000,186,640.578,974,8.316168879819433,1.0,0.04330412569440639,0.046571177052017944,unconstrained,ReLU MLP,1.0,200.0,100801,0.9980198215859248,3.0,0.3088302118601064,9.638079865739192e-15,0.6717118994456124,6.631359381687019,11.972826769286982,0.39505549011988705,1001,10.607364507159218
folds_T4_d100,Folding: 4 layers,Tied,folds,4,19345,0.8,100,1000,2000,101001,l2,1.0,cv,0.7054817892713378,5,0.6611816712404021,1000,145,640.582,943,8.316168879819433,1.0,0.04153745370959769,0.04229396965668464,constant,Training-mean constant,,,1,9.900892070375541e-06,,0.04229396965668464,0.6605851662018615,0.04162392461452756,1.0,0.0,0.0,0,0.0
folds_T4_d100,Folding: 4 layers,Tied,folds,4,19345,0.8,100,1000,2000,101001,l2,1.0,cv,0.7054817892713378,5,0.6611816712404021,1000,145,640.582,943,8.316168879819433,1.0,0.04153745370959769,0.04229396965668464,formula,Formula,1.0,,101001,1.0,,0.043001219972958145,0.6585379730565806,0.04245091851307652,1.016722249578711,1.0,0.016417561547097493,0,0.9097635799553245
folds_T4_d100,Folding: 4 layers,Tied,folds,4,19345,0.8,100,1000,2000,101001,l2,1.0,cv,0.7054817892713378,5,0.6611816712404021,1000,145,640.582,943,8.316168879819433,1.0,0.04153745370959769,0.04229396965668464,orthogonal,Orthogonal MLP,1.0,200.0,100801,0.9980198215859248,3.0,0.10540658114181428,0.005825325825751121,0.5115613968536573,2.492236647385843,0.9999990212354214,0.19480858197192674,1001,91.20468599512242
folds_T4_d100,Folding: 4 layers,Tied,folds,4,19345,0.8,100,1000,2000,101001,l2,1.0,cv,0.7054817892713378,5,0.6611816712404021,1000,145,640.582,943,8.316168879819433,1.0,0.04153745370959769,0.04229396965668464,spectral,Spectral MLP,1.0,200.0,100801,0.9980198215859248,3.0,0.10866177636905666,0.13888511694957037,0.21523291811048534,2.569202589662389,0.9999989828911796,0.21008920171376047,1001,13.423572250874713
folds_T4_d100,Folding: 4 layers,Tied,folds,4,19345,0.8,100,1000,2000,101001,l2,1.0,cv,0.7054817892713378,5,0.6611816712404021,1000,145,640.582,943,8.316168879819433,1.0,0.04153745370959769,0.04229396965668464,unconstrained,ReLU MLP,1.0,200.0,100801,0.9980198215859248,3.0,0.29937931073146873,2.0756815423651398e-14,0.6124813961923237,7.078534201486365,12.749979715609708,0.4719018140638553,1001,10.892325917026028
folds_T4_d100,Folding: 4 layers,Tied,folds,4,20345,0.8,100,1000,2000,101001,l2,1.0,cv,0.6484665168764381,5,0.6422174027471212,1000,667,944.5,1000,8.920981161988117,1.0,0.039163829284062715,0.039888204023914284,constant,Training-mean constant,,,1,9.900892070375541e-06,,0.039888204023914284,0.641750238688519,0.04029623077457762,1.0,0.0,0.0,0,0.0
folds_T4_d100,Folding: 4 layers,Tied,folds,4,20345,0.8,100,1000,2000,101001,l2,1.0,cv,0.6484665168764381,5,0.6422174027471212,1000,667,944.5,1000,8.920981161988117,1.0,0.039163829284062715,0.039888204023914284,formula,Formula,1.0,,101001,1.0,,0.039854926914814896,0.6415150402794277,0.04024316421102908,0.9991657406014209,1.0,0.00546399566430168,0,0.9015097049996257
folds_T4_d100,Folding: 4 layers,Tied,folds,4,20345,0.8,100,1000,2000,101001,l2,1.0,cv,0.6484665168764381,5,0.6422174027471212,1000,667,944.5,1000,8.920981161988117,1.0,0.039163829284062715,0.039888204023914284,orthogonal,Orthogonal MLP,1.0,200.0,100801,0.9980198215859248,3.0,0.09899307656438698,0.0059694929363718835,0.5184483536570494,2.4817631925728567,0.9999989834105432,0.1949545299367194,1001,90.99148557102308
folds_T4_d100,Folding: 4 layers,Tied,folds,4,20345,0.8,100,1000,2000,101001,l2,1.0,cv,0.6484665168764381,5,0.6422174027471212,1000,667,944.5,1000,8.920981161988117,1.0,0.039163829284062715,0.039888204023914284,spectral,Spectral MLP,1.0,200.0,100801,0.9980198215859248,3.0,0.10715398649471285,0.12611978513962852,0.23879114712650096,2.6863577620709753,0.9999989994099093,0.20771438759183689,1001,13.303525418043137
folds_T4_d100,Folding: 4 layers,Tied,folds,4,20345,0.8,100,1000,2000,101001,l2,1.0,cv,0.6484665168764381,5,0.6422174027471212,1000,667,944.5,1000,8.920981161988117,1.0,0.039163829284062715,0.039888204023914284,unconstrained,ReLU MLP,1.0,200.0,100801,0.9980198215859248,3.0,0.2914405825261705,1.6067360575143917e-14,0.6229594202252342,7.306435314847525,12.006643869532633,0.4016363156533241,1001,10.68856166000478
folds_T4_d100,Folding: 4 layers,Tied,folds,4,21345,0.8,100,1000,2000,101001,l2,1.0,cv,0.710003198617565,5,0.7187393089445183,1000,975,998.366,1000,9.525793444156804,1.0,0.04204303917317082,0.04206240634421946,constant,Training-mean constant,,,1,9.900892070375541e-06,,0.04206240634421946,0.7176275543155203,0.03984950499862471,1.0,0.0,0.0,0,0.0
folds_T4_d100,Folding: 4 layers,Tied,folds,4,21345,0.8,100,1000,2000,101001,l2,1.0,cv,0.710003198617565,5,0.7187393089445183,1000,975,998.366,1000,9.525793444156804,1.0,0.04204303917317082,0.04206240634421946,formula,Formula,1.0,,101001,1.0,,0.04206419315273368,0.7176371765761187,0.039889228742821754,1.0000424799403913,1.0,0.001012365705968123,0,0.9226560550741851
folds_T4_d100,Folding: 4 layers,Tied,folds,4,21345,0.8,100,1000,2000,101001,l2,1.0,cv,0.710003198617565,5,0.7187393089445183,1000,975,998.366,1000,9.525793444156804,1.0,0.04204303917317082,0.04206240634421946,orthogonal,Orthogonal MLP,1.0,200.0,100801,0.9980198215859248,3.0,0.09981707915264461,0.01823073087651742,0.4947694050749472,2.3730710586500297,0.9999989782510121,0.18522418875696786,1001,91.3292616000399
folds_T4_d100,Folding: 4 layers,Tied,folds,4,21345,0.8,100,1000,2000,101001,l2,1.0,cv,0.710003198617565,5,0.7187393089445183,1000,975,998.366,1000,9.525793444156804,1.0,0.04204303917317082,0.04206240634421946,spectral,Spectral MLP,1.0,200.0,100801,0.9980198215859248,3.0,0.09500142564363052,0.23430868289006151,0.17281415031878158,2.258582755969366,0.9999989358941991,0.19220153981067079,1001,13.502476824913174
folds_T4_d100,Folding: 4 layers,Tied,folds,4,21345,0.8,100,1000,2000,101001,l2,1.0,cv,0.710003198617565,5,0.7187393089445183,1000,975,998.366,1000,9.525793444156804,1.0,0.04204303917317082,0.04206240634421946,unconstrained,ReLU MLP,1.0,200.0,100801,0.9980198215859248,3.0,0.3207592805614025,2.6128494647851845e-08,0.6814361353690133,7.6257948234453234,18.1832456240559,0.42148573150726193,1001,11.002265830058604
folds_T4_d100,Folding: 4 layers,Tied,folds,4,22345,0.8,100,1000,2000,101001,l2,1.0,cv,0.747638480540792,5,0.6876757357517255,1000,960,998.234,1000,9.525793444156804,1.0,0.04040414216418236,0.04082353807157133,constant,Training-mean constant,,,1,9.900892070375541e-06,,0.04082353807157133,0.6866032817764797,0.03737274173899127,1.0,0.0,0.0,0,0.0
folds_T4_d100,Folding: 4 layers,Tied,folds,4,22345,0.8,100,1000,2000,101001,l2,1.0,cv,0.747638480540792,5,0.6876757357517255,1000,960,998.234,1000,9.525793444156804,1.0,0.04040414216418236,0.04082353807157133,formula,Formula,1.0,,101001,1.0,,0.040827998345796174,0.6867032927894846,0.03737612080424305,1.0001092574146078,1.0,0.0006855006071906565,0,0.8986911498941481
folds_T4_d100,Folding: 4 layers,Tied,folds,4,22345,0.8,100,1000,2000,101001,l2,1.0,cv,0.747638480540792,5,0.6876757357517255,1000,960,998.234,1000,9.525793444156804,1.0,0.04040414216418236,0.04082353807157133,orthogonal,Orthogonal MLP,1.0,200.0,100801,0.9980198215859248,3.0,0.11009813515632286,0.008531400819454664,0.5164645750064585,2.6969278106983317,0.9999990224782701,0.22037434636196246,1001,91.49783957400359
folds_T4_d100,Folding: 4 layers,Tied,folds,4,22345,0.8,100,1000,2000,101001,l2,1.0,cv,0.747638480540792,5,0.6876757357517255,1000,960,998.234,1000,9.525793444156804,1.0,0.04040414216418236,0.04082353807157133,spectral,Spectral MLP,1.0,200.0,100801,0.9980198215859248,3.0,0.1137310508739565,0.13751596605479427,0.22737647708745823,2.785918522656331,0.9999990034414159,0.21112898279031092,1001,13.308468410978094
folds_T4_d100,Folding: 4 layers,Tied,folds,4,22345,0.8,100,1000,2000,101001,l2,1.0,cv,0.747638480540792,5,0.6876757357517255,1000,960,998.234,1000,9.525793444156804,1.0,0.04040414216418236,0.04082353807157133,unconstrained,ReLU MLP,1.0,200.0,100801,0.9980198215859248,3.0,0.275329360325285,1.2195897499647257e-14,0.6426385217423545,6.7443777127445665,10.827806823422286,0.39875862412143775,1001,10.544165297877043
folds_T4_d100,Folding: 4 layers,Tied,folds,4,23345,0.8,100,1000,2000,101001,l2,1.0,cv,0.6886618802473446,5,0.6151569705009402,1000,998,999.986,1000,10.130605726325488,1.0,0.04375418436057074,0.04375813539155422,constant,Training-mean constant,,,1,9.900892070375541e-06,,0.04375813539155422,0.6141349714241096,0.03827337850923871,1.0,0.0,0.0,0,0.0
folds_T4_d100,Folding: 4 layers,Tied,folds,4,23345,0.8,100,1000,2000,101001,l2,1.0,cv,0.6886618802473446,5,0.6151569705009402,1000,998,999.986,1000,10.130605726325488,1.0,0.04375418436057074,0.04375813539155422,formula,Formula,1.0,,101001,1.0,,0.04375822343825071,0.6141357165114241,0.03827309495434818,1.000002012121762,1.0,4.933336039479623e-05,0,0.9008214299101382
folds_T4_d100,Folding: 4 layers,Tied,folds,4,23345,0.8,100,1000,2000,101001,l2,1.0,cv,0.6886618802473446,5,0.6151569705009402,1000,998,999.986,1000,10.130605726325488,1.0,0.04375418436057074,0.04375813539155422,orthogonal,Orthogonal MLP,1.0,200.0,100801,0.9980198215859248,3.0,0.10311593161049924,0.0046866699004131564,0.49544851528838735,2.3564973847217834,0.9999989776001937,0.20805596081625596,1001,90.98698472208343
folds_T4_d100,Folding: 4 layers,Tied,folds,4,23345,0.8,100,1000,2000,101001,l2,1.0,cv,0.6886618802473446,5,0.6151569705009402,1000,998,999.986,1000,10.130605726325488,1.0,0.04375418436057074,0.04375813539155422,spectral,Spectral MLP,1.0,200.0,100801,0.9980198215859248,3.0,0.10026072038099014,0.12438212465860311,0.20535813994422458,2.2912475470867872,0.9999989947098719,0.1919024972927551,1001,13.390821216860786
folds_T4_d100,Folding: 4 layers,Tied,folds,4,23345,0.8,100,1000,2000,101001,l2,1.0,cv,0.6886618802473446,5,0.6151569705009402,1000,998,999.986,1000,10.130605726325488,1.0,0.04375418436057074,0.04375813539155422,unconstrained,ReLU MLP,1.0,200.0,100801,0.9980198215859248,3.0,0.2630210623093018,9.353399758239505e-15,0.5786994581315168,6.010792277955875,10.739716550831126,0.4249773228754832,1001,10.708392377011478
folds_T4_d100,Folding: 4 layers,Tied,folds,4,24345,0.8,100,1000,2000,101001,l2,1.0,cv,0.6521619661619672,5,0.7049074497433934,1000,847,987.424,1000,9.22338730307246,1.0,0.04022949367291127,0.040233232301416115,constant,Training-mean constant,,,1,9.900892070375541e-06,,0.040233232301416115,0.7037323995463444,0.04170959819768652,1.0,0.0,0.0,0,0.0
folds_T4_d100,Folding: 4 layers,Tied,folds,4,24345,0.8,100,1000,2000,101001,l2,1.0,cv,0.6521619661619672,5,0.7049074497433934,1000,847,987.424,1000,9.22338730307246,1.0,0.04022949367291127,0.040233232301416115,formula,Formula,1.0,,101001,1.0,,0.04025364874763136,0.7040760983672493,0.041902898589734235,1.000507452298694,1.0,0.003302477374656815,0,0.9705051411874592
folds_T4_d100,Folding: 4 layers,Tied,folds,4,24345,0.8,100,1000,2000,101001,l2,1.0,cv,0.6521619661619672,5,0.7049074497433934,1000,847,987.424,1000,9.22338730307246,1.0,0.04022949367291127,0.040233232301416115,orthogonal,Orthogonal MLP,1.0,200.0,100801,0.9980198215859248,3.0,0.10894655662373189,0.016023702069823217,0.48469179591025946,2.7078748186955197,0.9999989974796814,0.22261419309827005,1001,91.59092868911102
folds_T4_d100,Folding: 4 layers,Tied,folds,4,24345,0.8,100,1000,2000,101001,l2,1.0,cv,0.6521619661619672,5,0.7049074497433934,1000,847,987.424,1000,9.22338730307246,1.0,0.04022949367291127,0.040233232301416115,spectral,Spectral MLP,1.0,200.0,100801,0.9980198215859248,3.0,0.10732515456195275,0.22396727192350305,0.17359574806236377,2.6675747491005133,0.9999990000777084,0.234055513779021,1001,13.488069891929626
folds_T4_d100,Folding: 4 layers,Tied,folds,4,24345,0.8,100,1000,2000,101001,l2,1.0,cv,0.6521619661619672,5,0.7049074497433934,1000,847,987.424,1000,9.22338730307246,1.0,0.04022949367291127,0.040233232301416115,unconstrained,ReLU MLP,1.0,200.0,100801,0.9980198215859248,3.0,0.3138917670911736,2.6025444862432236e-11,0.6547721813308521,7.801803363438074,16.291416148661376,0.48548522779379705,1001,10.889846009900793
folds_T4_d100,Folding: 4 layers,Tied,folds,4,25345,0.8,100,1000,2000,101001,l2,1.0,cv,0.7853225968139744,5,0.7098054245587986,1000,444,843.212,995,8.618575020903775,1.0,0.039187036046721274,0.03922454027717693,constant,Training-mean constant,,,1,9.900892070375541e-06,,0.03922454027717693,0.7056983027144745,0.04059368473324093,1.0,0.0,0.0,0,0.0
folds_T4_d100,Folding: 4 layers,Tied,folds,4,25345,0.8,100,1000,2000,101001,l2,1.0,cv,0.7853225968139744,5,0.7098054245587986,1000,444,843.212,995,8.618575020903775,1.0,0.039187036046721274,0.03922454027717693,formula,Formula,1.0,,101001,1.0,,0.039262227541460575,0.7051102697588066,0.04075929897010846,1.0009608083107495,1.0,0.00851490195556071,0,0.9182140789926052
folds_T4_d100,Folding: 4 layers,Tied,folds,4,25345,0.8,100,1000,2000,101001,l2,1.0,cv,0.7853225968139744,5,0.7098054245587986,1000,444,843.212,995,8.618575020903775,1.0,0.039187036046721274,0.03922454027717693,orthogonal,Orthogonal MLP,1.0,200.0,100801,0.9980198215859248,3.0,0.1066701022211364,0.013243302876024913,0.5120823740514059,2.7194736118603573,0.9999989893414065,0.19021277974864614,1001,91.18532711686566
folds_T4_d100,Folding: 4 layers,Tied,folds,4,25345,0.8,100,1000,2000,101001,l2,1.0,cv,0.7853225968139744,5,0.7098054245587986,1000,444,843.212,995,8.618575020903775,1.0,0.039187036046721274,0.03922454027717693,spectral,Spectral MLP,1.0,200.0,100801,0.9980198215859248,3.0,0.10535743147661665,0.1701539494223429,0.2054091629420491,2.6860080636284627,0.9999990238293995,0.18683439248735126,1001,13.502592112869024
folds_T4_d100,Folding: 4 layers,Tied,folds,4,25345,0.8,100,1000,2000,101001,l2,1.0,cv,0.7853225968139744,5,0.7098054245587986,1000,444,843.212,995,8.618575020903775,1.0,0.039187036046721274,0.03922454027717693,unconstrained,ReLU MLP,1.0,200.0,100801,0.9980198215859248,3.0,0.30068522257632674,1.0792986561536027e-05,0.6631932340213982,7.665742426847065,12.599515535721414,0.4607151036486051,1001,10.732798014068976
folds_T4_d100,Folding: 4 layers,Tied,folds,4,26345,0.8,100,1000,2000,101001,l2,1.0,cv,0.6596986164471248,5,0.6676681319543037,1000,3,61.716,316,7.408950456566403,1.0,0.0380622008599357,0.040207851877061,constant,Training-mean constant,,,1,9.900892070375541e-06,,0.040207851877061,0.6683771068756467,0.04344068025258751,1.0,0.0,0.0,0,0.0
folds_T4_d100,Folding: 4 layers,Tied,folds,4,26345,0.8,100,1000,2000,101001,l2,1.0,cv,0.6596986164471248,5,0.6676681319543037,1000,3,61.716,316,7.408950456566403,1.0,0.0380622008599357,0.040207851877061,formula,Formula,1.0,,101001,1.0,,0.04542326450694747,0.6359107485578718,0.05691722851967922,1.1297112973315024,1.0,0.07742381441736013,0,0.9683108469471335
folds_T4_d100,Folding: 4 layers,Tied,folds,4,26345,0.8,100,1000,2000,101001,l2,1.0,cv,0.6596986164471248,5,0.6676681319543037,1000,3,61.716,316,7.408950456566403,1.0,0.0380622008599357,0.040207851877061,orthogonal,Orthogonal MLP,1.0,200.0,100801,0.9980198215859248,3.0,0.11455360647906968,0.006402883043825948,0.5263480426757526,2.849035726388151,0.9999989775089789,0.2146308892920258,1001,90.47489438508637
folds_T4_d100,Folding: 4 layers,Tied,folds,4,26345,0.8,100,1000,2000,101001,l2,1.0,cv,0.6596986164471248,5,0.6676681319543037,1000,3,61.716,316,7.408950456566403,1.0,0.0380622008599357,0.040207851877061,spectral,Spectral MLP,1.0,200.0,100801,0.9980198215859248,3.0,0.11493090768859524,0.12791026325772292,0.23764535139683388,2.8584194957742697,0.9999989787236707,0.2335264589116468,1001,13.27510417997837
folds_T4_d100,Folding: 4 layers,Tied,folds,4,26345,0.8,100,1000,2000,101001,l2,1.0,cv,0.6596986164471248,5,0.6676681319543037,1000,3,61.716,316,7.408950456566403,1.0,0.0380622008599357,0.040207851877061,unconstrained,ReLU MLP,1.0,200.0,100801,0.9980198215859248,3.0,0.27052163133010426,4.226860712874842e-10,0.6282131726957743,6.728079683471965,11.410673530905349,0.3912937999426978,1001,10.739723396953195
folds_T4_d100,Folding: 4 layers,Tied,folds,4,27345,0.8,100,1000,2000,101001,l2,1.0,cv,0.624808157298201,5,0.6552461795839897,1000,20,181.2,622,7.711356597650745,1.0,0.03774758909857586,0.03777736128816586,constant,Training-mean constant,,,1,9.900892070375541e-06,,0.03777736128816586,0.6543381240647845,0.039592252702892905,1.0,0.0,0.0,0,0.0
folds_T4_d100,Folding: 4 layers,Tied,folds,4,27345,0.8,100,1000,2000,101001,l2,1.0,cv,0.624808157298201,5,0.6552461795839897,1000,20,181.2,622,7.711356597650745,1.0,0.03774758909857586,0.03777736128816586,formula,Formula,1.0,,101001,1.0,,0.03988798865611664,0.6481001087678394,0.0421209211007769,1.0558701639283619,1.0,0.0509193232208987,0,0.9074192971456796
folds_T4_d100,Folding: 4 layers,Tied,folds,4,27345,0.8,100,1000,2000,101001,l2,1.0,cv,0.624808157298201,5,0.6552461795839897,1000,20,181.2,622,7.711356597650745,1.0,0.03774758909857586,0.03777736128816586,orthogonal,Orthogonal MLP,1.0,200.0,100801,0.9980198215859248,3.0,0.10412304320762687,0.007354288297506278,0.5039315487590069,2.756228589217121,0.9999990238461761,0.22101369012996794,1001,89.91473815403879
folds_T4_d100,Folding: 4 layers,Tied,folds,4,27345,0.8,100,1000,2000,101001,l2,1.0,cv,0.624808157298201,5,0.6552461795839897,1000,20,181.2,622,7.711356597650745,1.0,0.03774758909857586,0.03777736128816586,spectral,Spectral MLP,1.0,200.0,100801,0.9980198215859248,3.0,0.11326640822236075,0.12557318910978885,0.2283466394469234,2.9982615079535107,0.99999893856055,0.24086988069140897,1001,13.311844201991335
folds_T4_d100,Folding: 4 layers,Tied,folds,4,27345,0.8,100,1000,2000,101001,l2,1.0,cv,0.624808157298201,5,0.6552461795839897,1000,20,181.2,622,7.711356597650745,1.0,0.03774758909857586,0.03777736128816586,unconstrained,ReLU MLP,1.0,200.0,100801,0.9980198215859248,3.0,0.3056062592353023,0.002032939662934612,0.6170289121819699,8.089666636696421,12.692347364453111,0.4857289296999653,1001,11.714253095909953
folds_T4_d100,Folding: 4 layers,Tied,folds,4,28345,0.8,100,1000,2000,101001,l2,1.0,cv,0.7051170793158302,5,0.7107554453362503,1000,951,997.848,1000,9.525793444156804,1.0,0.043498527764963706,0.043568050650499304,constant,Training-mean constant,,,1,9.900892070375541e-06,,0.043568050650499304,0.70760443154723,0.04096742166448,1.0,0.0,0.0,0,0.0
folds_T4_d100,Folding: 4 layers,Tied,folds,4,28345,0.8,100,1000,2000,101001,l2,1.0,cv,0.7051170793158302,5,0.7107554453362503,1000,951,997.848,1000,9.525793444156804,1.0,0.043498527764963706,0.043568050650499304,formula,Formula,1.0,,101001,1.0,,0.043571433672037654,0.7076076170128067,0.040988074494944335,1.0000776491371048,1.0,0.00116402709724121,0,0.9106289648916572
folds_T4_d100,Folding: 4 layers,Tied,folds,4,28345,0.8,100,1000,2000,101001,l2,1.0,cv,0.7051170793158302,5,0.7107554453362503,1000,951,997.848,1000,9.525793444156804,1.0,0.043498527764963706,0.043568050650499304,orthogonal,Orthogonal MLP,1.0,200.0,100801,0.9980198215859248,3.0,0.11141117547900282,0.01150779533198248,0.5232421690571111,2.557176045647248,0.9999989783314525,0.19642701371860893,1001,91.21644169907086
folds_T4_d100,Folding: 4 layers,Tied,folds,4,28345,0.8,100,1000,2000,101001,l2,1.0,cv,0.7051170793158302,5,0.7107554453362503,1000,951,997.848,1000,9.525793444156804,1.0,0.043498527764963706,0.043568050650499304,spectral,Spectral MLP,1.0,200.0,100801,0.9980198215859248,3.0,0.11142360930650798,0.16002672089990672,0.21863386673638796,2.5574614343052096,0.9999990107383085,0.20394007228229152,1001,13.199883531080559
folds_T4_d100,Folding: 4 layers,Tied,folds,4,28345,0.8,100,1000,2000,101001,l2,1.0,cv,0.7051170793158302,5,0.7107554453362503,1000,951,997.848,1000,9.525793444156804,1.0,0.043498527764963706,0.043568050650499304,unconstrained,ReLU MLP,1.0,200.0,100801,0.9980198215859248,3.0,0.2755957161480852,8.666031080253539e-15,0.6656237584250627,6.325637985479315,11.173118609648958,0.38444819318700324,1001,11.8842228630092
folds_T4_d100,Folding: 4 layers,Tied,folds,4,29345,0.8,100,1000,2000,101001,l2,1.0,cv,0.7050622660965374,5,0.6847059930720056,1000,642,941.832,1000,8.920981161988117,1.0,0.043184895868919604,0.04336597880022846,constant,Training-mean constant,,,1,9.900892070375541e-06,,0.04336597880022846,0.6825465076747844,0.04426824139788828,1.0,0.0,0.0,0,0.0
folds_T4_d100,Folding: 4 layers,Tied,folds,4,29345,0.8,100,1000,2000,101001,l2,1.0,cv,0.7050622660965374,5,0.6847059930720056,1000,642,941.832,1000,8.920981161988117,1.0,0.043184895868919604,0.04336597880022846,formula,Formula,1.0,,101001,1.0,,0.04320439466201606,0.682738751457129,0.04453168382972915,0.9962739423233876,1.0,0.004470436170664792,0,0.9144674809649587
folds_T4_d100,Folding: 4 layers,Tied,folds,4,29345,0.8,100,1000,2000,101001,l2,1.0,cv,0.7050622660965374,5,0.6847059930720056,1000,642,941.832,1000,8.920981161988117,1.0,0.043184895868919604,0.04336597880022846,orthogonal,Orthogonal MLP,1.0,200.0,100801,0.9980198215859248,3.0,0.09901728963978096,0.010111494221875201,0.5066304286349322,2.2832942407668964,0.9999990157326379,0.1920353925854719,1001,91.37742505199276
folds_T4_d100,Folding: 4 layers,Tied,folds,4,29345,0.8,100,1000,2000,101001,l2,1.0,cv,0.7050622660965374,5,0.6847059930720056,1000,642,941.832,1000,8.920981161988117,1.0,0.043184895868919604,0.04336597880022846,spectral,Spectral MLP,1.0,200.0,100801,0.9980198215859248,3.0,0.10206299045794623,0.16492750991039487,0.20740077152743056,2.3535267341275494,0.9999990012628066,0.18015154923955137,1001,13.541185999987647
folds_T4_d100,Folding: 4 layers,Tied,folds,4,29345,0.8,100,1000,2000,101001,l2,1.0,cv,0.7050622660965374,5,0.6847059930720056,1000,642,941.832,1000,8.920981161988117,1.0,0.043184895868919604,0.04336597880022846,unconstrained,ReLU MLP,1.0,200.0,100801,0.9980198215859248,3.0,0.2858869122397672,1.3309329633075164e-14,0.6420975158002844,6.592423834285993,14.064842658262767,0.38094184717987806,1001,10.80816983198747
folds_T4_d100,Folding: 4 layers,Tied,folds,4,30345,0.8,100,1000,2000,101001,l2,1.0,cv,0.7357741693590025,5,0.7364163597672858,1000,196,630.8,942,8.316168879819433,1.0,0.040263528896953615,0.040553988584983144,constant,Training-mean constant,,,1,9.900892070375541e-06,,0.040553988584983144,0.7369905877547838,0.03869127872902129,1.0,0.0,0.0,0,0.0
folds_T4_d100,Folding: 4 layers,Tied,folds,4,30345,0.8,100,1000,2000,101001,l2,1.0,cv,0.7357741693590025,5,0.7364163597672858,1000,196,630.8,942,8.316168879819433,1.0,0.040263528896953615,0.040553988584983144,formula,Formula,1.0,,101001,1.0,,0.040393121373628445,0.736888220083857,0.03872573602863746,0.996033257961357,1.0,0.01806916740873865,0,0.9659203609917313
folds_T4_d100,Folding: 4 layers,Tied,folds,4,30345,0.8,100,1000,2000,101001,l2,1.0,cv,0.7357741693590025,5,0.7364163597672858,1000,196,630.8,942,8.316168879819433,1.0,0.040263528896953615,0.040553988584983144,orthogonal,Orthogonal MLP,1.0,200.0,100801,0.9980198215859248,3.0,0.1024911305806795,0.015378366918637774,0.5238862421097878,2.5272762102278454,0.9999990256069711,0.2276240591432043,1001,89.93086864589714
folds_T4_d100,Folding: 4 layers,Tied,folds,4,30345,0.8,100,1000,2000,101001,l2,1.0,cv,0.7357741693590025,5,0.7364163597672858,1000,196,630.8,942,8.316168879819433,1.0,0.040263528896953615,0.040553988584983144,spectral,Spectral MLP,1.0,200.0,100801,0.9980198215859248,3.0,0.1060300841083991,0.19132635815766416,0.20524024797882623,2.614541449756715,0.9999988493962229,0.22021619940469545,1001,13.603899545967579
folds_T4_d100,Folding: 4 layers,Tied,folds,4,30345,0.8,100,1000,2000,101001,l2,1.0,cv,0.7357741693590025,5,0.7364163597672858,1000,196,630.8,942,8.316168879819433,1.0,0.040263528896953615,0.040553988584983144,unconstrained,ReLU MLP,1.0,200.0,100801,0.9980198215859248,3.0,0.3320067805990684,9.995401476601731e-13,0.6969329861812633,8.186784880686389,13.182127414625903,0.484392481277498,1001,10.830162392929196
folds_T4_d100,Folding: 4 layers,Tied,folds,4,31345,0.8,100,1000,2000,101001,l2,1.0,cv,0.7312207233686319,5,0.6747268653085676,1000,947,997.51,1000,9.525793444156804,1.0,0.038353889582486304,0.03842530559071929,constant,Training-mean constant,,,1,9.900892070375541e-06,,0.03842530559071929,0.672613634525178,0.03850968950813213,1.0,0.0,0.0,0,0.0
folds_T4_d100,Folding: 4 layers,Tied,folds,4,31345,0.8,100,1000,2000,101001,l2,1.0,cv,0.7312207233686319,5,0.6747268653085676,1000,947,997.51,1000,9.525793444156804,1.0,0.038353889582486304,0.03842530559071929,formula,Formula,1.0,,101001,1.0,,0.03842650233613547,0.6724764886209975,0.03848772335107319,1.0000311447208494,1.0,0.0007818308494454687,0,0.8989558988250792
folds_T4_d100,Folding: 4 layers,Tied,folds,4,31345,0.8,100,1000,2000,101001,l2,1.0,cv,0.7312207233686319,5,0.6747268653085676,1000,947,997.51,1000,9.525793444156804,1.0,0.038353889582486304,0.03842530559071929,orthogonal,Orthogonal MLP,1.0,200.0,100801,0.9980198215859248,3.0,0.10753505335078506,0.009360900569402527,0.5008927607415415,2.798547772037955,0.9999989895808499,0.19213654805073072,1001,90.72617909288965
folds_T4_d100,Folding: 4 layers,Tied,folds,4,31345,0.8,100,1000,2000,101001,l2,1.0,cv,0.7312207233686319,5,0.6747268653085676,1000,947,997.51,1000,9.525793444156804,1.0,0.038353889582486304,0.03842530559071929,spectral,Spectral MLP,1.0,200.0,100801,0.9980198215859248,3.0,0.11353511147859795,0.15424019918848159,0.20685453167293796,2.9546963838856137,0.9999989078995873,0.1903874435559834,1001,13.492214161902666
folds_T4_d100,Folding: 4 layers,Tied,folds,4,31345,0.8,100,1000,2000,101001,l2,1.0,cv,0.7312207233686319,5,0.6747268653085676,1000,947,997.51,1000,9.525793444156804,1.0,0.038353889582486304,0.03842530559071929,unconstrained,ReLU MLP,1.0,200.0,100801,0.9980198215859248,3.0,0.2983137559495269,1.7759675894786276e-14,0.6310692121679752,7.763471268829087,13.890648894542316,0.3996530697602003,1001,10.590880102012306
folds_T4_d100,Folding: 4 layers,Tied,folds,4,32345,0.8,100,1000,2000,101001,l2,1.0,cv,0.7311956240273056,5,0.7233983539441823,1000,874,987.946,1000,9.22338730307246,1.0,0.035263573935172536,0.03528575992421644,constant,Training-mean constant,,,1,9.900892070375541e-06,,0.03528575992421644,0.7219763833708357,0.036845483905823345,1.0,0.0,0.0,0,0.0
folds_T4_d100,Folding: 4 layers,Tied,folds,4,32345,0.8,100,1000,2000,101001,l2,1.0,cv,0.7311956240273056,5,0.7233983539441823,1000,874,987.946,1000,9.22338730307246,1.0,0.035263573935172536,0.03528575992421644,formula,Formula,1.0,,101001,1.0,,0.03529628885043239,0.7221514898802884,0.03696568275511566,1.000298390235567,1.0,0.0021371584277721425,0,0.8969481650274247
folds_T4_d100,Folding: 4 layers,Tied,folds,4,32345,0.8,100,1000,2000,101001,l2,1.0,cv,0.7311956240273056,5,0.7233983539441823,1000,874,987.946,1000,9.22338730307246,1.0,0.035263573935172536,0.03528575992421644,orthogonal,Orthogonal MLP,1.0,200.0,100801,0.9980198215859248,3.0,0.09359621573985225,0.01892882211340516,0.4851839413316858,2.6525209019408886,0.9999989862867219,0.19507530416314026,1001,91.02015676395968
folds_T4_d100,Folding: 4 layers,Tied,folds,4,32345,0.8,100,1000,2000,101001,l2,1.0,cv,0.7311956240273056,5,0.7233983539441823,1000,874,987.946,1000,9.22338730307246,1.0,0.035263573935172536,0.03528575992421644,spectral,Spectral MLP,1.0,200.0,100801,0.9980198215859248,3.0,0.09041894265720166,0.19729789105540174,0.19001325754403456,2.5624768419723787,0.9999988836599419,0.18248922461089204,1001,13.183710546931252
folds_T4_d100,Folding: 4 layers,Tied,folds,4,32345,0.8,100,1000,2000,101001,l2,1.0,cv,0.7311956240273056,5,0.7233983539441823,1000,874,987.946,1000,9.22338730307246,1.0,0.035263573935172536,0.03528575992421644,unconstrained,ReLU MLP,1.0,200.0,100801,0.9980198215859248,3.0,0.2954907808606946,1.5916883181507263e-06,0.6726594248592673,8.374221824762254,16.432516573248378,0.37480840792056197,1001,10.759627068182454
folds_T4_d100,Folding: 4 layers,Tied,folds,4,33345,0.8,100,1000,2000,101001,l2,1.0,cv,0.6100887763471103,5,0.6597723368262026,1000,129,624.296,972,8.316168879819433,1.0,0.03912611012385264,0.03934042167699208,constant,Training-mean constant,,,1,9.900892070375541e-06,,0.03934042167699208,0.6590309229292056,0.037790468551893185,1.0,0.0,0.0,0,0.0
folds_T4_d100,Folding: 4 layers,Tied,folds,4,33345,0.8,100,1000,2000,101001,l2,1.0,cv,0.6100887763471103,5,0.6597723368262026,1000,129,624.296,972,8.316168879819433,1.0,0.03912611012385264,0.03934042167699208,formula,Formula,1.0,,101001,1.0,,0.03959899481638665,0.657327188450103,0.038228204696815496,1.006572708892589,1.0,0.019548794343668918,0,0.911795545136556
folds_T4_d100,Folding: 4 layers,Tied,folds,4,33345,0.8,100,1000,2000,101001,l2,1.0,cv,0.6100887763471103,5,0.6597723368262026,1000,129,624.296,972,8.316168879819433,1.0,0.03912611012385264,0.03934042167699208,orthogonal,Orthogonal MLP,1.0,200.0,100801,0.9980198215859248,3.0,0.10223220541789246,0.007214464575241598,0.49788185186650924,2.5986555573114796,0.9999990187427077,0.19947139363738728,1001,89.19415793614462
folds_T4_d100,Folding: 4 layers,Tied,folds,4,33345,0.8,100,1000,2000,101001,l2,1.0,cv,0.6100887763471103,5,0.6597723368262026,1000,129,624.296,972,8.316168879819433,1.0,0.03912611012385264,0.03934042167699208,spectral,Spectral MLP,1.0,200.0,100801,0.9980198215859248,3.0,0.11021510564221508,0.15796361622479344,0.2028885110589624,2.8015740793819064,0.9999989660215802,0.20125889763610091,1001,13.307269715936854
folds_T4_d100,Folding: 4 layers,Tied,folds,4,33345,0.8,100,1000,2000,101001,l2,1.0,cv,0.6100887763471103,5,0.6597723368262026,1000,129,624.296,972,8.316168879819433,1.0,0.03912611012385264,0.03934042167699208,unconstrained,ReLU MLP,1.0,200.0,100801,0.9980198215859248,3.0,0.32526524484854713,1.856468396750998e-08,0.6102084040836093,8.267965389877247,15.908120055918427,0.40487547674186125,1001,10.668642736040056
folds_T4_d100,Folding: 4 layers,Tied,folds,4,34345,0.8,100,1000,2000,101001,l2,1.0,cv,0.6498340888787677,5,0.6627005564355237,1000,990,999.804,1000,9.828199585241146,1.0,0.039393211361979326,0.03942812917427251,constant,Training-mean constant,,,1,9.900892070375541e-06,,0.03942812917427251,0.6614963757834187,0.04080334300107735,1.0,0.0,0.0,0,0.0
folds_T4_d100,Folding: 4 layers,Tied,folds,4,34345,0.8,100,1000,2000,101001,l2,1.0,cv,0.6498340888787677,5,0.6627005564355237,1000,990,999.804,1000,9.828199585241146,1.0,0.039393211361979326,0.03942812917427251,formula,Formula,1.0,,101001,1.0,,0.03943103155556485,0.6614895544907674,0.04080370166570728,1.0000736119454086,1.0,0.00032470290270298437,0,0.9038311489857733
folds_T4_d100,Folding: 4 layers,Tied,folds,4,34345,0.8,100,1000,2000,101001,l2,1.0,cv,0.6498340888787677,5,0.6627005564355237,1000,990,999.804,1000,9.828199585241146,1.0,0.039393211361979326,0.03942812917427251,orthogonal,Orthogonal MLP,1.0,200.0,100801,0.9980198215859248,3.0,0.103666193349154,0.009975974460772965,0.48978038411992886,2.629244539880372,0.9999989830546453,0.2194922529389357,1001,89.82901829481125
folds_T4_d100,Folding: 4 layers,Tied,folds,4,34345,0.8,100,1000,2000,101001,l2,1.0,cv,0.6498340888787677,5,0.6627005564355237,1000,990,999.804,1000,9.828199585241146,1.0,0.039393211361979326,0.03942812917427251,spectral,Spectral MLP,1.0,200.0,100801,0.9980198215859248,3.0,0.1013596733339708,0.16533754681302867,0.19163457024558012,2.5707451876796026,0.9999988692488093,0.21305830962098568,1001,13.2162551661022
folds_T4_d100,Folding: 4 layers,Tied,folds,4,34345,0.8,100,1000,2000,101001,l2,1.0,cv,0.6498340888787677,5,0.6627005564355237,1000,990,999.804,1000,9.828199585241146,1.0,0.039393211361979326,0.03942812917427251,unconstrained,ReLU MLP,1.0,200.0,100801,0.9980198215859248,3.0,0.29063265709833874,6.156333822086572e-12,0.6171256599841554,7.371200794583508,16.336844240845274,0.4308326872308307,1001,10.600248837145045
folds_T4_d100,Folding: 4 layers,Tied,folds,4,35345,0.8,100,1000,2000,101001,l2,1.0,cv,0.6745316316796568,5,0.6746942416906144,1000,875,987.122,1000,9.22338730307246,1.0,0.03933372575062921,0.03944300865619042,constant,Training-mean constant,,,1,9.900892070375541e-06,,0.03944300865619042,0.6734795655775747,0.03774595475319381,1.0,0.0,0.0,0,0.0
folds_T4_d100,Folding: 4 layers,Tied,folds,4,35345,0.8,100,1000,2000,101001,l2,1.0,cv,0.6745316316796568,5,0.6746942416906144,1000,875,987.122,1000,9.22338730307246,1.0,0.03933372575062921,0.03944300865619042,formula,Formula,1.0,,101001,1.0,,0.03947453143063734,0.6735317188110216,0.03791758999984349,1.0007991980206603,1.0,0.0020820585952148335,0,0.9055335170123726
folds_T4_d100,Folding: 4 layers,Tied,folds,4,35345,0.8,100,1000,2000,101001,l2,1.0,cv,0.6745316316796568,5,0.6746942416906144,1000,875,987.122,1000,9.22338730307246,1.0,0.03933372575062921,0.03944300865619042,orthogonal,Orthogonal MLP,1.0,200.0,100801,0.9980198215859248,3.0,0.10791092234734831,0.00860751163884798,0.5005658701858964,2.735869448701706,0.9999989835323598,0.19867299425906632,1001,91.07817316497676
folds_T4_d100,Folding: 4 layers,Tied,folds,4,35345,0.8,100,1000,2000,101001,l2,1.0,cv,0.6745316316796568,5,0.6746942416906144,1000,875,987.122,1000,9.22338730307246,1.0,0.03933372575062921,0.03944300865619042,spectral,Spectral MLP,1.0,200.0,100801,0.9980198215859248,3.0,0.116718378938002,0.1585517807558935,0.20895400779087597,2.9591652086024,0.9999989267527735,0.19531896722060219,1001,13.233436401933432
folds_T4_d100,Folding: 4 layers,Tied,folds,4,35345,0.8,100,1000,2000,101001,l2,1.0,cv,0.6745316316796568,5,0.6746942416906144,1000,875,987.122,1000,9.22338730307246,1.0,0.03933372575062921,0.03944300865619042,unconstrained,ReLU MLP,1.0,200.0,100801,0.9980198215859248,3.0,0.2860324167747964,3.3025599242280646e-07,0.6232703624690675,7.251790026162336,14.740738448917783,0.3932871427350083,1001,10.706077013164759
folds_T4_d100,Folding: 4 layers,Tied,folds,4,36345,0.8,100,1000,2000,101001,l2,1.0,cv,0.6366359965090297,5,0.7235320356031832,1000,597,940.21,1000,8.920981161988117,1.0,0.04460269720974728,0.04460892854384693,constant,Training-mean constant,,,1,9.900892070375541e-06,,0.04460892854384693,0.7225727809098995,0.03954551679573727,1.0,0.0,0.0,0,0.0
folds_T4_d100,Folding: 4 layers,Tied,folds,4,36345,0.8,100,1000,2000,101001,l2,1.0,cv,0.6366359965090297,5,0.7235320356031832,1000,597,940.21,1000,8.920981161988117,1.0,0.04460269720974728,0.04460892854384693,formula,Formula,1.0,,101001,1.0,,0.04461271028552049,0.7228513470856398,0.039632476104069086,1.0000847754428766,1.0,0.0048619839252768,0,0.9652331499382854
folds_T4_d100,Folding: 4 layers,Tied,folds,4,36345,0.8,100,1000,2000,101001,l2,1.0,cv,0.6366359965090297,5,0.7235320356031832,1000,597,940.21,1000,8.920981161988117,1.0,0.04460269720974728,0.04460892854384693,orthogonal,Orthogonal MLP,1.0,200.0,100801,0.9980198215859248,3.0,0.11711288562787311,0.01359270585184559,0.5140710678411764,2.625323885839596,0.9999990236439127,0.23864518704221654,1001,90.20040655089542
folds_T4_d100,Folding: 4 layers,Tied,folds,4,36345,0.8,100,1000,2000,101001,l2,1.0,cv,0.6366359965090297,5,0.7235320356031832,1000,597,940.21,1000,8.920981161988117,1.0,0.04460269720974728,0.04460892854384693,spectral,Spectral MLP,1.0,200.0,100801,0.9980198215859248,3.0,0.12790390230327536,0.18212594372506874,0.21097816763443786,2.86722650550901,0.9999988698092221,0.22363965652364018,1001,13.519684424856678
folds_T4_d100,Folding: 4 layers,Tied,folds,4,36345,0.8,100,1000,2000,101001,l2,1.0,cv,0.6366359965090297,5,0.7235320356031832,1000,597,940.21,1000,8.920981161988117,1.0,0.04460269720974728,0.04460892854384693,unconstrained,ReLU MLP,1.0,200.0,100801,0.9980198215859248,3.0,0.3460809547365149,1.361549539826191e-08,0.6711206715015956,7.758109554152273,14.538733107383981,0.47993060948250077,1001,10.880785827059299
folds_T4_d100,Folding: 4 layers,Tied,folds,4,37345,0.8,100,1000,2000,101001,l2,1.0,cv,0.6864659597282208,5,0.7071383310875661,1000,240,627.688,948,8.316168879819433,1.0,0.04158982249670139,0.04160853176743687,constant,Training-mean constant,,,1,9.900892070375541e-06,,0.04160853176743687,0.7063304834965725,0.03977956576443764,1.0,0.0,0.0,0,0.0
folds_T4_d100,Folding: 4 layers,Tied,folds,4,37345,0.8,100,1000,2000,101001,l2,1.0,cv,0.6864659597282208,5,0.7071383310875661,1000,240,627.688,948,8.316168879819433,1.0,0.04158982249670139,0.04160853176743687,formula,Formula,1.0,,101001,1.0,,0.0421232189819364,0.7071108918428056,0.040326585993814286,1.0123697518907007,1.0,0.015223319589026427,0,0.9169421410188079
folds_T4_d100,Folding: 4 layers,Tied,folds,4,37345,0.8,100,1000,2000,101001,l2,1.0,cv,0.6864659597282208,5,0.7071383310875661,1000,240,627.688,948,8.316168879819433,1.0,0.04158982249670139,0.04160853176743687,orthogonal,Orthogonal MLP,1.0,200.0,100801,0.9980198215859248,3.0,0.10064664167852405,0.011551295715751732,0.5125484010024955,2.418894332563083,0.9999990040560789,0.19431464931219739,1001,88.5063001329545
folds_T4_d100,Folding: 4 layers,Tied,folds,4,37345,0.8,100,1000,2000,101001,l2,1.0,cv,0.6864659597282208,5,0.7071383310875661,1000,240,627.688,948,8.316168879819433,1.0,0.04158982249670139,0.04160853176743687,spectral,Spectral MLP,1.0,200.0,100801,0.9980198215859248,3.0,0.10555882424585414,0.16098495588679357,0.2186844670272037,2.536951431880738,0.9999990134833645,0.17368697150705986,1001,13.488878086907789
folds_T4_d100,Folding: 4 layers,Tied,folds,4,37345,0.8,100,1000,2000,101001,l2,1.0,cv,0.6864659597282208,5,0.7071383310875661,1000,240,627.688,948,8.316168879819433,1.0,0.04158982249670139,0.04160853176743687,unconstrained,ReLU MLP,1.0,200.0,100801,0.9980198215859248,3.0,0.3065000899007443,1.3604998850743134e-13,0.6587163499607372,7.36627986812583,12.982530249771512,0.4202859730191924,1001,10.855073077837005
folds_T4_d100,Folding: 4 layers,Tied,folds,4,38345,0.8,100,1000,2000,101001,l2,1.0,cv,0.6671214440510344,5,0.6687728288466704,1000,68,404.894,813,8.013762738735089,1.0,0.04082609015294352,0.04130929516357012,constant,Training-mean constant,,,1,9.900892070375541e-06,,0.04130929516357012,0.6686129455113669,0.04147006739083154,1.0,0.0,0.0,0,0.0
folds_T4_d100,Folding: 4 layers,Tied,folds,4,38345,0.8,100,1000,2000,101001,l2,1.0,cv,0.6671214440510344,5,0.6687728288466704,1000,68,404.894,813,8.013762738735089,1.0,0.04082609015294352,0.04130929516357012,formula,Formula,1.0,,101001,1.0,,0.04195067044931004,0.664935484279,0.04372497525987997,1.0155261735452108,1.0,0.02491226502981491,0,0.909618574893102
folds_T4_d100,Folding: 4 layers,Tied,folds,4,38345,0.8,100,1000,2000,101001,l2,1.0,cv,0.6671214440510344,5,0.6687728288466704,1000,68,404.894,813,8.013762738735089,1.0,0.04082609015294352,0.04130929516357012,orthogonal,Orthogonal MLP,1.0,200.0,100801,0.9980198215859248,3.0,0.11021245759742684,0.008947170196571992,0.5072464423951681,2.667982040386424,0.9999990205909852,0.2049731628861055,1001,89.94138319394551
folds_T4_d100,Folding: 4 layers,Tied,folds,4,38345,0.8,100,1000,2000,101001,l2,1.0,cv,0.6671214440510344,5,0.6687728288466704,1000,68,404.894,813,8.013762738735089,1.0,0.04082609015294352,0.04130929516357012,spectral,Spectral MLP,1.0,200.0,100801,0.9980198215859248,3.0,0.11182037994224919,0.15046834595964537,0.21835891192237283,2.706906024406378,0.9999989758248753,0.19601567291424946,1001,13.3912326709833
folds_T4_d100,Folding: 4 layers,Tied,folds,4,38345,0.8,100,1000,2000,101001,l2,1.0,cv,0.6671214440510344,5,0.6687728288466704,1000,68,404.894,813,8.013762738735089,1.0,0.04082609015294352,0.04130929516357012,unconstrained,ReLU MLP,1.0,200.0,100801,0.9980198215859248,3.0,0.32527810014415354,1.8222611531427007e-14,0.6297212399825708,7.874210849063581,13.438404886956517,0.36865822989349833,1001,10.897713972022757
folds_T4_d100,Folding: 4 layers,Tied,folds,4,39345,0.8,100,1000,2000,101001,l2,1.0,cv,0.6425309068442051,5,0.6761369980789448,1000,64,373.226,832,8.013762738735089,1.0,0.042747449345216154,0.04348360504941905,constant,Training-mean constant,,,1,9.900892070375541e-06,,0.04348360504941905,0.675827320168773,0.03877208515968258,1.0,0.0,0.0,0,0.0
folds_T4_d100,Folding: 4 layers,Tied,folds,4,39345,0.8,100,1000,2000,101001,l2,1.0,cv,0.6425309068442051,5,0.6761369980789448,1000,64,373.226,832,8.013762738735089,1.0,0.042747449345216154,0.04348360504941905,formula,Formula,1.0,,101001,1.0,,0.045085157092910014,0.6722642331958075,0.04150710891046039,1.0368311698551858,1.0,0.01975779674011602,0,0.9074518291745335
folds_T4_d100,Folding: 4 layers,Tied,folds,4,39345,0.8,100,1000,2000,101001,l2,1.0,cv,0.6425309068442051,5,0.6761369980789448,1000,64,373.226,832,8.013762738735089,1.0,0.042747449345216154,0.04348360504941905,orthogonal,Orthogonal MLP,1.0,200.0,100801,0.9980198215859248,3.0,0.11020774800488163,0.008651469635750425,0.5165447168387618,2.534466677259871,0.9999989834610419,0.19574463044812473,1001,89.12557927379385
folds_T4_d100,Folding: 4 layers,Tied,folds,4,39345,0.8,100,1000,2000,101001,l2,1.0,cv,0.6425309068442051,5,0.6761369980789448,1000,64,373.226,832,8.013762738735089,1.0,0.042747449345216154,0.04348360504941905,spectral,Spectral MLP,1.0,200.0,100801,0.9980198215859248,3.0,0.10063387608707577,0.15485879626766041,0.20340559218441787,2.3142946858409172,0.9999989840862952,0.18256801683076443,1001,13.488574643153697
folds_T4_d100,Folding: 4 layers,Tied,folds,4,39345,0.8,100,1000,2000,101001,l2,1.0,cv,0.6425309068442051,5,0.6761369980789448,1000,64,373.226,832,8.013762738735089,1.0,0.042747449345216154,0.04348360504941905,unconstrained,ReLU MLP,1.0,200.0,100801,0.9980198215859248,3.0,0.25851900477642614,5.998005436374785e-13,0.6358141555271757,5.945206348061982,11.78194918948416,0.33509823397847666,1001,10.690861754119396
folds_T4_d100,Folding: 4 layers,Tied,folds,4,40345,0.8,100,1000,2000,101001,l2,1.0,cv,0.7431309951744661,5,0.6832104950780652,1000,998,999.988,1000,10.130605726325488,1.0,0.04356859578014238,0.04656035150341911,constant,Training-mean constant,,,1,9.900892070375541e-06,,0.04656035150341911,0.6818066305415946,0.04545103459387601,1.0,0.0,0.0,0,0.0
folds_T4_d100,Folding: 4 layers,Tied,folds,4,40345,0.8,100,1000,2000,101001,l2,1.0,cv,0.7431309951744661,5,0.6832104950780652,1000,998,999.988,1000,10.130605726325488,1.0,0.04356859578014238,0.04656035150341911,formula,Formula,1.0,,101001,1.0,,0.04656015286144042,0.6818074840997933,0.04545255835940995,0.9999957336666868,1.0,0.0001994910019804755,0,0.9133712691254914
folds_T4_d100,Folding: 4 layers,Tied,folds,4,40345,0.8,100,1000,2000,101001,l2,1.0,cv,0.7431309951744661,5,0.6832104950780652,1000,998,999.988,1000,10.130605726325488,1.0,0.04356859578014238,0.04656035150341911,orthogonal,Orthogonal MLP,1.0,200.0,100801,0.9980198215859248,3.0,0.10778911396419168,0.00918439962073175,0.5200476565786344,2.315040812272998,0.9999990185593985,0.19237128996849331,1001,92.705044870032
folds_T4_d100,Folding: 4 layers,Tied,folds,4,40345,0.8,100,1000,2000,101001,l2,1.0,cv,0.7431309951744661,5,0.6832104950780652,1000,998,999.988,1000,10.130605726325488,1.0,0.04356859578014238,0.04656035150341911,spectral,Spectral MLP,1.0,200.0,100801,0.9980198215859248,3.0,0.1056781426238214,0.15118510924402784,0.22151313389822885,2.2697024230167386,0.9999989390886891,0.17437873308673504,1001,13.515934658935294
folds_T4_d100,Folding: 4 layers,Tied,folds,4,40345,0.8,100,1000,2000,101001,l2,1.0,cv,0.7431309951744661,5,0.6832104950780652,1000,998,999.988,1000,10.130605726325488,1.0,0.04356859578014238,0.04656035150341911,unconstrained,ReLU MLP,1.0,200.0,100801,0.9980198215859248,3.0,0.2592133227985408,9.666137278481603e-15,0.6511178220353675,5.567254422026985,11.216399643112922,0.40246466805798237,1001,10.703778254799545
folds_T4_d100,Folding: 4 layers,Tied,folds,4,41345,0.8,100,1000,2000,101001,l2,1.0,cv,0.6844814053337851,5,0.6751584654660507,1000,5,65.474,413,7.408950456566403,1.0,0.04185787815698957,0.04429530344094188,constant,Training-mean constant,,,1,9.900892070375541e-06,,0.04429530344094188,0.675574061118831,0.044136318493558375,1.0,0.0,0.0,0,0.0
folds_T4_d100,Folding: 4 layers,Tied,folds,4,41345,0.8,100,1000,2000,101001,l2,1.0,cv,0.6844814053337851,5,0.6751584654660507,1000,5,65.474,413,7.408950456566403,1.0,0.04185787815698957,0.04429530344094188,formula,Formula,1.0,,101001,1.0,,0.05168941648340903,0.649932857657881,0.061441866057865085,1.1669276981548526,1.0,0.09266984437374876,0,0.8906455470714718
folds_T4_d100,Folding: 4 layers,Tied,folds,4,41345,0.8,100,1000,2000,101001,l2,1.0,cv,0.6844814053337851,5,0.6751584654660507,1000,5,65.474,413,7.408950456566403,1.0,0.04185787815698957,0.04429530344094188,orthogonal,Orthogonal MLP,1.0,200.0,100801,0.9980198215859248,3.0,0.10936713224356959,0.008265024817182083,0.5049347072917638,2.4690457847159077,0.9999989754232117,0.21388924987313176,1001,79.62291141110472
folds_T4_d100,Folding: 4 layers,Tied,folds,4,41345,0.8,100,1000,2000,101001,l2,1.0,cv,0.6844814053337851,5,0.6751584654660507,1000,5,65.474,413,7.408950456566403,1.0,0.04185787815698957,0.04429530344094188,spectral,Spectral MLP,1.0,200.0,100801,0.9980198215859248,3.0,0.10221305866277956,0.14513397326618083,0.2161695756263354,2.3075371590818508,0.9999989593956775,0.1869943776613504,1001,13.30654510599561
folds_T4_d100,Folding: 4 layers,Tied,folds,4,41345,0.8,100,1000,2000,101001,l2,1.0,cv,0.6844814053337851,5,0.6751584654660507,1000,5,65.474,413,7.408950456566403,1.0,0.04185787815698957,0.04429530344094188,unconstrained,ReLU MLP,1.0,200.0,100801,0.9980198215859248,3.0,0.24041837097084112,0.0003257619070153282,0.6207505045900382,5.427626684878376,11.782074409513212,0.3794101011673262,1001,11.58985512307845
voronoi_K64_d100,64 signed Voronoi tents,Hard,voronoi,64,12345,0.8,100,1000,2000,101001,l2,1.0,cv,0.6723606859409431,5,0.6678107623561439,1000,16,183.634,664,7.711356597650745,1.0,0.04844766908841132,0.048617290548635325,constant,Training-mean constant,,,1,9.900892070375541e-06,,0.048617290548635325,0.667745853062199,0.05242432133669339,1.0,0.0,0.0,0,0.0
voronoi_K64_d100,64 signed Voronoi tents,Hard,voronoi,64,12345,0.8,100,1000,2000,101001,l2,1.0,cv,0.6723606859409431,5,0.6678107623561439,1000,16,183.634,664,7.711356597650745,1.0,0.04844766908841132,0.048617290548635325,formula,Formula,1.0,,101001,1.0,,0.04946970103817944,0.6579482360757717,0.053703623139914614,1.0175330726974878,1.0,0.036425212369149376,0,0.9034481728449464
voronoi_K64_d100,64 signed Voronoi tents,Hard,voronoi,64,12345,0.8,100,1000,2000,101001,l2,1.0,cv,0.6723606859409431,5,0.6678107623561439,1000,16,183.634,664,7.711356597650745,1.0,0.04844766908841132,0.048617290548635325,orthogonal,Orthogonal MLP,1.0,200.0,100801,0.9980198215859248,3.0,0.10776987173382094,0.006708394649799731,0.5075697922091605,2.2166984321351904,0.9999990182944372,0.23922762258410504,1001,92.30106797907501
voronoi_K64_d100,64 signed Voronoi tents,Hard,voronoi,64,12345,0.8,100,1000,2000,101001,l2,1.0,cv,0.6723606859409431,5,0.6678107623561439,1000,16,183.634,664,7.711356597650745,1.0,0.04844766908841132,0.048617290548635325,spectral,Spectral MLP,1.0,200.0,100801,0.9980198215859248,3.0,0.11566631928474595,0.12823393850389467,0.2310997586391867,2.379118992018626,0.9999989291639728,0.2160816911811784,1001,13.21425726194866
voronoi_K64_d100,64 signed Voronoi tents,Hard,voronoi,64,12345,0.8,100,1000,2000,101001,l2,1.0,cv,0.6723606859409431,5,0.6678107623561439,1000,16,183.634,664,7.711356597650745,1.0,0.04844766908841132,0.048617290548635325,unconstrained,ReLU MLP,1.0,200.0,100801,0.9980198215859248,3.0,0.274330285200307,1.967841548986618e-11,0.61530854754642,5.642648574294261,12.666786197718672,0.41052758835136194,1001,10.735763213131577
voronoi_K64_d100,64 signed Voronoi tents,Hard,voronoi,64,13345,0.8,100,1000,2000,101001,l2,1.0,cv,0.6677774631965522,5,0.6428114423503123,1000,647,946.166,1000,8.920981161988117,1.0,0.04837636696700743,0.04955588823756085,constant,Training-mean constant,,,1,9.900892070375541e-06,,0.04955588823756085,0.6412392175720988,0.049894192780757775,1.0,0.0,0.0,0,0.0
voronoi_K64_d100,64 signed Voronoi tents,Hard,voronoi,64,13345,0.8,100,1000,2000,101001,l2,1.0,cv,0.6677774631965522,5,0.6428114423503123,1000,647,946.166,1000,8.920981161988117,1.0,0.04837636696700743,0.04955588823756085,formula,Formula,1.0,,101001,1.0,,0.0495405401958814,0.6417367970699726,0.04986556092223009,0.9996902882336429,1.0,0.0044583336100747,0,0.8364270669408143
voronoi_K64_d100,64 signed Voronoi tents,Hard,voronoi,64,13345,0.8,100,1000,2000,101001,l2,1.0,cv,0.6677774631965522,5,0.6428114423503123,1000,647,946.166,1000,8.920981161988117,1.0,0.04837636696700743,0.04955588823756085,orthogonal,Orthogonal MLP,1.0,200.0,100801,0.9980198215859248,3.0,0.11535593065466548,0.00564421663163356,0.5069340154213435,2.3277946326311945,0.9999989997857198,0.19218767121234842,1001,91.78354388289154
voronoi_K64_d100,64 signed Voronoi tents,Hard,voronoi,64,13345,0.8,100,1000,2000,101001,l2,1.0,cv,0.6677774631965522,5,0.6428114423503123,1000,647,946.166,1000,8.920981161988117,1.0,0.04837636696700743,0.04955588823756085,spectral,Spectral MLP,1.0,200.0,100801,0.9980198215859248,3.0,0.1151087389866915,0.13495821939646435,0.2095802271800077,2.322806493446018,0.9999990008315285,0.19839390627655992,1001,13.426545292139053
voronoi_K64_d100,64 signed Voronoi tents,Hard,voronoi,64,13345,0.8,100,1000,2000,101001,l2,1.0,cv,0.6677774631965522,5,0.6428114423503123,1000,647,946.166,1000,8.920981161988117,1.0,0.04837636696700743,0.04955588823756085,unconstrained,ReLU MLP,1.0,200.0,100801,0.9980198215859248,3.0,0.2749422660808002,7.219038579991121e-15,0.5973708357235398,5.548125073710371,11.269881911118208,0.35551933658844664,1001,10.39181548007764
voronoi_K64_d100,64 signed Voronoi tents,Hard,voronoi,64,14345,0.8,100,1000,2000,101001,l2,1.0,cv,0.6844107064758712,5,0.6964289081125263,1000,998,999.982,1000,10.130605726325488,1.0,0.049846989061138575,0.049992293252099654,constant,Training-mean constant,,,1,9.900892070375541e-06,,0.049992293252099654,0.6945132964775821,0.04713574692804584,1.0,0.0,0.0,0,0.0
voronoi_K64_d100,64 signed Voronoi tents,Hard,voronoi,64,14345,0.8,100,1000,2000,101001,l2,1.0,cv,0.6844107064758712,5,0.6964289081125263,1000,998,999.982,1000,10.130605726325488,1.0,0.049846989061138575,0.049992293252099654,formula,Formula,1.0,,101001,1.0,,0.04999243697835355,0.6945203308895556,0.047135315266566,1.000002874968211,1.0,0.00024585319475954067,0,0.9140423601493239
voronoi_K64_d100,64 signed Voronoi tents,Hard,voronoi,64,14345,0.8,100,1000,2000,101001,l2,1.0,cv,0.6844107064758712,5,0.6964289081125263,1000,998,999.982,1000,10.130605726325488,1.0,0.049846989061138575,0.049992293252099654,orthogonal,Orthogonal MLP,1.0,200.0,100801,0.9980198215859248,3.0,0.1021857787847899,0.010183967558411212,0.5039265292908662,2.0440306322714683,0.9999990236917085,0.21949042115401843,1001,91.89144748006947
voronoi_K64_d100,64 signed Voronoi tents,Hard,voronoi,64,14345,0.8,100,1000,2000,101001,l2,1.0,cv,0.6844107064758712,5,0.6964289081125263,1000,998,999.982,1000,10.130605726325488,1.0,0.049846989061138575,0.049992293252099654,spectral,Spectral MLP,1.0,200.0,100801,0.9980198215859248,3.0,0.10771497200500837,0.14997494901738412,0.2200836205869478,2.1546315441427444,0.999998999088725,0.2270537336469531,1001,13.18605422298424
voronoi_K64_d100,64 signed Voronoi tents,Hard,voronoi,64,14345,0.8,100,1000,2000,101001,l2,1.0,cv,0.6844107064758712,5,0.6964289081125263,1000,998,999.982,1000,10.130605726325488,1.0,0.049846989061138575,0.049992293252099654,unconstrained,ReLU MLP,1.0,200.0,100801,0.9980198215859248,3.0,0.2706422794012727,9.780339635921975e-15,0.6403879953242461,5.413680025368827,11.61218000360469,0.41812626232443717,1001,10.897143164183944
voronoi_K64_d100,64 signed Voronoi tents,Hard,voronoi,64,15345,0.8,100,1000,2000,101001,l2,1.0,cv,0.6845497110023955,5,0.7275254747758011,1000,944,997.738,1000,9.525793444156804,1.0,0.05126802356863412,0.05171249345181574,constant,Training-mean constant,,,1,9.900892070375541e-06,,0.05171249345181574,0.7260730233539566,0.05586430265363485,1.0,0.0,0.0,0,0.0
voronoi_K64_d100,64 signed Voronoi tents,Hard,voronoi,64,15345,0.8,100,1000,2000,101001,l2,1.0,cv,0.6845497110023955,5,0.7275254747758011,1000,944,997.738,1000,9.525793444156804,1.0,0.05126802356863412,0.05171249345181574,formula,Formula,1.0,,101001,1.0,,0.05169888501640699,0.7261402653914725,0.05586705512114071,0.9997368443387585,1.0,0.0016036506095539456,0,0.8933098199777305
voronoi_K64_d100,64 signed Voronoi tents,Hard,voronoi,64,15345,0.8,100,1000,2000,101001,l2,1.0,cv,0.6845497110023955,5,0.7275254747758011,1000,944,997.738,1000,9.525793444156804,1.0,0.05126802356863412,0.05171249345181574,orthogonal,Orthogonal MLP,1.0,200.0,100801,0.9980198215859248,3.0,0.11251181819469963,0.013591300377925872,0.5198557588224337,2.1757182971564695,0.9999989723249291,0.24940721514592204,1001,91.2676616681274
voronoi_K64_d100,64 signed Voronoi tents,Hard,voronoi,64,15345,0.8,100,1000,2000,101001,l2,1.0,cv,0.6845497110023955,5,0.7275254747758011,1000,944,997.738,1000,9.525793444156804,1.0,0.05126802356863412,0.05171249345181574,spectral,Spectral MLP,1.0,200.0,100801,0.9980198215859248,3.0,0.10595294856442515,0.17079017378129033,0.21572078231780883,2.048884930740173,0.9999989885013647,0.21347144271197302,1001,13.037454230012372
voronoi_K64_d100,64 signed Voronoi tents,Hard,voronoi,64,15345,0.8,100,1000,2000,101001,l2,1.0,cv,0.6845497110023955,5,0.7275254747758011,1000,944,997.738,1000,9.525793444156804,1.0,0.05126802356863412,0.05171249345181574,unconstrained,ReLU MLP,1.0,200.0,100801,0.9980198215859248,3.0,0.278775253276777,1.1561285141111118e-14,0.6786985635171034,5.390868524576793,11.613833809501338,0.40718040587621573,1001,10.520853478927165
voronoi_K64_d100,64 signed Voronoi tents,Hard,voronoi,64,16345,0.8,100,1000,2000,101001,l2,1.0,cv,0.6165199247253688,5,0.6563313204214781,1000,880,988.47,1000,9.22338730307246,1.0,0.0480437445365356,0.048534626957343036,constant,Training-mean constant,,,1,9.900892070375541e-06,,0.048534626957343036,0.6559359876672447,0.04330235597259342,1.0,0.0,0.0,0,0.0
voronoi_K64_d100,64 signed Voronoi tents,Hard,voronoi,64,16345,0.8,100,1000,2000,101001,l2,1.0,cv,0.6165199247253688,5,0.6563313204214781,1000,880,988.47,1000,9.22338730307246,1.0,0.0480437445365356,0.048534626957343036,formula,Formula,1.0,,101001,1.0,,0.04854073197943152,0.6559073963068693,0.04328390036760544,1.0001257869375169,1.0,0.0024196992005502066,0,0.9077392879407853
voronoi_K64_d100,64 signed Voronoi tents,Hard,voronoi,64,16345,0.8,100,1000,2000,101001,l2,1.0,cv,0.6165199247253688,5,0.6563313204214781,1000,880,988.47,1000,9.22338730307246,1.0,0.0480437445365356,0.048534626957343036,orthogonal,Orthogonal MLP,1.0,200.0,100801,0.9980198215859248,3.0,0.10563522926024692,0.0061551887130839944,0.5113970791099138,2.176492040478429,0.9999990100816563,0.22266259363683577,1001,90.47539643989876
voronoi_K64_d100,64 signed Voronoi tents,Hard,voronoi,64,16345,0.8,100,1000,2000,101001,l2,1.0,cv,0.6165199247253688,5,0.6563313204214781,1000,880,988.47,1000,9.22338730307246,1.0,0.0480437445365356,0.048534626957343036,spectral,Spectral MLP,1.0,200.0,100801,0.9980198215859248,3.0,0.10867319684101664,0.12372088632836208,0.22804975046807896,2.2390858579489907,0.9999990219566897,0.21805350192898543,1001,13.045623991871253
voronoi_K64_d100,64 signed Voronoi tents,Hard,voronoi,64,16345,0.8,100,1000,2000,101001,l2,1.0,cv,0.6165199247253688,5,0.6563313204214781,1000,880,988.47,1000,9.22338730307246,1.0,0.0480437445365356,0.048534626957343036,unconstrained,ReLU MLP,1.0,200.0,100801,0.9980198215859248,3.0,0.28529367144028905,1.706568573096205e-12,0.6120884817229448,5.878146991652639,10.997661487884875,0.40011736854206137,1001,10.993865218944848
voronoi_K64_d100,64 signed Voronoi tents,Hard,voronoi,64,17345,0.8,100,1000,2000,101001,l2,1.0,cv,0.6971678109911535,5,0.6520226200645097,1000,75,388.788,854,8.013762738735089,1.0,0.046794402290303905,0.04690969012332096,constant,Training-mean constant,,,1,9.900892070375541e-06,,0.04690969012332096,0.6509489292127989,0.0515822851320266,1.0,0.0,0.0,0,0.0
voronoi_K64_d100,64 signed Voronoi tents,Hard,voronoi,64,17345,0.8,100,1000,2000,101001,l2,1.0,cv,0.6971678109911535,5,0.6520226200645097,1000,75,388.788,854,8.013762738735089,1.0,0.046794402290303905,0.04690969012332096,formula,Formula,1.0,,101001,1.0,,0.04740644984085229,0.6480663507645583,0.05144073652638407,1.0105897036673104,1.0,0.02064356405547825,0,0.8298240869771689
voronoi_K64_d100,64 signed Voronoi tents,Hard,voronoi,64,17345,0.8,100,1000,2000,101001,l2,1.0,cv,0.6971678109911535,5,0.6520226200645097,1000,75,388.788,854,8.013762738735089,1.0,0.046794402290303905,0.04690969012332096,orthogonal,Orthogonal MLP,1.0,200.0,100801,0.9980198215859248,3.0,0.10244997903225747,0.006238462836343361,0.5073109576448612,2.1839832828340273,0.9999990042740357,0.19762383298582556,1001,90.57816685410216
voronoi_K64_d100,64 signed Voronoi tents,Hard,voronoi,64,17345,0.8,100,1000,2000,101001,l2,1.0,cv,0.6971678109911535,5,0.6520226200645097,1000,75,388.788,854,8.013762738735089,1.0,0.046794402290303905,0.04690969012332096,spectral,Spectral MLP,1.0,200.0,100801,0.9980198215859248,3.0,0.1014727303652509,0.1289041884527571,0.22306451155852772,2.1631507285272846,0.999998957214168,0.2044033166218589,1001,12.95273222005926
voronoi_K64_d100,64 signed Voronoi tents,Hard,voronoi,64,17345,0.8,100,1000,2000,101001,l2,1.0,cv,0.6971678109911535,5,0.6520226200645097,1000,75,388.788,854,8.013762738735089,1.0,0.046794402290303905,0.04690969012332096,unconstrained,ReLU MLP,1.0,200.0,100801,0.9980198215859248,3.0,0.2613962724485701,1.1548654322554147e-14,0.6125667299020545,5.572329976202892,10.962252908495188,0.32223398008143705,1001,10.376400324050337
voronoi_K64_d100,64 signed Voronoi tents,Hard,voronoi,64,18345,0.8,100,1000,2000,101001,l2,1.0,cv,0.6666390126060685,5,0.7215534662681768,1000,186,640.578,974,8.316168879819433,1.0,0.04726522927852805,0.04990364386166941,constant,Training-mean constant,,,1,9.900892070375541e-06,,0.04990364386166941,0.7207867865854919,0.0525041580197752,1.0,0.0,0.0,0,0.0
voronoi_K64_d100,64 signed Voronoi tents,Hard,voronoi,64,18345,0.8,100,1000,2000,101001,l2,1.0,cv,0.6666390126060685,5,0.7215534662681768,1000,186,640.578,974,8.316168879819433,1.0,0.04726522927852805,0.04990364386166941,formula,Formula,1.0,,101001,1.0,,0.05005803148362299,0.7206927718842293,0.05290317706789386,1.003093714406538,1.0,0.011998110722151047,0,0.9219852371606976
voronoi_K64_d100,64 signed Voronoi tents,Hard,voronoi,64,18345,0.8,100,1000,2000,101001,l2,1.0,cv,0.6666390126060685,5,0.7215534662681768,1000,186,640.578,974,8.316168879819433,1.0,0.04726522927852805,0.04990364386166941,orthogonal,Orthogonal MLP,1.0,200.0,100801,0.9980198215859248,3.0,0.11354693561346804,0.011650524927089404,0.5308660247574744,2.2753235400648277,0.9999989769211538,0.19831832456589896,1001,90.98865217203274
voronoi_K64_d100,64 signed Voronoi tents,Hard,voronoi,64,18345,0.8,100,1000,2000,101001,l2,1.0,cv,0.6666390126060685,5,0.7215534662681768,1000,186,640.578,974,8.316168879819433,1.0,0.04726522927852805,0.04990364386166941,spectral,Spectral MLP,1.0,200.0,100801,0.9980198215859248,3.0,0.11421135057560267,0.1566867461566303,0.22841658070043497,2.288637496936922,0.999998975863766,0.2159574419668012,1001,13.138760075904429
voronoi_K64_d100,64 signed Voronoi tents,Hard,voronoi,64,18345,0.8,100,1000,2000,101001,l2,1.0,cv,0.6666390126060685,5,0.7215534662681768,1000,186,640.578,974,8.316168879819433,1.0,0.04726522927852805,0.04990364386166941,unconstrained,ReLU MLP,1.0,200.0,100801,0.9980198215859248,3.0,0.31461164751691767,1.4327639852677316e-14,0.6717119019807578,6.304382268938248,11.739168914629227,0.4144560411097839,1001,10.593384851003066
voronoi_K64_d100,64 signed Voronoi tents,Hard,voronoi,64,19345,0.8,100,1000,2000,101001,l2,1.0,cv,0.7416796681322091,5,0.6618078165849962,1000,145,640.582,943,8.316168879819433,1.0,0.04579547167850201,0.04661592448022631,constant,Training-mean constant,,,1,9.900892070375541e-06,,0.04661592448022631,0.6617257603354525,0.05254551397079778,1.0,0.0,0.0,0,0.0
voronoi_K64_d100,64 signed Voronoi tents,Hard,voronoi,64,19345,0.8,100,1000,2000,101001,l2,1.0,cv,0.7416796681322091,5,0.6618078165849962,1000,145,640.582,943,8.316168879819433,1.0,0.04579547167850201,0.04661592448022631,formula,Formula,1.0,,101001,1.0,,0.046819553308749914,0.658433179098611,0.05227430846267365,1.0043682246098107,1.0,0.01734750914153765,0,0.8938296278938651
voronoi_K64_d100,64 signed Voronoi tents,Hard,voronoi,64,19345,0.8,100,1000,2000,101001,l2,1.0,cv,0.7416796681322091,5,0.6618078165849962,1000,145,640.582,943,8.316168879819433,1.0,0.04579547167850201,0.04661592448022631,orthogonal,Orthogonal MLP,1.0,200.0,100801,0.9980198215859248,3.0,0.10854527470926376,0.00577630552226527,0.5131155035648107,2.3285020284282214,0.999999022858072,0.20593786591796212,1001,90.8761306591332
voronoi_K64_d100,64 signed Voronoi tents,Hard,voronoi,64,19345,0.8,100,1000,2000,101001,l2,1.0,cv,0.7416796681322091,5,0.6618078165849962,1000,145,640.582,943,8.316168879819433,1.0,0.04579547167850201,0.04661592448022631,spectral,Spectral MLP,1.0,200.0,100801,0.9980198215859248,3.0,0.10740946825303893,0.13402814269858532,0.22420339472742762,2.30413682557342,0.9999989229190629,0.20733090143292784,1001,12.995380046078935
voronoi_K64_d100,64 signed Voronoi tents,Hard,voronoi,64,19345,0.8,100,1000,2000,101001,l2,1.0,cv,0.7416796681322091,5,0.6618078165849962,1000,145,640.582,943,8.316168879819433,1.0,0.04579547167850201,0.04661592448022631,unconstrained,ReLU MLP,1.0,200.0,100801,0.9980198215859248,3.0,0.2981489039213426,1.0737277163341056e-14,0.6124813982924263,6.395859510365654,10.487445036214949,0.4036363281929355,1001,10.217068102909252
voronoi_K64_d100,64 signed Voronoi tents,Hard,voronoi,64,20345,0.8,100,1000,2000,101001,l2,1.0,cv,0.7180899909826447,5,0.6709645641761602,1000,667,944.5,1000,8.920981161988117,1.0,0.046852969168558974,0.04872477844472205,constant,Training-mean constant,,,1,9.900892070375541e-06,,0.04872477844472205,0.6707991405207517,0.05155977988511009,1.0,0.0,0.0,0,0.0
voronoi_K64_d100,64 signed Voronoi tents,Hard,voronoi,64,20345,0.8,100,1000,2000,101001,l2,1.0,cv,0.7180899909826447,5,0.6709645641761602,1000,667,944.5,1000,8.920981161988117,1.0,0.046852969168558974,0.04872477844472205,formula,Formula,1.0,,101001,1.0,,0.048614957234245415,0.6699841612987963,0.051074943006619335,0.997746091126895,1.0,0.005871530890566265,0,0.9653498630505055
voronoi_K64_d100,64 signed Voronoi tents,Hard,voronoi,64,20345,0.8,100,1000,2000,101001,l2,1.0,cv,0.7180899909826447,5,0.6709645641761602,1000,667,944.5,1000,8.920981161988117,1.0,0.046852969168558974,0.04872477844472205,orthogonal,Orthogonal MLP,1.0,200.0,100801,0.9980198215859248,3.0,0.10045099660710782,0.007696526047595813,0.5089549124576285,2.0615998638366073,0.999999011066662,0.17887485445022114,1001,90.5228032739833
voronoi_K64_d100,64 signed Voronoi tents,Hard,voronoi,64,20345,0.8,100,1000,2000,101001,l2,1.0,cv,0.7180899909826447,5,0.6709645641761602,1000,667,944.5,1000,8.920981161988117,1.0,0.046852969168558974,0.04872477844472205,spectral,Spectral MLP,1.0,200.0,100801,0.9980198215859248,3.0,0.10833135968765102,0.1370693528199949,0.2236034889071488,2.223332011874662,0.9999990181146446,0.19727038787176432,1001,13.005574078066275
voronoi_K64_d100,64 signed Voronoi tents,Hard,voronoi,64,20345,0.8,100,1000,2000,101001,l2,1.0,cv,0.7180899909826447,5,0.6709645641761602,1000,667,944.5,1000,8.920981161988117,1.0,0.046852969168558974,0.04872477844472205,unconstrained,ReLU MLP,1.0,200.0,100801,0.9980198215859248,3.0,0.26402517429782757,8.244125938720865e-15,0.6229594258530274,5.418704460552088,11.356642958802182,0.34422093776551327,1001,10.490299083990976
voronoi_K64_d100,64 signed Voronoi tents,Hard,voronoi,64,21345,0.8,100,1000,2000,101001,l2,1.0,cv,0.785424249954079,5,0.741258008212872,1000,975,998.366,1000,9.525793444156804,1.0,0.052253004527166025,0.052442385764936914,constant,Training-mean constant,,,1,9.900892070375541e-06,,0.052442385764936914,0.7403075970095235,0.050518711067025164,1.0,0.0,0.0,0,0.0
voronoi_K64_d100,64 signed Voronoi tents,Hard,voronoi,64,21345,0.8,100,1000,2000,101001,l2,1.0,cv,0.785424249954079,5,0.741258008212872,1000,975,998.366,1000,9.525793444156804,1.0,0.052253004527166025,0.052442385764936914,formula,Formula,1.0,,101001,1.0,,0.05243621579265995,0.7402397466330279,0.05050805609878831,0.9998823476051487,1.0,0.0007533981831867684,0,0.9109910801053047
voronoi_K64_d100,64 signed Voronoi tents,Hard,voronoi,64,21345,0.8,100,1000,2000,101001,l2,1.0,cv,0.785424249954079,5,0.741258008212872,1000,975,998.366,1000,9.525793444156804,1.0,0.052253004527166025,0.052442385764936914,orthogonal,Orthogonal MLP,1.0,200.0,100801,0.9980198215859248,3.0,0.10640657191483982,0.016009169534506824,0.5100211415668954,2.029018519328758,0.9999990237320027,0.19630101584429993,1001,91.12215741886757
voronoi_K64_d100,64 signed Voronoi tents,Hard,voronoi,64,21345,0.8,100,1000,2000,101001,l2,1.0,cv,0.785424249954079,5,0.741258008212872,1000,975,998.366,1000,9.525793444156804,1.0,0.052253004527166025,0.052442385764936914,spectral,Spectral MLP,1.0,200.0,100801,0.9980198215859248,3.0,0.09825860961125145,0.18876379753350167,0.19638450463144586,1.8736487323760804,0.9999989957995103,0.1731439329949527,1001,13.51277775107883
voronoi_K64_d100,64 signed Voronoi tents,Hard,voronoi,64,21345,0.8,100,1000,2000,101001,l2,1.0,cv,0.785424249954079,5,0.741258008212872,1000,975,998.366,1000,9.525793444156804,1.0,0.052253004527166025,0.052442385764936914,unconstrained,ReLU MLP,1.0,200.0,100801,0.9980198215859248,3.0,0.26285223952725867,8.206009986983935e-15,0.6814079779149729,5.01220979353312,12.024294034741382,0.3441805747966933,1001,10.495722617022693
voronoi_K64_d100,64 signed Voronoi tents,Hard,voronoi,64,22345,0.8,100,1000,2000,101001,l2,1.0,cv,0.6972608036213835,5,0.6975884686914158,1000,960,998.234,1000,9.525793444156804,1.0,0.04901554573024139,0.049646824638371334,constant,Training-mean constant,,,1,9.900892070375541e-06,,0.049646824638371334,0.6969571385363995,0.046883771268969726,1.0,0.0,0.0,0,0.0
voronoi_K64_d100,64 signed Voronoi tents,Hard,voronoi,64,22345,0.8,100,1000,2000,101001,l2,1.0,cv,0.6972608036213835,5,0.6975884686914158,1000,960,998.234,1000,9.525793444156804,1.0,0.04901554573024139,0.049646824638371334,formula,Formula,1.0,,101001,1.0,,0.0496442513494847,0.697066546837177,0.046891159461897175,0.9999481681073185,1.0,0.0007268861763076405,0,0.9031067581381649
voronoi_K64_d100,64 signed Voronoi tents,Hard,voronoi,64,22345,0.8,100,1000,2000,101001,l2,1.0,cv,0.6972608036213835,5,0.6975884686914158,1000,960,998.234,1000,9.525793444156804,1.0,0.04901554573024139,0.049646824638371334,orthogonal,Orthogonal MLP,1.0,200.0,100801,0.9980198215859248,3.0,0.11594626474234211,0.010173413076886326,0.5124410477113952,2.335421561940718,0.9999990165992969,0.20029093879292367,1001,91.32289251801558
voronoi_K64_d100,64 signed Voronoi tents,Hard,voronoi,64,22345,0.8,100,1000,2000,101001,l2,1.0,cv,0.6972608036213835,5,0.6975884686914158,1000,960,998.234,1000,9.525793444156804,1.0,0.04901554573024139,0.049646824638371334,spectral,Spectral MLP,1.0,200.0,100801,0.9980198215859248,3.0,0.11544323059360403,0.1548878681887265,0.2168635763655286,2.325289309729178,0.9999989600224531,0.21176906042695634,1001,13.025949242990464
voronoi_K64_d100,64 signed Voronoi tents,Hard,voronoi,64,22345,0.8,100,1000,2000,101001,l2,1.0,cv,0.6972608036213835,5,0.6975884686914158,1000,960,998.234,1000,9.525793444156804,1.0,0.04901554573024139,0.049646824638371334,unconstrained,ReLU MLP,1.0,200.0,100801,0.9980198215859248,3.0,0.293763657153631,1.0710460983899718e-14,0.6426385328163792,5.917068398501064,11.38511540374763,0.38735105320079183,1001,10.616503979079425
voronoi_K64_d100,64 signed Voronoi tents,Hard,voronoi,64,23345,0.8,100,1000,2000,101001,l2,1.0,cv,0.689235896037726,5,0.6319249451623888,1000,998,999.986,1000,10.130605726325488,1.0,0.04737868780643614,0.04741693755521861,constant,Training-mean constant,,,1,9.900892070375541e-06,,0.04741693755521861,0.6306786257923868,0.05082281032153171,1.0,0.0,0.0,0,0.0
voronoi_K64_d100,64 signed Voronoi tents,Hard,voronoi,64,23345,0.8,100,1000,2000,101001,l2,1.0,cv,0.689235896037726,5,0.6319249451623888,1000,998,999.986,1000,10.130605726325488,1.0,0.04737868780643614,0.04741693755521861,formula,Formula,1.0,,101001,1.0,,0.04741723868072803,0.6306817311722261,0.050823868901785245,1.000006350589577,1.0,7.875797977705707e-05,0,0.8439999690745026
voronoi_K64_d100,64 signed Voronoi tents,Hard,voronoi,64,23345,0.8,100,1000,2000,101001,l2,1.0,cv,0.689235896037726,5,0.6319249451623888,1000,998,999.986,1000,10.130605726325488,1.0,0.04737868780643614,0.04741693755521861,orthogonal,Orthogonal MLP,1.0,200.0,100801,0.9980198215859248,3.0,0.10078826454732985,0.004657109220304024,0.49098212120076096,2.1255751582429494,0.9999989779511161,0.20093405528333305,1001,90.81186590204015
voronoi_K64_d100,64 signed Voronoi tents,Hard,voronoi,64,23345,0.8,100,1000,2000,101001,l2,1.0,cv,0.689235896037726,5,0.6319249451623888,1000,998,999.986,1000,10.130605726325488,1.0,0.04737868780643614,0.04741693755521861,spectral,Spectral MLP,1.0,200.0,100801,0.9980198215859248,3.0,0.09724012119088517,0.12618667030911757,0.20572558451805797,2.0507465518549313,0.9999989610684558,0.1907895208700103,1001,13.111555831041187
voronoi_K64_d100,64 signed Voronoi tents,Hard,voronoi,64,23345,0.8,100,1000,2000,101001,l2,1.0,cv,0.689235896037726,5,0.6319249451623888,1000,998,999.986,1000,10.130605726325488,1.0,0.04737868780643614,0.04741693755521861,unconstrained,ReLU MLP,1.0,200.0,100801,0.9980198215859248,3.0,0.25158151436978277,1.1149227657153544e-14,0.5786994647069128,5.305730975915677,10.64581833778761,0.39836880713482925,1001,10.289746982045472
voronoi_K64_d100,64 signed Voronoi tents,Hard,voronoi,64,24345,0.8,100,1000,2000,101001,l2,1.0,cv,0.6792533573153738,5,0.6735865321068227,1000,57,386.458,860,8.013762738735089,1.0,0.05270441443265771,0.0527579689731867,constant,Training-mean constant,,,1,9.900892070375541e-06,,0.0527579689731867,0.6732364362749961,0.04575778316671807,1.0,0.0,0.0,0,0.0
voronoi_K64_d100,64 signed Voronoi tents,Hard,voronoi,64,24345,0.8,100,1000,2000,101001,l2,1.0,cv,0.6792533573153738,5,0.6735865321068227,1000,57,386.458,860,8.013762738735089,1.0,0.05270441443265771,0.0527579689731867,formula,Formula,1.0,,101001,1.0,,0.05285236512610301,0.6708337083229513,0.04713353981304659,1.0017892302291675,1.0,0.022036485542615034,0,0.9158986830152571
voronoi_K64_d100,64 signed Voronoi tents,Hard,voronoi,64,24345,0.8,100,1000,2000,101001,l2,1.0,cv,0.6792533573153738,5,0.6735865321068227,1000,57,386.458,860,8.013762738735089,1.0,0.05270441443265771,0.0527579689731867,orthogonal,Orthogonal MLP,1.0,200.0,100801,0.9980198215859248,3.0,0.11992059744155374,0.00797951366189629,0.5351391757602589,2.2730328664187445,0.9999989902731481,0.20412771528286747,1001,91.40948698087595
voronoi_K64_d100,64 signed Voronoi tents,Hard,voronoi,64,24345,0.8,100,1000,2000,101001,l2,1.0,cv,0.6792533573153738,5,0.6735865321068227,1000,57,386.458,860,8.013762738735089,1.0,0.05270441443265771,0.0527579689731867,spectral,Spectral MLP,1.0,200.0,100801,0.9980198215859248,3.0,0.12168379741102361,0.1387947019293175,0.24621663085385181,2.306453409396166,0.9999989145947537,0.21108188859620808,1001,13.225524564972147
voronoi_K64_d100,64 signed Voronoi tents,Hard,voronoi,64,24345,0.8,100,1000,2000,101001,l2,1.0,cv,0.6792533573153738,5,0.6735865321068227,1000,57,386.458,860,8.013762738735089,1.0,0.05270441443265771,0.0527579689731867,unconstrained,ReLU MLP,1.0,200.0,100801,0.9980198215859248,3.0,0.291057303560557,1.783680443719538e-12,0.6547702206990531,5.516840568833908,11.957312285214595,0.3859457132500528,1001,10.60053752711974
voronoi_K64_d100,64 signed Voronoi tents,Hard,voronoi,64,25345,0.8,100,1000,2000,101001,l2,1.0,cv,0.6496596047001342,5,0.7249126305480481,1000,212,644.546,955,8.316168879819433,1.0,0.044176358592094386,0.04417655253617954,constant,Training-mean constant,,,1,9.900892070375541e-06,,0.04417655253617954,0.7223606657016078,0.049242501488093,1.0,0.0,0.0,0,0.0
voronoi_K64_d100,64 signed Voronoi tents,Hard,voronoi,64,25345,0.8,100,1000,2000,101001,l2,1.0,cv,0.6496596047001342,5,0.7249126305480481,1000,212,644.546,955,8.316168879819433,1.0,0.044176358592094386,0.04417655253617954,formula,Formula,1.0,,101001,1.0,,0.044356001047983325,0.7206269916876791,0.04904683715587159,1.004062075954361,1.0,0.017852633591494776,0,0.8903883970342577
voronoi_K64_d100,64 signed Voronoi tents,Hard,voronoi,64,25345,0.8,100,1000,2000,101001,l2,1.0,cv,0.6496596047001342,5,0.7249126305480481,1000,212,644.546,955,8.316168879819433,1.0,0.044176358592094386,0.04417655253617954,orthogonal,Orthogonal MLP,1.0,200.0,100801,0.9980198215859248,3.0,0.1123880171089275,0.012511465292825076,0.514069349729702,2.5440649090235006,0.9999990236842917,0.19883611748847163,1001,90.99387934291735
voronoi_K64_d100,64 signed Voronoi tents,Hard,voronoi,64,25345,0.8,100,1000,2000,101001,l2,1.0,cv,0.6496596047001342,5,0.7249126305480481,1000,212,644.546,955,8.316168879819433,1.0,0.044176358592094386,0.04417655253617954,spectral,Spectral MLP,1.0,200.0,100801,0.9980198215859248,3.0,0.11603066685483654,0.15626156755048135,0.2242424310654007,2.626521541259024,0.9999989895881041,0.22595162701303026,1001,12.87356153409928
voronoi_K64_d100,64 signed Voronoi tents,Hard,voronoi,64,25345,0.8,100,1000,2000,101001,l2,1.0,cv,0.6496596047001342,5,0.7249126305480481,1000,212,644.546,955,8.316168879819433,1.0,0.044176358592094386,0.04417655253617954,unconstrained,ReLU MLP,1.0,200.0,100801,0.9980198215859248,3.0,0.29051029455098926,7.85960537863902e-12,0.6620897414084213,6.576119635253753,11.454011810217084,0.4565129439293804,1001,10.188048829091713
voronoi_K64_d100,64 signed Voronoi tents,Hard,voronoi,64,26345,0.8,100,1000,2000,101001,l2,1.0,cv,0.6427784117087688,5,0.659301579505748,1000,216,624.766,958,8.316168879819433,1.0,0.05388949075583265,0.055136389115806365,constant,Training-mean constant,,,1,9.900892070375541e-06,,0.055136389115806365,0.6587992169250578,0.05347773326259769,1.0,0.0,0.0,0,0.0
voronoi_K64_d100,64 signed Voronoi tents,Hard,voronoi,64,26345,0.8,100,1000,2000,101001,l2,1.0,cv,0.6427784117087688,5,0.659301579505748,1000,216,624.766,958,8.316168879819433,1.0,0.05388949075583265,0.055136389115806365,formula,Formula,1.0,,101001,1.0,,0.054913086849972474,0.6574146535801192,0.052578180856304384,0.9959500019965966,1.0,0.018199407803426052,0,0.969637154135853
voronoi_K64_d100,64 signed Voronoi tents,Hard,voronoi,64,26345,0.8,100,1000,2000,101001,l2,1.0,cv,0.6427784117087688,5,0.659301579505748,1000,216,624.766,958,8.316168879819433,1.0,0.05388949075583265,0.055136389115806365,orthogonal,Orthogonal MLP,1.0,200.0,100801,0.9980198215859248,3.0,0.11438313740842605,0.00556159309549314,0.5276067808689686,2.074548936604827,0.9999990239245734,0.2248190216009513,1001,91.66260569915175
voronoi_K64_d100,64 signed Voronoi tents,Hard,voronoi,64,26345,0.8,100,1000,2000,101001,l2,1.0,cv,0.6427784117087688,5,0.659301579505748,1000,216,624.766,958,8.316168879819433,1.0,0.05388949075583265,0.055136389115806365,spectral,Spectral MLP,1.0,200.0,100801,0.9980198215859248,3.0,0.11606541295375446,0.12293623751029055,0.24253905879528845,2.1050601030469207,0.9999989747538399,0.20748737407547016,1001,13.26284337695688
voronoi_K64_d100,64 signed Voronoi tents,Hard,voronoi,64,26345,0.8,100,1000,2000,101001,l2,1.0,cv,0.6427784117087688,5,0.659301579505748,1000,216,624.766,958,8.316168879819433,1.0,0.05388949075583265,0.055136389115806365,unconstrained,ReLU MLP,1.0,200.0,100801,0.9980198215859248,3.0,0.29160936719463004,8.428420752351874e-15,0.6282104883369382,5.288873135709792,11.027523934746357,0.3806559968609025,1001,10.560306682949886
voronoi_K64_d100,64 signed Voronoi tents,Hard,voronoi,64,27345,0.8,100,1000,2000,101001,l2,1.0,cv,0.6279483357210632,5,0.6699306649126947,1000,444,829.56,994,8.618575020903775,1.0,0.054591079251015515,0.05485969489777823,constant,Training-mean constant,,,1,9.900892070375541e-06,,0.05485969489777823,0.6653703965466039,0.051313255944524856,1.0,0.0,0.0,0,0.0
voronoi_K64_d100,64 signed Voronoi tents,Hard,voronoi,64,27345,0.8,100,1000,2000,101001,l2,1.0,cv,0.6279483357210632,5,0.6699306649126947,1000,444,829.56,994,8.618575020903775,1.0,0.054591079251015515,0.05485969489777823,formula,Formula,1.0,,101001,1.0,,0.05487130680881626,0.6649010600380069,0.0513546852988985,1.0002116656146132,1.0,0.008757536687449679,0,0.8358723539859056
voronoi_K64_d100,64 signed Voronoi tents,Hard,voronoi,64,27345,0.8,100,1000,2000,101001,l2,1.0,cv,0.6279483357210632,5,0.6699306649126947,1000,444,829.56,994,8.618575020903775,1.0,0.054591079251015515,0.05485969489777823,orthogonal,Orthogonal MLP,1.0,200.0,100801,0.9980198215859248,3.0,0.11282521867134324,0.007350820502553359,0.5020866051250714,2.0566140384406797,0.9999990269670433,0.20276770873435654,1001,90.89531142590567
voronoi_K64_d100,64 signed Voronoi tents,Hard,voronoi,64,27345,0.8,100,1000,2000,101001,l2,1.0,cv,0.6279483357210632,5,0.6699306649126947,1000,444,829.56,994,8.618575020903775,1.0,0.054591079251015515,0.05485969489777823,spectral,Spectral MLP,1.0,200.0,100801,0.9980198215859248,3.0,0.1100395196142971,0.12922686062703884,0.22313017323423445,2.005835428347481,0.9999989123889642,0.23234901183351175,1001,12.99474928015843
voronoi_K64_d100,64 signed Voronoi tents,Hard,voronoi,64,27345,0.8,100,1000,2000,101001,l2,1.0,cv,0.6279483357210632,5,0.6699306649126947,1000,444,829.56,994,8.618575020903775,1.0,0.054591079251015515,0.05485969489777823,unconstrained,ReLU MLP,1.0,200.0,100801,0.9980198215859248,3.0,0.2709372034237482,8.872942285346156e-15,0.6104196195508231,4.9387296799334,11.343624299922107,0.4040827341637488,1001,10.302646809956059
voronoi_K64_d100,64 signed Voronoi tents,Hard,voronoi,64,28345,0.8,100,1000,2000,101001,l2,1.0,cv,0.7006438508357897,5,0.707642762058259,1000,194,636.948,963,8.316168879819433,1.0,0.05289926387587414,0.05320291635480216,constant,Training-mean constant,,,1,9.900892070375541e-06,,0.05320291635480216,0.7053558151431318,0.04705113948416673,1.0,0.0,0.0,0,0.0
voronoi_K64_d100,64 signed Voronoi tents,Hard,voronoi,64,28345,0.8,100,1000,2000,101001,l2,1.0,cv,0.7006438508357897,5,0.707642762058259,1000,194,636.948,963,8.316168879819433,1.0,0.05289926387587414,0.05320291635480216,formula,Formula,1.0,,101001,1.0,,0.05311605973249286,0.7024228481484499,0.04684493659185904,0.9983674462179841,1.0,0.01576866137324121,0,0.9132117261178792
voronoi_K64_d100,64 signed Voronoi tents,Hard,voronoi,64,28345,0.8,100,1000,2000,101001,l2,1.0,cv,0.7006438508357897,5,0.707642762058259,1000,194,636.948,963,8.316168879819433,1.0,0.05289926387587414,0.05320291635480216,orthogonal,Orthogonal MLP,1.0,200.0,100801,0.9980198215859248,3.0,0.1108285389939939,0.010789819128120392,0.5275762361205811,2.0831290197495043,0.9999989739944173,0.22666451720122638,1001,91.9739308601711
voronoi_K64_d100,64 signed Voronoi tents,Hard,voronoi,64,28345,0.8,100,1000,2000,101001,l2,1.0,cv,0.7006438508357897,5,0.707642762058259,1000,194,636.948,963,8.316168879819433,1.0,0.05289926387587414,0.05320291635480216,spectral,Spectral MLP,1.0,200.0,100801,0.9980198215859248,3.0,0.10633664331683615,0.15571577645977464,0.2213859655429604,1.9986995187950456,0.9999989913160771,0.1971290956711594,1001,13.141105951974168
voronoi_K64_d100,64 signed Voronoi tents,Hard,voronoi,64,28345,0.8,100,1000,2000,101001,l2,1.0,cv,0.7006438508357897,5,0.707642762058259,1000,194,636.948,963,8.316168879819433,1.0,0.05289926387587414,0.05320291635480216,unconstrained,ReLU MLP,1.0,200.0,100801,0.9980198215859248,3.0,0.28571263314907963,1.0586530734435689e-12,0.6656236509670175,5.370243827306487,12.14799930205323,0.4004482103005097,1001,10.596938712988049
voronoi_K64_d100,64 signed Voronoi tents,Hard,voronoi,64,29345,0.8,100,1000,2000,101001,l2,1.0,cv,0.6322182798174688,5,0.6832148278117399,1000,69,382.488,875,8.013762738735089,1.0,0.04621487688561379,0.04659961175486478,constant,Training-mean constant,,,1,9.900892070375541e-06,,0.04659961175486478,0.6809440044791918,0.04236623618672556,1.0,0.0,0.0,0,0.0
voronoi_K64_d100,64 signed Voronoi tents,Hard,voronoi,64,29345,0.8,100,1000,2000,101001,l2,1.0,cv,0.6322182798174688,5,0.6832148278117399,1000,69,382.488,875,8.013762738735089,1.0,0.04621487688561379,0.04659961175486478,formula,Formula,1.0,,101001,1.0,,0.04629609184802068,0.6737028180761728,0.04117187792276589,0.9934866430123762,1.0,0.028491893787101943,0,0.8344703449402004
voronoi_K64_d100,64 signed Voronoi tents,Hard,voronoi,64,29345,0.8,100,1000,2000,101001,l2,1.0,cv,0.6322182798174688,5,0.6832148278117399,1000,69,382.488,875,8.013762738735089,1.0,0.04621487688561379,0.04659961175486478,orthogonal,Orthogonal MLP,1.0,200.0,100801,0.9980198215859248,3.0,0.10501714937833842,0.007979405034701533,0.5211950619841803,2.2536056723128195,0.9999990041765675,0.22530687649006784,1001,91.19877778296359
voronoi_K64_d100,64 signed Voronoi tents,Hard,voronoi,64,29345,0.8,100,1000,2000,101001,l2,1.0,cv,0.6322182798174688,5,0.6832148278117399,1000,69,382.488,875,8.013762738735089,1.0,0.04621487688561379,0.04659961175486478,spectral,Spectral MLP,1.0,200.0,100801,0.9980198215859248,3.0,0.11203102597273044,0.13419770467947206,0.2399945637001788,2.40411929957839,0.9999988638165793,0.208291083681585,1001,13.102825678884983
voronoi_K64_d100,64 signed Voronoi tents,Hard,voronoi,64,29345,0.8,100,1000,2000,101001,l2,1.0,cv,0.6322182798174688,5,0.6832148278117399,1000,69,382.488,875,8.013762738735089,1.0,0.04621487688561379,0.04659961175486478,unconstrained,ReLU MLP,1.0,200.0,100801,0.9980198215859248,3.0,0.26975742799303026,8.650080030352762e-15,0.6420975083316875,5.788834237763126,11.253348258404609,0.4171145570550485,1001,10.291734320111573
voronoi_K64_d100,64 signed Voronoi tents,Hard,voronoi,64,30345,0.8,100,1000,2000,101001,l2,1.0,cv,0.7264580299909529,5,0.751157320439592,1000,196,630.8,942,8.316168879819433,1.0,0.04999622344219425,0.05000569538481257,constant,Training-mean constant,,,1,9.900892070375541e-06,,0.05000569538481257,0.7512928719106271,0.04575536287192573,1.0,0.0,0.0,0,0.0
voronoi_K64_d100,64 signed Voronoi tents,Hard,voronoi,64,30345,0.8,100,1000,2000,101001,l2,1.0,cv,0.7264580299909529,5,0.751157320439592,1000,196,630.8,942,8.316168879819433,1.0,0.04999622344219425,0.05000569538481257,formula,Formula,1.0,,101001,1.0,,0.050156045536188215,0.7509918390692988,0.045505851251889565,1.0030066605457368,1.0,0.017948692576642715,0,0.9086521859280765
voronoi_K64_d100,64 signed Voronoi tents,Hard,voronoi,64,30345,0.8,100,1000,2000,101001,l2,1.0,cv,0.7264580299909529,5,0.751157320439592,1000,196,630.8,942,8.316168879819433,1.0,0.04999622344219425,0.05000569538481257,orthogonal,Orthogonal MLP,1.0,200.0,100801,0.9980198215859248,3.0,0.10689953427733669,0.015418528552604867,0.5276286344575188,2.1377471796903276,0.9999990173089138,0.22280055458277262,1001,91.12823653407395
voronoi_K64_d100,64 signed Voronoi tents,Hard,voronoi,64,30345,0.8,100,1000,2000,101001,l2,1.0,cv,0.7264580299909529,5,0.751157320439592,1000,196,630.8,942,8.316168879819433,1.0,0.04999622344219425,0.05000569538481257,spectral,Spectral MLP,1.0,200.0,100801,0.9980198215859248,3.0,0.10030423647416953,0.18976409442141356,0.20069369380043034,2.005856247019281,0.9999989367919169,0.20463935253783958,1001,13.273921405896544
voronoi_K64_d100,64 signed Voronoi tents,Hard,voronoi,64,30345,0.8,100,1000,2000,101001,l2,1.0,cv,0.7264580299909529,5,0.751157320439592,1000,196,630.8,942,8.316168879819433,1.0,0.04999622344219425,0.05000569538481257,unconstrained,ReLU MLP,1.0,200.0,100801,0.9980198215859248,3.0,0.29750202511347157,8.735077566964213e-12,0.6969328071129378,5.94936282405598,12.572436083166862,0.41793387530778514,1001,10.790396719006822
voronoi_K64_d100,64 signed Voronoi tents,Hard,voronoi,64,31345,0.8,100,1000,2000,101001,l2,1.0,cv,0.789481164098135,5,0.6811709240281841,1000,988,999.706,1000,9.828199585241146,1.0,0.04773367792121599,0.04775759492218779,constant,Training-mean constant,,,1,9.900892070375541e-06,,0.04775759492218779,0.6789994098951131,0.04804240049885834,1.0,0.0,0.0,0,0.0
voronoi_K64_d100,64 signed Voronoi tents,Hard,voronoi,64,31345,0.8,100,1000,2000,101001,l2,1.0,cv,0.789481164098135,5,0.6811709240281841,1000,988,999.706,1000,9.828199585241146,1.0,0.04773367792121599,0.04775759492218779,formula,Formula,1.0,,101001,1.0,,0.04775858509468775,0.6790207526452312,0.04805264258878239,1.000020733299103,1.0,0.0003422731562482524,0,0.8310530639719218
voronoi_K64_d100,64 signed Voronoi tents,Hard,voronoi,64,31345,0.8,100,1000,2000,101001,l2,1.0,cv,0.789481164098135,5,0.6811709240281841,1000,988,999.706,1000,9.828199585241146,1.0,0.04773367792121599,0.04775759492218779,orthogonal,Orthogonal MLP,1.0,200.0,100801,0.9980198215859248,3.0,0.10699601441684659,0.00988030619019765,0.5010286359838297,2.2403978799848883,0.9999990010243601,0.1920760475648564,1001,91.50582775007933
voronoi_K64_d100,64 signed Voronoi tents,Hard,voronoi,64,31345,0.8,100,1000,2000,101001,l2,1.0,cv,0.789481164098135,5,0.6811709240281841,1000,988,999.706,1000,9.828199585241146,1.0,0.04773367792121599,0.04775759492218779,spectral,Spectral MLP,1.0,200.0,100801,0.9980198215859248,3.0,0.0977541675983407,0.1644630015464349,0.1918051709353588,2.046882129588249,0.9999989792087853,0.19453632789144887,1001,13.21367455017753
voronoi_K64_d100,64 signed Voronoi tents,Hard,voronoi,64,31345,0.8,100,1000,2000,101001,l2,1.0,cv,0.789481164098135,5,0.6811709240281841,1000,988,999.706,1000,9.828199585241146,1.0,0.04773367792121599,0.04775759492218779,unconstrained,ReLU MLP,1.0,200.0,100801,0.9980198215859248,3.0,0.269921092855408,4.0291617712543824e-13,0.6310692238370799,5.651898787935086,11.59850004574235,0.3832256787536183,1001,10.460466932039708
voronoi_K64_d100,64 signed Voronoi tents,Hard,voronoi,64,32345,0.8,100,1000,2000,101001,l2,1.0,cv,0.6739590818781498,5,0.7261921554773219,1000,991,999.82,1000,9.828199585241146,1.0,0.05131121300858622,0.05133318345479255,constant,Training-mean constant,,,1,9.900892070375541e-06,,0.05133318345479255,0.7250733797432422,0.05063519539339311,1.0,0.0,0.0,0,0.0
voronoi_K64_d100,64 signed Voronoi tents,Hard,voronoi,64,32345,0.8,100,1000,2000,101001,l2,1.0,cv,0.6739590818781498,5,0.7261921554773219,1000,991,999.82,1000,9.828199585241146,1.0,0.05131121300858622,0.05133318345479255,formula,Formula,1.0,,101001,1.0,,0.0513338879198807,0.7250808569368119,0.050641205367533526,1.0000137233859414,1.0,0.00047558924232667257,0,0.8969991290941834
voronoi_K64_d100,64 signed Voronoi tents,Hard,voronoi,64,32345,0.8,100,1000,2000,101001,l2,1.0,cv,0.6739590818781498,5,0.7261921554773219,1000,991,999.82,1000,9.828199585241146,1.0,0.05131121300858622,0.05133318345479255,orthogonal,Orthogonal MLP,1.0,200.0,100801,0.9980198215859248,3.0,0.11003761064032644,0.013472488302768643,0.5140967264865012,2.1435960763515274,0.9999989976733996,0.2005748735152334,1001,91.02063229889609
voronoi_K64_d100,64 signed Voronoi tents,Hard,voronoi,64,32345,0.8,100,1000,2000,101001,l2,1.0,cv,0.6739590818781498,5,0.7261921554773219,1000,991,999.82,1000,9.828199585241146,1.0,0.05131121300858622,0.05133318345479255,spectral,Spectral MLP,1.0,200.0,100801,0.9980198215859248,3.0,0.10629334828966734,0.16232125083100718,0.2168544933345888,2.0706556877244213,0.9999989966004481,0.17432603790384216,1001,13.032611915841699
voronoi_K64_d100,64 signed Voronoi tents,Hard,voronoi,64,32345,0.8,100,1000,2000,101001,l2,1.0,cv,0.6739590818781498,5,0.7261921554773219,1000,991,999.82,1000,9.828199585241146,1.0,0.05131121300858622,0.05133318345479255,unconstrained,ReLU MLP,1.0,200.0,100801,0.9980198215859248,3.0,0.28965166888675364,7.213584267761099e-15,0.6732048083187735,5.6425814530252225,12.596985615488487,0.3706999383961511,1001,10.47225049114786
voronoi_K64_d100,64 signed Voronoi tents,Hard,voronoi,64,33345,0.8,100,1000,2000,101001,l2,1.0,cv,0.6081604782928683,5,0.668370280852744,1000,44,380.796,870,8.013762738735089,1.0,0.047605676962623224,0.04841258366648664,constant,Training-mean constant,,,1,9.900892070375541e-06,,0.04841258366648664,0.668234974740626,0.0487045180093614,1.0,0.0,0.0,0,0.0
voronoi_K64_d100,64 signed Voronoi tents,Hard,voronoi,64,33345,0.8,100,1000,2000,101001,l2,1.0,cv,0.6081604782928683,5,0.668370280852744,1000,44,380.796,870,8.013762738735089,1.0,0.047605676962623224,0.04841258366648664,formula,Formula,1.0,,101001,1.0,,0.0483376213610208,0.6620571590869422,0.04825341555784563,0.9984515946105613,1.0,0.02682089129256733,0,0.8980982559733093
voronoi_K64_d100,64 signed Voronoi tents,Hard,voronoi,64,33345,0.8,100,1000,2000,101001,l2,1.0,cv,0.6081604782928683,5,0.668370280852744,1000,44,380.796,870,8.013762738735089,1.0,0.047605676962623224,0.04841258366648664,orthogonal,Orthogonal MLP,1.0,200.0,100801,0.9980198215859248,3.0,0.1056021606551493,0.006584712141315683,0.5090379370946277,2.1812957016018926,0.9999990108365209,0.1976918993773132,1001,92.08034888701513
voronoi_K64_d100,64 signed Voronoi tents,Hard,voronoi,64,33345,0.8,100,1000,2000,101001,l2,1.0,cv,0.6081604782928683,5,0.668370280852744,1000,44,380.796,870,8.013762738735089,1.0,0.047605676962623224,0.04841258366648664,spectral,Spectral MLP,1.0,200.0,100801,0.9980198215859248,3.0,0.10127327314238965,0.12873929987734514,0.21988937158727614,2.091879124651956,0.9999990180486822,0.18453752841286167,1001,13.321963055990636
voronoi_K64_d100,64 signed Voronoi tents,Hard,voronoi,64,33345,0.8,100,1000,2000,101001,l2,1.0,cv,0.6081604782928683,5,0.668370280852744,1000,44,380.796,870,8.013762738735089,1.0,0.047605676962623224,0.04841258366648664,unconstrained,ReLU MLP,1.0,200.0,100801,0.9980198215859248,3.0,0.2622706100530196,6.226679922897936e-12,0.6102316763292883,5.417405769123929,12.130180806576789,0.38735925711982666,1001,10.683667196892202
voronoi_K64_d100,64 signed Voronoi tents,Hard,voronoi,64,34345,0.8,100,1000,2000,101001,l2,1.0,cv,0.6529121733524267,5,0.6547230469421721,1000,958,997.92,1000,9.525793444156804,1.0,0.04791611059428428,0.047919680915157276,constant,Training-mean constant,,,1,9.900892070375541e-06,,0.047919680915157276,0.6535693506553343,0.05091139240219482,1.0,0.0,0.0,0,0.0
voronoi_K64_d100,64 signed Voronoi tents,Hard,voronoi,64,34345,0.8,100,1000,2000,101001,l2,1.0,cv,0.6529121733524267,5,0.6547230469421721,1000,958,997.92,1000,9.525793444156804,1.0,0.04791611059428428,0.047919680915157276,formula,Formula,1.0,,101001,1.0,,0.04792869385213957,0.6535557286104404,0.05092461254647415,1.0001880842445143,1.0,0.001038119656254443,0,0.8935694799292833
voronoi_K64_d100,64 signed Voronoi tents,Hard,voronoi,64,34345,0.8,100,1000,2000,101001,l2,1.0,cv,0.6529121733524267,5,0.6547230469421721,1000,958,997.92,1000,9.525793444156804,1.0,0.04791611059428428,0.047919680915157276,orthogonal,Orthogonal MLP,1.0,200.0,100801,0.9980198215859248,3.0,0.10672845452168724,0.006356094870316049,0.51097216577485,2.2272363355392963,0.9999990059251065,0.20589879348437717,1001,90.68063660804182
voronoi_K64_d100,64 signed Voronoi tents,Hard,voronoi,64,34345,0.8,100,1000,2000,101001,l2,1.0,cv,0.6529121733524267,5,0.6547230469421721,1000,958,997.92,1000,9.525793444156804,1.0,0.04791611059428428,0.047919680915157276,spectral,Spectral MLP,1.0,200.0,100801,0.9980198215859248,3.0,0.10452998763895006,0.12658446333480136,0.22892728346144098,2.1813581735659393,0.9999989225279562,0.20272756857064306,1001,13.07051585195586
voronoi_K64_d100,64 signed Voronoi tents,Hard,voronoi,64,34345,0.8,100,1000,2000,101001,l2,1.0,cv,0.6529121733524267,5,0.6547230469421721,1000,958,997.92,1000,9.525793444156804,1.0,0.04791611059428428,0.047919680915157276,unconstrained,ReLU MLP,1.0,200.0,100801,0.9980198215859248,3.0,0.27043071071905556,6.874066600320265e-15,0.6171248710057204,5.643416349074994,11.54697189762613,0.4600099227472415,1001,10.65479937987402
voronoi_K64_d100,64 signed Voronoi tents,Hard,voronoi,64,35345,0.8,100,1000,2000,101001,l2,1.0,cv,0.6588122094880687,5,0.6572918413839625,1000,17,188.374,551,7.711356597650745,1.0,0.04681189560698797,0.04693633936309699,constant,Training-mean constant,,,1,9.900892070375541e-06,,0.04693633936309699,0.6578144194404357,0.04828656846826709,1.0,0.0,0.0,0,0.0
voronoi_K64_d100,64 signed Voronoi tents,Hard,voronoi,64,35345,0.8,100,1000,2000,101001,l2,1.0,cv,0.6588122094880687,5,0.6572918413839625,1000,17,188.374,551,7.711356597650745,1.0,0.04681189560698797,0.04693633936309699,formula,Formula,1.0,,101001,1.0,,0.04901006319553485,0.6463558249221192,0.051843691876772076,1.0441816268711466,1.0,0.0407978070364485,0,0.8904531220905483
voronoi_K64_d100,64 signed Voronoi tents,Hard,voronoi,64,35345,0.8,100,1000,2000,101001,l2,1.0,cv,0.6588122094880687,5,0.6572918413839625,1000,17,188.374,551,7.711356597650745,1.0,0.04681189560698797,0.04693633936309699,orthogonal,Orthogonal MLP,1.0,200.0,100801,0.9980198215859248,3.0,0.10668857678756757,0.005303988491330255,0.5271568664933411,2.2730485213648746,0.9999990092076484,0.1985069404691439,1001,92.21785928099416
voronoi_K64_d100,64 signed Voronoi tents,Hard,voronoi,64,35345,0.8,100,1000,2000,101001,l2,1.0,cv,0.6588122094880687,5,0.6572918413839625,1000,17,188.374,551,7.711356597650745,1.0,0.04681189560698797,0.04693633936309699,spectral,Spectral MLP,1.0,200.0,100801,0.9980198215859248,3.0,0.1031516502264817,0.12337712479655576,0.23485485891562594,2.1976926966652877,0.9999989463348886,0.1931044965674343,1001,13.417203892953694
voronoi_K64_d100,64 signed Voronoi tents,Hard,voronoi,64,35345,0.8,100,1000,2000,101001,l2,1.0,cv,0.6588122094880687,5,0.6572918413839625,1000,17,188.374,551,7.711356597650745,1.0,0.04681189560698797,0.04693633936309699,unconstrained,ReLU MLP,1.0,200.0,100801,0.9980198215859248,3.0,0.2840383559807317,1.1427582013795237e-10,0.6234409088572899,6.051566011218435,11.757138135632232,0.38049727506523573,1001,10.720390992006287
voronoi_K64_d100,64 signed Voronoi tents,Hard,voronoi,64,36345,0.8,100,1000,2000,101001,l2,1.0,cv,0.6231061658188577,5,0.6873453355465137,1000,597,940.21,1000,8.920981161988117,1.0,0.047325281987412364,0.047387750985210204,constant,Training-mean constant,,,1,9.900892070375541e-06,,0.047387750985210204,0.6865192330127001,0.04503236706608493,1.0,0.0,0.0,0,0.0
voronoi_K64_d100,64 signed Voronoi tents,Hard,voronoi,64,36345,0.8,100,1000,2000,101001,l2,1.0,cv,0.6231061658188577,5,0.6873453355465137,1000,597,940.21,1000,8.920981161988117,1.0,0.047325281987412364,0.047387750985210204,formula,Formula,1.0,,101001,1.0,,0.04741635517669594,0.6866441863857561,0.045028026885679286,1.0006036199416737,1.0,0.005015194149565023,0,0.9097362970933318
voronoi_K64_d100,64 signed Voronoi tents,Hard,voronoi,64,36345,0.8,100,1000,2000,101001,l2,1.0,cv,0.6231061658188577,5,0.6873453355465137,1000,597,940.21,1000,8.920981161988117,1.0,0.047325281987412364,0.047387750985210204,orthogonal,Orthogonal MLP,1.0,200.0,100801,0.9980198215859248,3.0,0.11030632769919944,0.008006159797701917,0.5535322018132766,2.3277392449712635,0.9999989805084168,0.20980621668155636,1001,91.12043577898294
voronoi_K64_d100,64 signed Voronoi tents,Hard,voronoi,64,36345,0.8,100,1000,2000,101001,l2,1.0,cv,0.6231061658188577,5,0.6873453355465137,1000,597,940.21,1000,8.920981161988117,1.0,0.047325281987412364,0.047387750985210204,spectral,Spectral MLP,1.0,200.0,100801,0.9980198215859248,3.0,0.12089365157610987,0.13295907326237938,0.2574749733964208,2.551158243695528,0.9999989800401093,0.216285053195436,1001,13.227693436900154
voronoi_K64_d100,64 signed Voronoi tents,Hard,voronoi,64,36345,0.8,100,1000,2000,101001,l2,1.0,cv,0.6231061658188577,5,0.6873453355465137,1000,597,940.21,1000,8.920981161988117,1.0,0.047325281987412364,0.047387750985210204,unconstrained,ReLU MLP,1.0,200.0,100801,0.9980198215859248,3.0,0.2944268432492505,1.0615658945871924e-14,0.6710851965028023,6.21314236544253,11.059260756714881,0.4099536957087284,1001,10.78184578102082
voronoi_K64_d100,64 signed Voronoi tents,Hard,voronoi,64,37345,0.8,100,1000,2000,101001,l2,1.0,cv,0.675535088619142,5,0.7157410164311746,1000,961,998.282,1000,9.525793444156804,1.0,0.047280921463959215,0.047303948161484144,constant,Training-mean constant,,,1,9.900892070375541e-06,,0.047303948161484144,0.7148096965338673,0.05201764141861433,1.0,0.0,0.0,0,0.0
voronoi_K64_d100,64 signed Voronoi tents,Hard,voronoi,64,37345,0.8,100,1000,2000,101001,l2,1.0,cv,0.675535088619142,5,0.7157410164311746,1000,961,998.282,1000,9.525793444156804,1.0,0.047280921463959215,0.047303948161484144,formula,Formula,1.0,,101001,1.0,,0.04729860985009182,0.7148657298741042,0.052010764367958685,0.9998871487138008,1.0,0.0009801316981890935,0,0.9046760750934482
voronoi_K64_d100,64 signed Voronoi tents,Hard,voronoi,64,37345,0.8,100,1000,2000,101001,l2,1.0,cv,0.675535088619142,5,0.7157410164311746,1000,961,998.282,1000,9.525793444156804,1.0,0.047280921463959215,0.047303948161484144,orthogonal,Orthogonal MLP,1.0,200.0,100801,0.9980198215859248,3.0,0.1019655236898524,0.011120186444358665,0.5181744595836469,2.1555393926478814,0.9999989947679128,0.20124679968586603,1001,92.80068051000126
voronoi_K64_d100,64 signed Voronoi tents,Hard,voronoi,64,37345,0.8,100,1000,2000,101001,l2,1.0,cv,0.675535088619142,5,0.7157410164311746,1000,961,998.282,1000,9.525793444156804,1.0,0.047280921463959215,0.047303948161484144,spectral,Spectral MLP,1.0,200.0,100801,0.9980198215859248,3.0,0.10332818034114657,0.14973460239164973,0.2308511978141616,2.184345796854194,0.9999989696303304,0.2005436905902406,1001,13.378433912061155
voronoi_K64_d100,64 signed Voronoi tents,Hard,voronoi,64,37345,0.8,100,1000,2000,101001,l2,1.0,cv,0.675535088619142,5,0.7157410164311746,1000,961,998.282,1000,9.525793444156804,1.0,0.047280921463959215,0.047303948161484144,unconstrained,ReLU MLP,1.0,200.0,100801,0.9980198215859248,3.0,0.2803795937428166,9.566927165928744e-15,0.6587164721584973,5.927192224751918,11.511277061323893,0.39665669878430104,1001,10.617483824957162
voronoi_K64_d100,64 signed Voronoi tents,Hard,voronoi,64,38345,0.8,100,1000,2000,101001,l2,1.0,cv,0.6663461537682382,5,0.6719122627826504,1000,20,193.1,562,7.711356597650745,1.0,0.05458070812549715,0.05524219949034788,constant,Training-mean constant,,,1,9.900892070375541e-06,,0.05524219949034788,0.6733148161392101,0.05521345032785792,1.0,0.0,0.0,0,0.0
voronoi_K64_d100,64 signed Voronoi tents,Hard,voronoi,64,38345,0.8,100,1000,2000,101001,l2,1.0,cv,0.6663461537682382,5,0.6719122627826504,1000,20,193.1,562,7.711356597650745,1.0,0.05458070812549715,0.05524219949034788,formula,Formula,1.0,,101001,1.0,,0.05694178050688813,0.6674786861254266,0.05815979276679778,1.030765991076029,1.0,0.05599052299841201,0,0.8421918479725718
voronoi_K64_d100,64 signed Voronoi tents,Hard,voronoi,64,38345,0.8,100,1000,2000,101001,l2,1.0,cv,0.6663461537682382,5,0.6719122627826504,1000,20,193.1,562,7.711356597650745,1.0,0.05458070812549715,0.05524219949034788,orthogonal,Orthogonal MLP,1.0,200.0,100801,0.9980198215859248,3.0,0.11754593806086941,0.007160324410523916,0.5209693170385747,2.1278287096698145,0.9999989812067926,0.20641824059344951,1001,90.94113866914995
voronoi_K64_d100,64 signed Voronoi tents,Hard,voronoi,64,38345,0.8,100,1000,2000,101001,l2,1.0,cv,0.6663461537682382,5,0.6719122627826504,1000,20,193.1,562,7.711356597650745,1.0,0.05458070812549715,0.05524219949034788,spectral,Spectral MLP,1.0,200.0,100801,0.9980198215859248,3.0,0.11074114779062441,0.14155545888941315,0.2218814418266007,2.0046476934716098,0.9999990223953629,0.19552855162537178,1001,13.19872320489958
voronoi_K64_d100,64 signed Voronoi tents,Hard,voronoi,64,38345,0.8,100,1000,2000,101001,l2,1.0,cv,0.6663461537682382,5,0.6719122627826504,1000,20,193.1,562,7.711356597650745,1.0,0.05458070812549715,0.05524219949034788,unconstrained,ReLU MLP,1.0,200.0,100801,0.9980198215859248,3.0,0.26471711993682584,2.8571691290428706e-14,0.6297212734677751,4.79193664225984,11.724102507796708,0.3888178516263534,1001,10.79947795998305
voronoi_K64_d100,64 signed Voronoi tents,Hard,voronoi,64,39345,0.8,100,1000,2000,101001,l2,1.0,cv,0.6494839777564086,5,0.670171017289824,1000,64,373.226,832,8.013762738735089,1.0,0.05126536511571849,0.05187106966442792,constant,Training-mean constant,,,1,9.900892070375541e-06,,0.05187106966442792,0.669721839616283,0.04889531849731717,1.0,0.0,0.0,0,0.0
voronoi_K64_d100,64 signed Voronoi tents,Hard,voronoi,64,39345,0.8,100,1000,2000,101001,l2,1.0,cv,0.6494839777564086,5,0.670171017289824,1000,64,373.226,832,8.013762738735089,1.0,0.05126536511571849,0.05187106966442792,formula,Formula,1.0,,101001,1.0,,0.05287008059183962,0.6660012082779374,0.05061668087666862,1.0192595011800345,1.0,0.01936110020395633,0,0.9158683200366795
voronoi_K64_d100,64 signed Voronoi tents,Hard,voronoi,64,39345,0.8,100,1000,2000,101001,l2,1.0,cv,0.6494839777564086,5,0.670171017289824,1000,64,373.226,832,8.013762738735089,1.0,0.05126536511571849,0.05187106966442792,orthogonal,Orthogonal MLP,1.0,200.0,100801,0.9980198215859248,3.0,0.10603917050152788,0.006845568956638145,0.5231980538569064,2.0442834741510505,0.9999989938039981,0.2131842498883866,1001,92.82022057892755
voronoi_K64_d100,64 signed Voronoi tents,Hard,voronoi,64,39345,0.8,100,1000,2000,101001,l2,1.0,cv,0.6494839777564086,5,0.670171017289824,1000,64,373.226,832,8.013762738735089,1.0,0.05126536511571849,0.05187106966442792,spectral,Spectral MLP,1.0,200.0,100801,0.9980198215859248,3.0,0.11217454393472705,0.12944244431747817,0.23789293478224446,2.162564694740698,0.9999988174078279,0.20192087131689077,1001,14.276344632962719
voronoi_K64_d100,64 signed Voronoi tents,Hard,voronoi,64,39345,0.8,100,1000,2000,101001,l2,1.0,cv,0.6494839777564086,5,0.670171017289824,1000,64,373.226,832,8.013762738735089,1.0,0.05126536511571849,0.05187106966442792,unconstrained,ReLU MLP,1.0,200.0,100801,0.9980198215859248,3.0,0.2580077836508428,7.959449352164466e-14,0.6358139121875654,4.9740208813889,12.05776251799295,0.3747152129336906,1001,11.279445122927427
voronoi_K64_d100,64 signed Voronoi tents,Hard,voronoi,64,40345,0.8,100,1000,2000,101001,l2,1.0,cv,0.7089740549625655,5,0.6975522665977791,1000,998,999.988,1000,10.130605726325488,1.0,0.04963499974891589,0.05102480773289748,constant,Training-mean constant,,,1,9.900892070375541e-06,,0.05102480773289748,0.6953567265947022,0.05174773806008236,1.0,0.0,0.0,0,0.0
voronoi_K64_d100,64 signed Voronoi tents,Hard,voronoi,64,40345,0.8,100,1000,2000,101001,l2,1.0,cv,0.7089740549625655,5,0.6975522665977791,1000,998,999.988,1000,10.130605726325488,1.0,0.04963499974891589,0.05102480773289748,formula,Formula,1.0,,101001,1.0,,0.05102487759721799,0.6953546753676574,0.05174744668441825,1.0000013692226117,1.0,0.0002118039745623557,0,0.9017699661199003
voronoi_K64_d100,64 signed Voronoi tents,Hard,voronoi,64,40345,0.8,100,1000,2000,101001,l2,1.0,cv,0.7089740549625655,5,0.6975522665977791,1000,998,999.988,1000,10.130605726325488,1.0,0.04963499974891589,0.05102480773289748,orthogonal,Orthogonal MLP,1.0,200.0,100801,0.9980198215859248,3.0,0.1154914445532493,0.010378502806410811,0.5139924278804596,2.2634371335178582,0.9999989798904925,0.19347192996227033,1001,91.01618418307044
voronoi_K64_d100,64 signed Voronoi tents,Hard,voronoi,64,40345,0.8,100,1000,2000,101001,l2,1.0,cv,0.7089740549625655,5,0.6975522665977791,1000,998,999.988,1000,10.130605726325488,1.0,0.04963499974891589,0.05102480773289748,spectral,Spectral MLP,1.0,200.0,100801,0.9980198215859248,3.0,0.10931204731997536,0.1540232215686811,0.2196289113847157,2.142331390883381,0.9999989445209245,0.19247669195253206,1001,13.406935876002535
voronoi_K64_d100,64 signed Voronoi tents,Hard,voronoi,64,40345,0.8,100,1000,2000,101001,l2,1.0,cv,0.7089740549625655,5,0.6975522665977791,1000,998,999.988,1000,10.130605726325488,1.0,0.04963499974891589,0.05102480773289748,unconstrained,ReLU MLP,1.0,200.0,100801,0.9980198215859248,3.0,0.28429816401892255,9.175965908860407e-15,0.6511178163699044,5.571763552881074,11.084909315687865,0.36926991228410055,1001,10.819517901865765
voronoi_K64_d100,64 signed Voronoi tents,Hard,voronoi,64,41345,0.8,100,1000,2000,101001,l2,1.0,cv,0.7258317683675537,5,0.672239572040208,1000,25,185.162,689,7.711356597650745,1.0,0.04874256473867815,0.049485393846016495,constant,Training-mean constant,,,1,9.900892070375541e-06,,0.049485393846016495,0.6722634476563591,0.051709241041202475,1.0,0.0,0.0,0,0.0
voronoi_K64_d100,64 signed Voronoi tents,Hard,voronoi,64,41345,0.8,100,1000,2000,101001,l2,1.0,cv,0.7258317683675537,5,0.672239572040208,1000,25,185.162,689,7.711356597650745,1.0,0.04874256473867815,0.049485393846016495,formula,Formula,1.0,,101001,1.0,,0.05199964522848637,0.6671952263430212,0.05673398134451128,1.0508079493171958,1.0,0.045906052664123176,0,0.8889287018682808
voronoi_K64_d100,64 signed Voronoi tents,Hard,voronoi,64,41345,0.8,100,1000,2000,101001,l2,1.0,cv,0.7258317683675537,5,0.672239572040208,1000,25,185.162,689,7.711356597650745,1.0,0.04874256473867815,0.049485393846016495,orthogonal,Orthogonal MLP,1.0,200.0,100801,0.9980198215859248,3.0,0.10089779812040742,0.007723863396561919,0.5113549548392707,2.0389409940713152,0.9999990265532218,0.20087307172009786,1001,92.80145927402191
voronoi_K64_d100,64 signed Voronoi tents,Hard,voronoi,64,41345,0.8,100,1000,2000,101001,l2,1.0,cv,0.7258317683675537,5,0.672239572040208,1000,25,185.162,689,7.711356597650745,1.0,0.04874256473867815,0.049485393846016495,spectral,Spectral MLP,1.0,200.0,100801,0.9980198215859248,3.0,0.1029133644913862,0.13997840801123942,0.22215987156606118,2.0796715251296436,0.9999989344479586,0.1938216178848399,1001,13.381299179978669
voronoi_K64_d100,64 signed Voronoi tents,Hard,voronoi,64,41345,0.8,100,1000,2000,101001,l2,1.0,cv,0.7258317683675537,5,0.672239572040208,1000,25,185.162,689,7.711356597650745,1.0,0.04874256473867815,0.049485393846016495,unconstrained,ReLU MLP,1.0,200.0,100801,0.9980198215859248,3.0,0.2527657522727899,8.213567583277782e-15,0.6268724707237916,5.107886037227876,11.121498276326918,0.369138835585844,1001,10.487765599042177
