sigma,run,beta,val_mse,L_used
0.0,0,5.8336262043212595e-08,2.1677883747919598e-07,3.149955079467165
0.0,0,1.0611318146490632e-07,2.167791530711945e-07,3.149955079467165
0.0,0,1.9301900543890291e-07,2.167791530711945e-07,3.149955079467165
0.0,0,3.510999853768839e-07,2.167791530711945e-07,3.149955079467165
0.0,0,6.386479893590987e-07,2.167791530711945e-07,3.149955079467165
0.0,0,1.1616954465964857e-06,2.167791530711945e-07,3.149955079467165
0.0,0,2.1131144748413074e-06,2.167791530711945e-07,3.149955079467165
0.0,0,3.843737871975032e-06,2.167791530711945e-07,3.149955079467165
0.0,0,6.991727615497352e-06,2.167791530711945e-07,3.149955079467165
0.0,0,1.2717895100424718e-05,2.1677319158026766e-07,3.149955079467165
0.0,0,2.3133746719036255e-05,3.6221414189103165e-07,3.614242372759496
0.0,0,4.208009525433572e-05,2.4645612792311353e-07,3.2573171817248765
0.0,0,7.654334760900903e-05,3.8432603539883856e-07,3.6793868531607155
0.0,0,0.00013923172055058312,5.5060891839103e-07,4.13085106714254
0.0,0,0.0002532613559900542,2.314787564995399e-06,13.014283142234383
0.0,0,0.0004606803261805438,1.1917195853003242e-06,5.881297308902976
0.0,0,0.0008379737291548981,2.890750595941122e-06,15.959129638420587
0.0,0,0.0015242673299631412,3.8091065406116362e-06,12.703170359282879
0.0,0,0.002772629752410165,7.607563690572096e-06,20.359746916662264
0.0,0,0.0050433907444148475,1.186244901499876e-05,44.693241916225396
0.0,0,0.009173886336153904,1.5607066952687855e-05,114.23102796499305
0.0,0,0.016687223888387358,2.0764365769815586e-05,69.56742557878923
0.0,0,0.030353923179073344,4.8093916551679986e-05,45.88421445450516
0.0,0,0.05521353692643025,0.00013949729874288943,28.913568159879944
0.0,0,0.10043297012848748,0.00074309021041401,58.00152649597089
0.0,0,0.18268674767693102,0.004782909071300909,50.30349189974265
0.0,0,0.33230569338014676,0.02496628674888271,145.29162773482483
0.0,0,0.6044613265990307,0.09573877476883581,274.6406572501689
0.0,0,1.0995101878555102,0.32009836208790887,55.485356652121624
0.0,0,2.0,0.5023968206829789,0.0
0.0,1,1.769605728618727e-07,1.9415552936459116e-07,3.1499916117526694
0.0,1,3.0980520107194513e-07,1.9415552936459116e-07,3.1499916117526694
0.0,1,5.423765365302315e-07,1.9415552936459116e-07,3.1499916117526694
0.0,1,9.49539602178e-07,1.941561799354159e-07,3.1499916117526694
0.0,1,1.6623607316650557e-06,1.941561799354159e-07,3.1499916117526694
0.0,1,2.9102979968853805e-06,1.9415998825028105e-07,3.1499916117526694
0.0,1,5.095064067226557e-06,1.941594051974076e-07,3.1499916117526694
0.0,1,8.919938053397072e-06,1.94163097761814e-07,3.1499916117526694
0.0,1,1.5616151990754412e-05,2.9005991588479495e-07,3.588324467491738
0.0,1,2.7339226072928807e-05,2.900585831123487e-07,3.588324467491738
0.0,1,4.786283347582867e-05,3.4803283552980655e-07,3.8260988417987654
0.0,1,8.379355078391562e-05,3.227633770834338e-07,3.7144620160919515
0.0,1,0.000146697523800435,3.6337210279917517e-07,3.8862775811344883
0.0,1,0.0002568236253011261,7.395963185329889e-07,5.60945475453094
0.0,1,0.0004496215941759315,2.4140156979418767e-06,26.672495885583537
0.0,1,0.0007871533536382146,2.8350864197459884e-06,52.55489062052499
0.0,1,0.0013780708270462723,3.897842435066931e-06,49.108469419189205
0.0,1,0.0024125911368839026,5.988511293709407e-06,37.241478041291366
0.0,1,0.0042237277500797935,7.104356738124069e-06,22.900543722489875
0.0,1,0.007394487956975623,9.346852544447461e-06,103.92142283016486
0.0,1,0.012945543695335111,1.7334820946320073e-05,116.53111426370526
0.0,1,0.022663787207839986,4.23531764587314e-05,154.45579795363403
0.0,1,0.03967753403724114,8.384897968233125e-05,95.63701991947735
0.0,1,0.06946353197014811,0.00038207411458313285,50.74521638096989
0.0,1,0.12160993345097768,0.0016206026591305388,32.22169045866708
0.0,1,0.21290273463645312,0.008287402705853979,71.22505546390411
0.0,1,0.372729209937048,0.03434508899683939,24.21433430381681
0.0,1,0.6525377148279673,0.11553264695035802,48.66132247405661
0.0,1,1.1423989800660428,0.3535206535904807,37.144310222629606
0.0,1,2.0,0.5217092294263592,0.0
0.0,2,3.9709683163913217e-07,2.1852898254006643e-07,3.149999793663481
0.0,2,6.760899436866383e-07,2.1852898254006643e-07,3.149999793663481
0.0,2,1.1510986125661082e-06,2.1852898254006643e-07,3.149999793663481
0.0,2,1.959839853002984e-06,2.1852898254006643e-07,3.149999793663481
0.0,2,3.3367881843382693e-06,2.1852898254006643e-07,3.149999793663481
0.0,2,5.681155717942486e-06,2.185265099758583e-07,3.149999793663481
0.0,2,9.6726338348358e-06,2.1854450225551903e-07,3.149999793663481
0.0,2,1.6468452890197176e-05,2.2532990072835524e-07,3.1751973372144855
0.0,2,2.803889253203057e-05,2.6102547117444017e-07,3.304007808577868
0.0,2,4.7738515552407076e-05,2.6118483958105633e-07,3.304007808577868
0.0,2,8.127874039761048e-05,6.749739226945653e-07,4.700783662906088
0.0,2,0.00013838372568099357,7.330432854100852e-07,4.939899756311814
0.0,2,0.00023560964945656905,6.626978702835444e-07,4.599770416670204
0.0,2,0.00040114476354694446,1.2495312926076499e-06,8.13847064918355
0.0,2,0.0006829818799539301,2.282758992453107e-06,20.626605303065475
0.0,2,0.001162832699649128,2.8730889947101916e-06,19.016398482409507
0.0,2,0.001979818099221738,4.68472255883866e-06,22.3792707796057
0.0,2,0.0033708027880439656,6.416871559853535e-06,33.612210495429885
0.0,2,0.005739068372165853,8.499049402349832e-06,40.112357410830114
0.0,2,0.009771234881263174,1.2498673756608666e-05,27.50274722634756
0.0,2,0.01663632926345195,2.7206407215639803e-05,40.953018235975286
0.0,2,0.028324715834300785,3.993623817762507e-05,37.85627134391209
0.0,2,0.048225153180661465,0.00012739876789962356,69.9353748322305
0.0,2,0.0821072808957156,0.00044474901052259265,37.83406156306971
0.0,2,0.1397943838733386,0.001980267216636719,50.93748742263053
0.0,2,0.2380114107949484,0.00944637074281858,75.60667514886137
0.0,2,0.4052339593264997,0.03982483742945491,87.20306410943644
0.0,2,0.6899440713491911,0.13166150625759432,79.6476990293598
0.0,2,1.1746864018530148,0.3779273076138853,19.562996067378684
0.0,2,2.0,0.5212021048976183,0.0
0.0,3,1.0488465955749143e-06,2.1823402474352632e-07,3.1499982643520945
0.0,3,1.7269297186371834e-06,2.1823402474352632e-07,3.1499982643520945
0.0,3,2.8433960368414012e-06,2.182349030719033e-07,3.1499982643520945
0.0,3,4.681661873712856e-06,3.5373593504363476e-07,3.5516013972030733
0.0,3,7.708373232497092e-06,3.5373266876864944e-07,3.5516013972030733
0.0,3,1.2691864447774548e-05,3.5369956943314255e-07,3.5516013972030733
0.0,3,2.0897200784412588e-05,8.107848581049772e-07,4.624624794998712
0.0,3,3.440731678320327e-05,2.518209174574041e-07,3.2574808205103687
0.0,3,5.6651771710149725e-05,5.072783653723539e-07,3.9244319949433493
0.0,3,9.327734731891878e-05,7.40614993400296e-07,4.444347361662564
0.0,3,0.00015358149022010894,6.644062120405531e-07,4.26008794772706
0.0,3,0.0002528724799343154,3.8067116985163045e-06,37.4957911505653
0.0,3,0.00041635545414025533,2.9876059829533312e-06,14.930743090434357
0.0,3,0.0006855307633213668,2.867285159204081e-06,11.795277446428189
0.0,3,0.001128728884866886,4.911822605296811e-06,32.91921921225752
0.0,3,0.0018584561972977375,6.891623173995543e-06,169.88172927954716
0.0,3,0.003059954860357537,8.4723848164754e-06,54.1661484661708
0.0,3,0.005038226761029028,1.2906385113022282e-05,296.45415611471844
0.0,3,0.008295458610975446,1.643251677040472e-05,74.66773770019789
0.0,3,0.013658502649918752,2.824381549989117e-05,82.91510805322174
0.0,3,0.022488774085499413,4.045056981749761e-05,74.01094535999265
0.0,3,0.037027847988274125,9.12710472569503e-05,46.71046219187274
0.0,3,0.06096648583111445,0.00032714424925487344,68.13035776277633
0.0,3,0.10038153974739607,0.001258018206428263,144.2421425470405
0.0,3,0.16527856878566427,0.004385096169719557,38.567152554863846
0.0,3,0.2721317621604436,0.016313843393824606,54.36012779471427
0.0,3,0.4480659320845451,0.05747322259955979,26.40265307384695
0.0,3,0.7377421801150361,0.16422383913246436,22.26923529039216
0.0,3,1.2146951717324288,0.40437847492602,22.255784761271773
0.0,3,2.0,0.5309708004688765,0.0
0.0,4,4.3923000014878276e-07,2.393993933239775e-07,3.149999024488534
0.0,4,7.452291901161598e-07,2.393993933239775e-07,3.149999024488534
0.0,4,1.2644094110444756e-06,2.393994181466213e-07,3.149999024488534
0.0,4,2.1452878925591258e-06,2.393994181466213e-07,3.149999024488534
0.0,4,3.63984964186484e-06,2.39402281644173e-07,3.149999024488534
0.0,4,6.175630534873987e-06,2.394069397502611e-07,3.149999024488534
0.0,4,1.0478018669949273e-05,2.394069397502611e-07,3.149999024488534
0.0,4,1.7777759635688075e-05,2.431323845033159e-07,3.165532031589923
0.0,4,3.0163024863729344e-05,2.4779959424404167e-07,3.1847354112521464
0.0,4,5.117675610280807e-05,3.73566897234782e-07,3.639162566233303
0.0,4,8.683016299057243e-05,5.041516507701418e-07,4.069951230536144
0.0,4,0.0001473222958841596,4.7648350479578533e-07,3.972644988830284
0.0,4,0.00024995759672749156,7.690622279978543e-07,5.043265547501483
0.0,4,0.00042409602556635974,2.349258568642861e-06,14.248632143291017
0.0,4,0.0007195518010091376,2.607485355158979e-06,13.795625211134096
0.0,4,0.001220843306994112,3.625318622535665e-06,18.858775664227394
0.0,4,0.002071370508894593,5.760604856568835e-06,32.706609964482
0.0,4,0.0035144360955561495,7.242858812623869e-06,33.459517067573145
0.0,4,0.005962844897477721,8.743599968158126e-06,44.00793327620641
0.0,4,0.010116991262505683,1.1273635249298077e-05,25.624493981355887
0.0,4,0.017165214585559925,1.911059418657344e-05,54.956862832171026
0.0,4,0.029123736901927932,3.267268647904198e-05,65.33095841765392
0.0,4,0.0494134254427703,8.46110581969381e-05,115.85481896037237
0.0,4,0.0838383694444989,0.00031781654926551204,115.5897888109538
0.0,4,0.14224620390369402,0.0018057887519380474,74.7349284132613
0.0,4,0.24134513420381168,0.009287039298762283,19.82649553667928
0.0,4,0.4094835025846558,0.03843698421340861,23.65715174434274
0.0,4,0.6947591441698501,0.12759965662969144,17.26745947459503
0.0,4,1.1787783033037629,0.37884012702346587,34.6592567440788
0.0,4,2.0,0.5323373134653707,0.0
0.0,5,3.413994953405106e-08,1.9127183517190296e-07,3.1499941972296477
0.0,5,6.325821215700827e-08,1.9127183517190296e-07,3.1499941972296477
0.0,5,1.1721169655830551e-07,1.9127183517190296e-07,3.1499941972296477
0.0,5,2.1718258138527294e-07,1.9127183517190296e-07,3.1499941972296477
0.0,5,4.024195113813358e-07,1.9127183517190296e-07,3.1499941972296477
0.0,5,7.456466448988171e-07,1.9127183517190296e-07,3.1499941972296477
0.0,5,1.3816152132892068e-06,1.9127183517190296e-07,3.1499941972296477
0.0,5,2.5600069559103465e-06,1.912719011107915e-07,3.1499941972296477
0.0,5,4.743459359214144e-06,1.912719011107915e-07,3.1499941972296477
0.0,5,8.789197482674468e-06,1.9129108827056346e-07,3.1499941972296477
0.0,5,1.628558116333246e-05,1.9129423079220237e-07,3.1499941972296477
0.0,5,3.017569628516141e-05,2.037057967649417e-07,3.200338665388513
0.0,5,5.59128125156803e-05,3.783703251131145e-07,3.7697800467742044
0.0,5,0.0001036013410882225,4.6370376980711844e-07,4.0077013255704985
0.0,5,0.00019196383426908043,8.627346844395852e-07,5.036941934191549
0.0,5,0.00035569147349074357,1.5967653905870592e-06,8.138528862408245
0.0,5,0.0006590638533333063,2.4291590983810395e-06,16.11308399832181
0.0,5,0.0012211851988120535,3.8071529461321176e-06,31.81676965317711
0.0,5,0.0022627447739019717,5.1233846096476095e-06,24.904890481503617
0.0,5,0.004192659652934984,8.629966952648448e-06,20.49712960930356
0.0,5,0.0077686158722337865,1.0951947287830155e-05,35.94030760728424
0.0,5,0.014394536539133333,1.863021178024804e-05,41.81737186947494
0.0,5,0.026671763102230156,3.7795239118816165e-05,61.8918414868178
0.0,5,0.049420343965052516,0.0001246254408898907,110.91688597216611
0.0,5,0.09157138912274938,0.0007445700808788122,36.32042946233383
0.0,5,0.169673430678662,0.004816683924093744,28.530792788578893
0.0,5,0.3143893890227614,0.023560899658123847,41.33757896371471
0.0,5,0.582534858491166,0.09330701398701464,14.824633055302005
0.0,5,1.0793839525314124,0.30120047776949976,20.447406459178676
0.0,5,2.0,0.49314849620544166,0.0
0.0,6,4.157510362645665e-07,2.359407945390089e-07,3.1499987915097236
0.0,6,7.067306307665138e-07,2.359407945390089e-07,3.1499987915097236
0.0,6,1.20136365492014e-06,2.359407945390089e-07,3.1499987915097236
0.0,6,2.04218491251428e-06,2.359407945390089e-07,3.1499987915097236
0.0,6,3.471487754620142e-06,2.359452885772704e-07,3.1499987915097236
0.0,6,5.901143993684904e-06,2.3594648790473083e-07,3.1499987915097236
0.0,6,1.0031290010416265e-05,2.3856714845427814e-07,3.1614957119544034
0.0,6,1.705207996631885e-05,2.3862950064765277e-07,3.1614957119544034
0.0,6,2.898664387888303e-05,3.968702019913094e-07,3.8103231710551486
0.0,6,4.9274078295480365e-05,4.263238223840932e-07,3.9297782516988407
0.0,6,8.376046575153503e-05,4.002027693423031e-07,3.8248374163011616
0.0,6,0.0001423834978879269,4.970893566295748e-07,4.188069387217876
0.0,6,0.0002420361478282462,1.7882631464312842e-06,9.842644893102449
0.0,6,0.0004114345954729072,1.4785106454095863e-06,7.097016980847884
0.0,6,0.0006993931603641203,2.6619234591078975e-06,22.82966038231462
0.0,6,0.001188890769386754,3.2700250518216245e-06,21.65576080332205
0.0,6,0.0020209823910733514,3.995097022469806e-06,11.910215173885643
0.0,6,0.0034354458207588997,6.684323337776275e-06,38.00996781096717
0.0,6,0.005839876705259946,8.261572518578614e-06,79.01498789580205
0.0,6,0.009927142418186643,1.3226481956704518e-05,26.953608371717806
0.0,6,0.01687504061553199,2.4412378746046176e-05,32.50647452713694
0.0,6,0.02868569662646899,5.065571769404515e-05,70.14218120527724
0.0,6,0.048762501358867,0.00013139448747806506,43.629275656800246
0.0,6,0.0828908417228213,0.0004983859319591486,34.711179064742694
0.0,6,0.14090523353081422,0.0023249861776756227,39.63785987456953
0.0,6,0.2395232624463392,0.011416585266165848,63.746234588437375
0.0,6,0.40716296914827926,0.042366678655978235,22.334169056017753
0.0,6,0.6921318695831586,0.12995570121118824,19.077216476232827
0.0,6,1.176547380757067,0.3775903755438176,357.0315088864469
0.0,6,2.0,0.5415866391030009,0.0
0.0,7,1.8404476114231002e-06,1.6798225956828922e-07,3.1499899023293643
0.0,7,2.9721112691416184e-06,1.679821885411461e-07,3.1499899023293643
0.0,7,4.799617952356854e-06,1.679821885411461e-07,3.1499899023293643
0.0,7,7.750831110451448e-06,1.6798405071694142e-07,3.1499899023293643
0.0,7,1.2516701016430279e-05,1.9904545373458752e-07,3.2862833966534093
0.0,7,2.021303291249003e-05,1.9906142600816973e-07,3.2862833966534093
0.0,7,3.264172396425324e-05,1.991049680837074e-07,3.2862833966534093
0.0,7,5.271263090360487e-05,3.914578399787063e-07,3.9633414258149737
0.0,7,8.512483776355123e-05,3.8726517280268607e-07,3.9449137087416237
0.0,7,0.00013746682493465465,4.32919324623126e-07,4.086103966972111
0.0,7,0.00022199311568857246,5.321469049088146e-07,4.400347244963226
0.0,7,0.0003584933560264146,7.729129163974792e-07,5.342620033235624
0.0,7,0.0005789255487335693,1.9010951800184668e-06,11.909814043889519
0.0,7,0.0009348981936272464,3.2686858326370234e-06,50.41884027035193
0.0,7,0.0015097530837246446,3.718315082137551e-06,17.54971434172232
0.0,7,0.002438077631717915,5.553187591219095e-06,25.357711073564406
0.0,7,0.003937215033612325,6.835126143355733e-06,22.29988999591194
0.0,7,0.00635814955981535,9.682914002657186e-06,39.54182488326321
0.0,7,0.010267680449215876,1.4083522132053628e-05,18.499265831002166
0.0,7,0.016581123299382036,2.4148003145666243e-05,76.56410020989267
0.0,7,0.02677660755310183,3.7088617588448624e-05,58.171524895739374
0.0,7,0.043241142298215185,0.0001135277544166619,40.28703371925873
0.0,7,0.06982947274207242,0.0003900726296136467,23.63595763375633
0.0,7,0.1127665691578435,0.0014570463541032986,38.30528350485959
0.0,7,0.18210504276039166,0.005960140366169045,25.313832823795302
0.0,7,0.29407870476528963,0.0204103791485305,24.698686241876743
0.0,7,0.47490329364586115,0.06275573978675048,18.006493457385158
0.0,7,0.7669142126278397,0.16771583825665495,99.45709900689621
0.0,7,1.2384782699973704,0.40474758811675465,12.255599158841456
0.0,7,2.0,0.5254546933262327,0.0
0.0,8,9.995514826943727e-07,2.224524708147623e-07,3.1499987115548516
0.0,8,1.6484993584730268e-06,2.224524708147623e-07,3.1499987115548516
0.0,8,2.7187695500791993e-06,2.224524708147623e-07,3.1499987115548516
0.0,8,4.483900966321674e-06,2.224524708147623e-07,3.1499987115548516
0.0,8,7.395024662974749e-06,2.224524708147623e-07,3.1499987115548516
0.0,8,1.2196163603244402e-05,2.224679755031237e-07,3.1499987115548516
0.0,8,2.0114389527575723e-05,2.3803990799331044e-07,3.195757573091336
0.0,8,3.31734370929084e-05,6.385312805027312e-07,4.0612908071375715
0.0,8,5.471092856427282e-05,4.771869714067429e-07,3.748051597203191
0.0,8,9.023140098451989e-05,8.447481817606135e-07,4.4564631289786405
0.0,8,0.00014881315191104025,7.050227221132615e-07,4.170095357882634
0.0,8,0.000245428464371263,2.162108277833818e-06,10.002171189384677
0.0,8,0.00040477021251216134,1.8686759399302102e-06,7.61580131228191
0.0,8,0.0006675628491457243,2.627819366371531e-06,10.898878333572602
0.0,8,0.001100970732983884,5.034769795496338e-06,55.00124890893268
0.0,8,0.0018157639485753797,6.980760387133751e-06,75.75933312037435
0.0,8,0.0029946288472268755,9.580612321414913e-06,65.46717834512728
0.0,8,0.004938858897203771,1.1653023880093061e-05,47.949275259656304
0.0,8,0.008145359058127336,1.3292071463490537e-05,30.79968325182748
0.0,8,0.013433644403848116,2.133059006297453e-05,46.53435388981933
0.0,8,0.022155291213218728,3.166394432588495e-05,102.87577170901413
0.0,8,0.03653937189240465,6.382165872454594e-05,51.326944524530546
0.0,8,0.060262159745156495,0.00019242367587366825,109.32126699477485
0.0,8,0.09938670833872879,0.0008352027362014139,28.15589790338608
0.0,8,0.16391244250421103,0.003552966061304971,158.58853239965345
0.0,8,0.27033080435793744,0.014167699418937443,32.896300861474664
0.0,8,0.4458401245709703,0.05096743078708386,34.322514167415186
0.0,8,0.7352969527448586,0.15137550788132564,16.196586704840257
0.0,8,1.21268046306095,0.3913938578417795,31.42320319522545
0.0,8,2.0,0.5191306963176568,0.0
0.0,9,1.0852596421528918e-07,3.12707066363649e-07,3.149997059313334
0.0,9,1.9322708834201527e-07,3.12707066363649e-07,3.149997059313334
0.0,9,3.4403479332435143e-07,3.12707066363649e-07,3.149997059313334
0.0,9,6.125431999897969e-07,3.12707066363649e-07,3.149997059313334
0.0,9,1.0906140283898497e-06,3.12707066363649e-07,3.149997059313334
0.0,9,1.9418042008148137e-06,3.12707066363649e-07,3.149997059313334
0.0,9,3.4573217069918532e-06,3.127102959109174e-07,3.149997059313334
0.0,9,6.155653273703575e-06,3.127103840794027e-07,3.149997059313334
0.0,9,1.095994831763188e-05,3.127103863709861e-07,3.149997059313334
0.0,9,1.9513845530953837e-05,3.214255710221113e-07,3.1761259908131128
0.0,9,3.474379224884926e-05,3.83621255328621e-07,3.347605483527695
0.0,9,6.186023651342257e-05,4.6941555801075256e-07,3.5544995092622784
0.0,9,0.00011014021826081235,7.924691122165648e-07,4.345886856797792
0.0,9,0.00019610121723196452,8.582764896847675e-07,4.498592387599835
0.0,9,0.0003491520900094365,2.60529621377921e-06,20.759587135826752
0.0,9,0.0006216543868453193,2.2555256875975677e-06,9.797482737940845
0.0,9,0.0011068362119029138,3.8822339917270304e-06,35.54872413544757
0.0,9,0.0019706872916902926,5.474790102927178e-06,29.212628689961473
0.0,9,0.0035087471478302806,7.779929124309538e-06,17.48974602193106
0.0,9,0.006247214664305014,1.0835795392515266e-05,38.324747806487544
0.0,9,0.011122970512720282,1.5150206070699637e-05,29.218339694985186
0.0,9,0.019804101455605815,2.8558418454459387e-05,28.37939212026434
0.0,9,0.03526058385351321,8.557616017630551e-05,146.01779962807242
0.0,9,0.06278036781813705,0.0002668889295179589,83.15332541872662
0.0,9,0.11177848329893372,0.0011183848203593222,104.82363325551582
0.0,9,0.19901809694400047,0.006758622352729487,93.82471564191032
0.0,9,0.354345503197478,0.032408908883763424,53.592038544366204
0.0,9,0.6309010967560607,0.11274662673910014,20.197242731266513
0.0,9,1.1232996899813155,0.3514623689942418,34.05859856239259
0.0,9,2.0,0.5273655343783141,0.0
0.05,0,4.2060295513124386e-07,0.004289672654818608,88396.01285695778
0.05,0,7.146923543156942e-07,0.004290820225899618,40108.88198980752
0.05,0,1.214411727463792e-06,0.004290820225899618,40108.88198980752
0.05,0,2.063539416499962e-06,0.004290820225899618,40108.88198980752
0.05,0,3.506384883438118e-06,0.004327984543382155,24686.751473040327
0.05,0,5.958080980908438e-06,0.004335197031141819,15008.332478734414
0.05,0,1.0124025215467865e-05,0.004317798918037325,7657.177311245399
0.05,0,1.72028354250065e-05,0.004301488056474973,5105.467613701474
0.05,0,2.9231213905681964e-05,0.004293952809110444,3555.4709724603736
0.05,0,4.966994366275583e-05,0.00423781064468767,2694.7494530635367
0.05,0,8.439961855233738e-05,0.004250870235634433,1863.1245287299355
0.05,0,0.00014341259696497974,0.004151810356111338,1093.2275279814273
0.05,0,0.00024368798486317482,0.004174816881229973,1297.2715234946972
0.05,0,0.0004140768330216909,0.0040346666367382,602.6146901281744
0.05,0,0.0007036031084648828,0.003751805384142445,875.2166715253259
0.05,0,0.001195568780385048,0.0035901468141708998,1082.0435356983182
0.05,0,0.002031521310003893,0.003326006522530621,672.8329702603316
0.05,0,0.003451979426621323,0.0027495612996358137,575.9876956526269
0.05,0,0.005865634735475181,0.0025489571836647905,271.54432441714806
0.05,0,0.009966939717160521,0.002424541936803468,64.41228761717804
0.05,0,0.01693591432223132,0.002393888258973596,394.9576469530506
0.05,0,0.02877765914808539,0.002358430622651227,146.3857731737721
0.05,0,0.04889925930696799,0.0024584423127276597,36.47455638053001
0.05,0,0.08309006470837922,0.003043756678205967,27.11440284963623
0.05,0,0.1411873912016261,0.005332724251627671,29.718225885507042
0.05,0,0.23990689505758453,0.014011895999183151,94.84541232004713
0.05,0,0.40765197094673633,0.04597325016239196,38.52439667828976
0.05,0,0.6926859245828293,0.13359926449666223,15.709259254116882
0.05,0,1.1770182025634348,0.36116632188703307,11.586900736878905
0.05,0,2.0,0.5081928113000622,0.0
0.05,1,2.3566973283983835e-07,0.00544158528106427,80169.65113243143
0.05,1,4.085313621803608e-07,0.00544158528106427,80169.65113243143
0.05,1,7.081854418631062e-07,0.00544158528106427,80169.65113243143
0.05,1,1.227633093797644e-06,0.00544158528106427,80169.65113243143
0.05,1,2.128090926329011e-06,0.00544158528106427,80169.65113243143
0.05,1,3.6890264799837366e-06,0.00538832580483328,14823.248401869709
0.05,1,6.394894222633986e-06,0.005403752584130261,11635.202057985276
0.05,1,1.1085491616980159e-05,0.005403914555196441,11635.202057985276
0.05,1,1.9216600011175934e-05,0.005386840034255499,4958.367692641954
0.05,1,3.331180327843002e-05,0.005384962143587652,4286.494899779456
0.05,1,5.774571136493734e-05,0.005354944207665779,2434.4006275265983
0.05,1,0.00010010167126562763,0.005299866531992245,1588.7559293227303
0.05,1,0.000173525346788888,0.005194372015322812,989.5465047858853
0.05,1,0.00030080462790977555,0.004984321927426014,1127.247246441865
0.05,1,0.0005214421169376566,0.0046126609819697,623.0744466802031
0.05,1,0.000903915219675342,0.00420329141697132,484.3817075240406
0.05,1,0.0015669289031718357,0.003819958967228326,1132.1444924036925
0.05,1,0.0027162571601318398,0.0034522471710275605,345.26023891846177
0.05,1,0.004708607356104388,0.003011813152344247,594.9849810018346
0.05,1,0.008162328500915651,0.002869162777085393,167.91393728032057
0.05,1,0.014149323041448142,0.002758499576202424,94.34548162452145
0.05,1,0.024527724228300355,0.002779892084077361,169.16431109616283
0.05,1,0.04251858933867265,0.002784695422309783,105.70668379787911
0.05,1,0.07370559219125568,0.0030866586788784443,407.17947439696866
0.05,1,0.12776798112919904,0.004419273775720445,48.80323312977881
0.05,1,0.22148464609674576,0.010878578758519886,23.46658614777399
0.05,1,0.3839416418969312,0.038135778496051105,21.58287545739968
0.05,1,0.6655593829204817,0.12631174308287385,26.126843360622615
0.05,1,1.1537412040145596,0.3646567397747432,28.56819973441404
0.05,1,2.0,0.5129667442529385,0.0
0.05,2,1.2428817013354636e-06,0.0051837265009393,26618.495958116488
0.05,2,2.0344662545293655e-06,0.005193373068802968,16501.528891127145
0.05,2,3.330206677249639e-06,0.0051965842290639655,16501.528891127145
0.05,2,5.451197083513967e-06,0.0051965842290639655,16501.528891127145
0.05,2,8.923034671185257e-06,0.005197900527976377,11443.279581739465
0.05,2,1.4606066616811641e-05,0.005199489348014701,8701.838788332201
0.05,2,2.390859050493875e-05,0.005202449476730892,5501.310767097281
0.05,2,3.913584094398902e-05,0.005174023703375727,3843.9149725543816
0.05,2,6.406124384776354e-05,0.005131266755670265,2506.5153995124897
0.05,2,0.00010486149944231469,0.0049876547154779636,1246.5102218624277
0.05,2,0.00017164721452211492,0.004913543349524494,1160.8478078235946
0.05,2,0.00028096838601291064,0.004621638025233177,596.326788588942
0.05,2,0.00045991561330305757,0.004512560240822825,698.6174145946585
0.05,2,0.000752833350262432,0.004255949352042892,859.5762260920227
0.05,2,0.0012323087907300443,0.0037736810379058916,689.2790775711741
0.05,2,0.0020171595150257036,0.003442557771407575,246.48769640739394
0.05,2,0.0033018773700772015,0.0030393813885872412,249.0926658945928
0.05,2,0.005404824995651874,0.002721389700616658,186.99912370278568
0.05,2,0.008847128454361784,0.0024895609639175435,302.07108175080884
0.05,2,0.014481816145933829,0.0024403265646136983,91.40959239865249
0.05,2,0.023705205589191192,0.002344559198052059,55.30143946386334
0.05,2,0.038802921288542985,0.0023623716525974585,38.4090723574383
0.05,2,0.06351628948585877,0.002391909693351304,70.88588494306481
0.05,2,0.1039694666298897,0.003111642730734431,85.06161982648605
0.05,2,0.17018705089362002,0.005992156986711563,29.410381286595896
0.05,2,0.2785782521610151,0.01635353048595603,49.60575546806718
0.05,2,0.4560032162822752,0.053599691338186026,19.83065838823067
0.05,2,0.7464291689919609,0.1532042615489278,60.87966420188469
0.05,2,1.2218258214589854,0.38839454525983313,18.35754225080305
0.05,2,2.0,0.5227988509869214,0.0
0.05,3,4.5781697988189736e-08,0.004958808634200984,158530.27651960368
0.05,3,8.397535153851811e-08,0.004958808634200984,158530.27651960368
0.05,3,1.5403228748389494e-07,0.004958808634200984,158530.27651960368
0.05,3,2.8253463847232073e-07,0.004958554990899725,57496.12184463094
0.05,3,5.182408392463253e-07,0.004958554990899725,57496.12184463094
0.05,3,9.505863384218186e-07,0.004962596193573047,13042.003179832267
0.05,3,1.743618638987081e-06,0.004962896814068437,13042.003179832267
0.05,3,3.1982428479569433e-06,0.004962896814068437,13042.003179832267
0.05,3,5.866395945646649e-06,0.004956079717354919,6278.985149868449
0.05,3,1.076047161743321e-05,0.004956079717354919,6278.985149868449
0.05,3,1.9737458995673444e-05,0.004952312613993692,6278.985149868449
0.05,3,3.6203551429358026e-05,0.004940388869763938,3126.8564748989024
0.05,3,6.640657930615504e-05,0.004906612266974819,1831.2793758052333
0.05,3,0.00012180666263499923,0.004839193245198895,1079.3813244204382
0.05,3,0.00022342459463051026,0.004764687295500514,937.825862475337
0.05,3,0.0004098178901378464,0.004351794348110242,469.2566371144903
0.05,3,0.0007517108998442422,0.004088221169825588,301.66675269230245
0.05,3,0.0013788301841937006,0.0035709079102816967,6911.902553848261
0.05,3,0.0025291274574275368,0.003164610597079566,1348.2689593565528
0.05,3,0.004639067065139971,0.0028267186472758585,102.77503413869532
0.05,3,0.008509236326411197,0.0026141678455779637,160.04659609231453
0.05,3,0.015608117287808868,0.002449329028307497,68.71580823369496
0.05,3,0.02862928186797027,0.002398169573296444,39.39999036323102
0.05,3,0.0525134303620264,0.0024179611727561134,39.642217219535375
0.05,3,0.09632307164059879,0.003042030020789694,22.20485326981747
0.05,3,0.17668116644288287,0.006659146648024611,63.853951326553165
0.05,3,0.3240784792670637,0.025104246834732277,85.61428052928471
0.05,3,0.5944428760493015,0.09898537273394079,29.756635268105416
0.05,3,1.0903603771683015,0.34219970726067134,54.52690161603611
0.05,3,2.0,0.5322372514303761,0.0
0.05,4,2.1533419403141338e-07,0.005759943792598491,393040.36056546966
0.05,4,3.744432439463679e-07,0.005775416218617,68102.75861392915
0.05,4,6.511169466964704e-07,0.005775416218617,68102.75861392915
0.05,4,1.1322230675259766e-06,0.005775416218617,68102.75861392915
0.05,4,1.96881540427103e-06,0.005775416218617,68102.75861392915
0.05,4,3.4235604336916347e-06,0.005781487124700897,20474.94127721463
0.05,4,5.9532072015042796e-06,0.0057604183535603535,20474.94127721463
0.05,4,1.0351993683320682e-05,0.005716314666735612,9768.246758747957
0.05,4,1.8001015182611606e-05,0.005710324972976524,6877.41301684833
0.05,4,3.130184943280119e-05,0.005670288838786757,4012.4026901710026
0.05,4,5.443058449615766e-05,0.005590132713935662,1999.107830896181
0.05,4,9.464899302367607e-05,0.0055536194124705465,1465.6839701240422
0.05,4,0.00016458452473587293,0.005332913071997445,765.2185358354608
0.05,4,0.00028619497067187174,0.005444768097511532,2113.2315778103707
0.05,4,0.0004976625923325393,0.005093955470176865,401.98663954147116
0.05,4,0.0008653822784716212,0.004703849392965382,1091.8024184885244
0.05,4,0.0015048076737749412,0.00410333563818174,326.12454441991787
0.05,4,0.0026167003778390964,0.003513459830032375,240.8038456133829
0.05,4,0.0045501634439480704,0.00308075784292686,161.51991159135622
0.05,4,0.007912249924364262,0.0029962302430923864,123.71346515044344
0.05,4,0.013758560464211067,0.002813874095230633,109.96808348689011
0.05,4,0.023924672230643883,0.0027919023109678775,32.26626397021418
0.05,4,0.04160245854445675,0.00285399502253995,37.14765264286249
0.05,4,0.07234224737785103,0.003112710048832853,53.66583417067612
0.05,4,0.12579546831555005,0.004692766092974221,48.34151166625439
0.05,4,0.21874493013847815,0.011155176873199826,54.32247116070445
0.05,4,0.38037415100884786,0.038443642877571085,35.19599691078535
0.05,4,0.6614301628115823,0.12005203760248533,17.269203021376818
0.05,4,1.1501566526448321,0.33442259607962027,87.76028906080661
0.05,4,2.0,0.4918918308547608,0.0
0.05,5,8.085510643240924e-07,0.004990171237503036,40998.86918006742
0.05,5,1.3432809357244034e-06,0.004990171237503036,40998.86918006742
0.05,5,2.231650852861126e-06,0.004990171237503036,40998.86918006742
0.05,5,3.707538309095431e-06,0.004990171237503036,40998.86918006742
0.05,5,6.159494123279697e-06,0.004971176968624999,10129.069115143326
0.05,5,1.023303461535197e-05,0.004972793901804734,10129.069115143326
0.05,5,1.700058403225411e-05,0.00498715329091591,7551.78600155826
0.05,5,2.824380726750741e-05,0.004969370647302598,4088.5520212699435
0.05,5,4.6922661448021764e-05,0.00492755518245236,3292.420606598973
0.05,5,7.795465166973507e-05,0.0049087803853479625,2613.6645081358056
0.05,5,0.00012950944233377303,0.004907953415474698,1551.42050332361
0.05,5,0.00021515965108361379,0.004727211762658275,764.8687246486044
0.05,5,0.0003574540560148032,0.004689010548396279,660.0832726717925
0.05,5,0.0005938539197192684,0.00442319247952778,469.41378940793396
0.05,5,0.0009865952617735423,0.003911098129496593,331.4498174024792
0.05,5,0.0016390734795758265,0.003326703919828624,487.67326528111784
0.05,5,0.0027230638292538908,0.003013762273748394,314.99586335896953
0.05,5,0.004523943990668309,0.0026936636558707867,462.1441667699525
0.05,5,0.007515824275155375,0.00248471781848763,142.0374043750517
0.05,5,0.012486364696718972,0.00239220850466344,101.42341493320072
0.05,5,0.020744138983511164,0.0023130173480242207,70.61976040279328
0.05,5,0.03446313739981512,0.002303873048133064,18.429693108653407
0.05,5,0.05725510421920177,0.0023621966493862275,102.79235039938192
0.05,5,0.0951203867808401,0.0029123812721523167,41.21443304123198
0.05,5,0.15802762224825728,0.005262924101763212,19.89891234027897
0.05,5,0.2625381397047489,0.016346915183491982,37.697013690656796
0.05,5,0.4361659931283959,0.05264879472761994,19.37432520256337
0.05,5,0.7246214731910019,0.15344546765722952,31.490529373881788
0.05,5,1.203845067432683,0.4066387717237015,15.044842418392
0.05,5,2.0,0.5578596814429788,0.0
0.05,6,6.340879206145896e-07,0.005570968331708597,48805.175673767735
0.05,6,1.0623039787274385e-06,0.005570968331708597,48805.175673767735
0.05,6,1.77970547385031e-06,0.005570968331708597,48805.175673767735
0.05,6,2.981586849977739e-06,0.005570968331708597,48805.175673767735
0.05,6,4.995129966492356e-06,0.005578814453306828,11648.70654037158
0.05,6,8.368471098648766e-06,0.00557907952805429,8893.346530608513
0.05,6,1.4019917199090728e-05,0.00557719664179766,8893.346530608513
0.05,6,2.3487931780166836e-05,0.005575520891211323,5281.403585078834
0.05,6,3.93499427618268e-05,0.005546220131995166,3656.923090746985
0.05,6,6.592398214756935e-05,0.0054150285049299465,1503.5452707128375
0.05,6,0.00011044416121512271,0.0052787585490923095,1503.5452707128375
0.05,6,0.00018502997466395829,0.005162870496919762,831.6481105456917
0.05,6,0.00030998552705253576,0.005011582607999973,508.08130363364256
0.05,6,0.0005193268126234894,0.0049485854616177095,974.7782510161055
0.05,6,0.0008700417108956328,0.004453263766523306,960.908119896528
0.05,6,0.0014576034980250552,0.0039645591794137845,386.5787400634048
0.05,6,0.0024419610357160632,0.0034474808436487548,232.90958071012895
0.05,6,0.004091080810409091,0.003086568732596583,287.9726479961591
0.05,6,0.006853894043559004,0.0028991798618702193,112.60505904174094
0.05,6,0.011482506881998327,0.002777312775173417,586.6557365196139
0.05,6,0.019236942307131782,0.0027756442342356563,55.566010553235486
0.05,6,0.032228149578388425,0.002785655115938533,83.05960537322052
0.05,6,0.05399265687156084,0.0028926698074298813,36.7423351937316
0.05,6,0.09045530178390965,0.003497576212978507,33.73516768115509
0.05,6,0.1515421187788945,0.006304287386168945,28.56812214822351
0.05,6,0.2538824514549536,0.017814333153384244,146.48084142025044
0.05,6,0.42533587148019775,0.05393528045581796,213.43916195084702
0.05,6,0.7125762435767181,0.14763001292700031,27.910324475945114
0.05,6,1.1937975067629492,0.37909406403547913,13.196421415677408
0.05,6,2.0,0.5373978591755539,0.0
0.05,7,6.42543929174621e-07,0.004215234256008573,40394.63777387541
0.05,7,1.0759789166859246e-06,0.004215234256008585,31574.845516726076
0.05,7,1.8017921835161954e-06,0.004215234256008585,31574.845516726076
0.05,7,3.0172106741452916e-06,0.004194613265647573,15231.103045291316
0.05,7,5.052502910968723e-06,0.004194613265647573,15231.103045291316
0.05,7,8.460723635938652e-06,0.004201769530607085,15231.103045291316
0.05,7,1.4167996675138203e-05,0.004176574120521178,9602.318437200518
0.05,7,2.372517274220806e-05,0.004162034876267762,5781.686960324244
0.05,7,3.972924574688473e-05,0.0041417849850348305,3299.806001700129
0.05,7,6.652904005239545e-05,0.0041486125541306375,3057.225667743846
0.05,7,0.00011140692673835372,0.004078276692561691,1355.4174139446372
0.05,7,0.0001865576794060179,0.004114493586528288,1064.58051515234
0.05,7,0.0003124021886637033,0.003942878533760846,855.2255709827464
0.05,7,0.0005231364787158893,0.0036943752510445894,480.9973248699702
0.05,7,0.0008760238733726168,0.003442993761644282,232.43152724056355
0.05,7,0.001466955293583225,0.003162861774296267,411.56541075535733
0.05,7,0.0024565059227061865,0.002717583064353992,174.06719708906428
0.05,7,0.004113568678395598,0.002548537870141794,559.4052702105395
0.05,7,0.006888421116948072,0.002351666346066096,125.51578101694501
0.05,7,0.011535080411717583,0.0022661253491783485,106.75536644045265
0.05,7,0.019316194211387375,0.0022330295783409763,91.238622731647
0.05,7,0.032346142852460444,0.0022447451528447215,732.2860107755587
0.05,7,0.05416558489637539,0.002242835361038603,77.00125967540166
0.05,7,0.0907035686000898,0.0025774126931088705,87.71440842967081
0.05,7,0.15188864613075992,0.004184056810475476,47.30659784587448
0.05,7,0.2543467823757965,0.011958317397133454,36.537615488658226
0.05,7,0.425919167448683,0.04049126062003422,38.7983915025002
0.05,7,0.7132275686985137,0.12817544915732573,30.44009976634807
0.05,7,1.1943429731015407,0.37102816287487755,17.967326096775047
0.05,7,2.0,0.5138291941192002,0.0
0.05,8,4.2475390982232885e-08,0.004977841750214099,27120.716602949393
0.05,8,7.81123833308519e-08,0.004977841750214099,27120.716602949393
0.05,8,1.4364892914530567e-07,0.004977841750214099,27120.716602949393
0.05,8,2.641708518506175e-07,0.004977841750214099,27120.716602949393
0.05,8,4.858110630040944e-07,0.004977841750214099,27120.716602949393
0.05,8,8.934081382704088e-07,0.004977841750214099,27120.716602949393
0.05,8,1.6429804965579198e-06,0.004977841750214099,27120.716602949393
0.05,8,3.021446521962041e-06,0.004977841750214099,27120.716602949393
0.05,8,5.556450063894415e-06,0.004977841750214099,27120.716602949393
0.05,8,1.0218329892035736e-05,0.004961599865788758,9431.858527962431
0.05,8,1.8791542186431416e-05,0.004934684302269048,6556.730511634751
0.05,8,3.455770771500123e-05,0.004904042814474038,2738.6383242771217
0.05,8,6.355173783329834e-05,0.004897940686973417,1828.0138614860468
0.05,8,0.0001168718543180186,0.004851562468482515,2262.7116879499085
0.05,8,0.00021492772341742954,0.004685126193129763,907.4788932497174
0.05,8,0.00039525278830351536,0.004544457038344014,429.4546225584534
0.05,8,0.0007268711740750449,0.004401090869425537,1010.6806515552308
0.05,8,0.001336718473180054,0.003943824243745807,288.0399428954611
0.05,8,0.002458229656465008,0.0033918906767089335,169.4866505963454
0.05,8,0.004520692400957127,0.0029050815095175066,1038.3629833546952
0.05,8,0.008313568152724946,0.0026891732702857673,150.46910645120363
0.05,8,0.015288679100433654,0.00260528543080006,104.9129716743152
0.05,8,0.028115931010852715,0.002572059824114846,58.53069865201173
0.05,8,0.05170528934606307,0.0026159478216301103,40.63438168691646
0.05,8,0.09508619669496841,0.0031761042815217394,37.31574411888856
0.05,8,0.1748638275941234,0.006576550356113624,56.92348339461887
0.05,8,0.3215751524793639,0.02443085482796448,87.8311317253987
0.05,8,0.5913777601400362,0.0937610163664421,28.338402898476687
0.05,8,1.0875456405503516,0.32446673717185104,19.576471320046185
0.05,8,2.0,0.5137684515408645,0.0
0.05,9,2.240718233181835e-08,0.004738878489051167,3596780.714379413
0.05,9,4.212572059038932e-08,0.004739076630672643,51685.74268437474
0.05,9,7.919676418840224e-08,0.004739076630672643,51685.74268437474
0.05,9,1.4889068649770045e-07,0.004739076630672643,51685.74268437474
0.05,9,2.799159378913477e-07,0.004739076630672643,51685.74268437474
0.05,9,5.262446841280641e-07,0.004739076630672643,51685.74268437474
0.05,9,9.893451214647897e-07,0.004739076630672643,51685.74268437474
0.05,9,1.859978445175102e-06,0.004739076630672643,51685.74268437474
0.05,9,3.4967775566467046e-06,0.00474295687045803,22260.405389664287
0.05,9,6.5739757965404705e-06,0.004733314211396906,9246.427944230954
0.05,9,1.2359138399110473e-05,0.004732558065413755,7822.648285669204
0.05,9,2.323530032598389e-05,0.004738308636110094,4300.794312659993
0.05,9,4.368259046905114e-05,0.004694908696147099,2650.241138543239
0.05,9,8.212369469367009e-05,0.004644469659783799,1690.2008668199676
0.05,9,0.00015439334429851283,0.004665304376709183,1306.3528997491876
0.05,9,0.0002902609880448597,0.0045739513806405145,551.9408653706201
0.05,9,0.0005456934789745978,0.004225284944581357,340.2965424662082
0.05,9,0.0010259090448261612,0.003815883305886315,843.2371477902823
0.05,9,0.0019287189765101044,0.0031961031800942165,207.6085599630637
0.05,9,0.003626010423741349,0.002641570607008931,184.62197422920772
0.05,9,0.006816934842872384,0.002563275575857203,150.55195588645648
0.05,9,0.01281590376787137,0.002451651919343813,60.249828621150385
0.05,9,0.024094023659192304,0.0024229166393390108,40.57359563102402
0.05,9,0.045296998682609335,0.0024088634054563033,56.36750323946676
0.05,9,0.08515879782783851,0.002621404403585121,46.71864419311
0.05,9,0.16009936769313832,0.004751187911363342,481.1517988201783
0.05,9,0.3009883674915334,0.019789525501520754,45.618670224744925
0.05,9,0.5658610566086656,0.08553578474468085,44.081943977472
0.05,9,1.0638242868149463,0.3330873706088653,235.57756498597138
0.05,9,2.0,0.5482501146896237,0.0
0.1,0,1.2656441139569091e-07,0.018693565876269816,537611.6171731274
0.1,0,2.2415233765008607e-07,0.01869356587626979,324645.5849109517
0.1,0,3.9698577127589697e-07,0.01869356587626979,324645.5849109517
0.1,0,7.030830204480714e-07,0.018693565876269833,186386.53497126405
0.1,0,1.2451976101149404e-06,0.018693565876269833,186386.53497126405
0.1,0,2.2053115252987084e-06,0.018843589370519758,186386.53497126405
0.1,0,3.9057245886991295e-06,0.018835566684403088,17808.821953138802
0.1,0,6.9172470137536575e-06,0.018840485109990052,17808.821953138802
0.1,0,1.2250814199170282e-05,0.018835580859314475,14536.23684185901
0.1,0,2.1696846772159674e-05,0.018875388169114656,14536.23684185901
0.1,0,3.842627536433125e-05,0.018564104412924352,5337.267049697789
0.1,0,6.805498761553137e-05,0.01826889856879058,3814.940797944333
0.1,0,0.00012052902071402026,0.01800013198204177,2922.596186697368
0.1,0,0.00021346333815165292,0.018087437594024997,1809.911685892393
0.1,0,0.000378054981820213,0.01651235210250892,911.2810017047698
0.1,0,0.0006695555804413648,0.015498301478313846,1264.8299483557414
0.1,0,0.001185818721768274,0.014132238066291642,1187.7499174181
0.1,0,0.0021001483401410998,0.013026157694824838,675.496395087055
0.1,0,0.003719474966646138,0.011513258955325902,530.0645570926838
0.1,0,0.0065873889777604165,0.010503103033999026,487.4709023659519
0.1,0,0.011666617985991602,0.009826081853628788,123.89747196293757
0.1,0,0.02066220405240704,0.009413570267896534,1411.8541752485517
0.1,0,0.036593867804356674,0.009504625259162118,276.6041318469159
0.1,0,0.06480969588172905,0.00951925605698248,55.3445230393479
0.1,0,0.11478143558747135,0.010139898461734664,36.18679402723427
0.1,0,0.20328405767500332,0.013805250495143624,38.61455988415886
0.1,0,0.3600269319973964,0.031780598691393484,68.81758244282986
0.1,0,0.6376269405773312,0.09891101695570619,39.99236255858142
0.1,0,1.129271393932684,0.3213067711139652,14.500455151975714
0.1,0,2.0,0.49828257290944933,0.0
0.1,1,1.7051377865229266e-07,0.021152767758411174,62373.73419793278
0.1,1,2.9890104094488735e-07,0.021152767758411174,62373.73419793278
0.1,1,5.239566736722244e-07,0.021152767758411174,62373.73419793278
0.1,1,9.184665099118241e-07,0.021152767758411174,62373.73419793278
0.1,1,1.610020011611365e-06,0.021152767758411174,62373.73419793278
0.1,1,2.8222743124710296e-06,0.021152767758411194,53437.74704352269
0.1,1,4.9472877587788094e-06,0.021152843314248066,33756.220782688644
0.1,1,8.672316528556383e-06,0.02112331732555094,19289.33947443131
0.1,1,1.5202081956525841e-05,0.0211315672794038,19289.33947443131
0.1,1,2.6648392624040647e-05,0.02104386881987714,10651.597638843652
0.1,1,4.6713129917062715e-05,0.02100646983125002,5866.3504564788045
0.1,1,8.1885483204709e-05,0.020691655048187343,3883.0967989858786
0.1,1,0.00014354063561087778,0.020298004653420243,4277.248652185235
0.1,1,0.0002516186418545787,0.019865037434918045,1329.7626202278489
0.1,1,0.00044107329370042753,0.018973568366631676,758.2910062746764
0.1,1,0.0007731766175265342,0.017143483274809367,8366.383825608398
0.1,1,0.0013553350212488578,0.015712575637437446,2486.2066503617575
0.1,1,0.002375825882707325,0.01336981406277213,3083.576861120185
0.1,1,0.00416468883076668,0.012414317666062553,806.4853207280717
0.1,1,0.007300464728226636,0.011209314032930207,846.0905589356867
0.1,1,0.012797303091253943,0.010819266613041747,374.39430959518575
0.1,1,0.02243295084711676,0.010723451726243085,359.08829823414993
0.1,1,0.03932369813551449,0.010373908112006487,190.2446258183254
0.1,1,0.06893222588466617,0.010531259775041364,65.28570375612233
0.1,1,0.12083430579290468,0.012016675792220106,57.03137155940823
0.1,1,0.21181572579540284,0.018551081266755004,61.72919183830762
0.1,1,0.371301025812388,0.0455816094641999,45.905283194917544
0.1,1,0.650869765460652,0.12441816625067163,32.889973418799464
0.1,1,1.1409380048544704,0.35233082856487175,65.40956225887777
0.1,1,2.0,0.5274060850862341,0.0
0.1,2,3.6470634179330824e-07,0.016140126047035838,407735.2048043757
0.1,2,6.22767033001108e-07,0.016105117765156905,154265.66546291267
0.1,2,1.063427566095916e-06,0.016105117765156992,92730.19491106636
0.1,2,1.8158928273434668e-06,0.016105117765156992,92730.19491106636
0.1,2,3.1007911262853495e-06,0.016105117765156992,92730.19491106636
0.1,2,5.294864027254277e-06,0.016105117765156975,34920.24070258928
0.1,2,9.041429727224849e-06,0.016220763854844895,20783.464931257353
0.1,2,1.543900864905429e-05,0.01622556599383255,16751.91164183645
0.1,2,2.6363417651506276e-05,0.01605359898773287,10011.763310139406
0.1,2,4.501777323055812e-05,0.015918841860081828,5793.146492388158
0.1,2,7.687166866706179e-05,0.01581890359052857,4487.791894240982
0.1,2,0.0001312648987188758,0.0155605235343982,2575.3032136494053
0.1,2,0.00022414595564854294,0.015573911335727655,2822.871650291202
0.1,2,0.00038274824361993627,0.014857196373497583,2310.480105367316
0.1,2,0.0006535751116734393,0.013967809670674349,666.8068533140034
0.1,2,0.001116034975259384,0.013199500100630921,2460.50098797259
0.1,2,0.0019057244435350372,0.012524699744505137,598.2314196659586
0.1,2,0.003254186235375682,0.011353426342225848,892.5414360969617
0.1,2,0.005556799195409942,0.009969250809473543,194.456831640947
0.1,2,0.009488706258553695,0.009788272417874767,197.43021541051505
0.1,2,0.016202771288818193,0.009498295902441379,147.39392224850948
0.1,2,0.027667607183127923,0.009347783770925034,280.71983440708
0.1,2,0.04724478754866793,0.00910034461940152,109.01948795729605
0.1,2,0.08067448463269762,0.00913063906665558,46.77899192439915
0.1,2,0.13775852974356045,0.010625328934087746,37.629954738163136
0.1,2,0.23523438176902575,0.01930889098057302,44.03501774783807
0.1,2,0.40168267234895133,0.050254836962282966,21.086067181009156
0.1,2,0.6859072557846663,0.13875122218162858,30.06292322416093
0.1,2,1.1712448555145643,0.3701265276569516,45.6399489941099
0.1,2,2.0,0.5255568293893336,0.0
0.1,3,6.013240498869978e-07,0.02032444789938546,100204.82296072593
0.1,3,1.0092585003476425e-06,0.02032444789938546,100204.82296072593
0.1,3,1.6939331142923524e-06,0.020241011879188222,61833.647251337716
0.1,3,2.843086676711477e-06,0.020241011879188222,61833.647251337716
0.1,3,4.771818782627127e-06,0.020241011879188146,34165.42414222015
0.1,3,8.008990608957017e-06,0.020241011879188153,29676.12517258853
0.1,3,1.3442239426168515e-05,0.02009743142782692,23367.923191578782
0.1,3,2.256137004185725e-05,0.020104075768441188,9779.181679583697
0.1,3,3.786686146764313e-05,0.020087730297525006,7600.671286893259
0.1,3,6.355550193757815e-05,0.019973565636163294,5043.317265881696
0.1,3,0.00010667115440737132,0.019943333841261558,2576.0704844699253
0.1,3,0.000179036194124893,0.01985416649564981,1710.0303135393103
0.1,3,0.000300493221291241,0.01916537970232788,1196.4444578752093
0.1,3,0.0005043459311863917,0.017796518059295056,2813.7939569422974
0.1,3,0.0008464910363410015,0.01629064939349528,1219.7911417200025
0.1,3,0.0014207452272294583,0.01550570526088902,533.8369974818688
0.1,3,0.002384569846622857,0.013235589115940258,371.0579053819357
0.1,3,0.004002247021101276,0.012429101457083092,211.0124462423777
0.1,3,0.006717346208415524,0.01185701050555793,218.9784088337724
0.1,3,0.011274351594444626,0.011043122220804806,640.3897522390625
0.1,3,0.018922800750676032,0.010843167750733866,156.82440514495272
0.1,3,0.03175990967198713,0.010744770121678338,92.2561027311211
0.1,3,0.05330563248343379,0.010650094928013942,27.6595517388395
0.1,3,0.08946783803246024,0.01110788111108405,40.773419942150994
0.1,3,0.15016225620604298,0.013217996487690873,49.85902847240576
0.1,3,0.2520313856327707,0.023080889164502145,40.22342499038194
0.1,3,0.4230078912560861,0.05729684110219324,55.924598902262126
0.1,3,0.7099737820972979,0.1509807315400096,20.211746517075223
0.1,3,1.1916155270029827,0.3977231572740231,38.32210783867102
0.1,3,2.0,0.544368140108914,0.0
0.1,4,4.629554362090008e-07,0.019534761521153594,52898.75191347236
0.1,4,7.840598514812154e-07,0.019534761521153594,52898.75191347236
0.1,4,1.3278812659351e-06,0.019532952479194773,41605.87752998685
0.1,4,2.248895480479339e-06,0.019532952479194773,41605.87752998685
0.1,4,3.808722219270757e-06,0.019531156858699925,38803.00019588702
0.1,4,6.450439813447794e-06,0.01947713910656531,28752.56227929255
0.1,4,1.0924444312685808e-05,0.019474889480181667,14880.6974750834
0.1,4,1.850160407545658e-05,0.01953572789971698,13364.445761430918
0.1,4,3.133425770384052e-05,0.019417492976448587,7640.285731018632
0.1,4,5.306759899554599e-05,0.01932490599989099,4471.767869622488
0.1,4,8.987511655037233e-05,0.019255762947020697,3906.0652694256646
0.1,4,0.00015221221098812062,0.019194801176505707,1961.7738419721543
0.1,4,0.00025778611548066054,0.018780488635038575,1145.1969401486801
0.1,4,0.0004365857437009107,0.018158126203837954,3515.1226394419155
0.1,4,0.0007394002242808027,0.016897343389893956,601.5856423114955
0.1,4,0.0012522458636236048,0.016125626651926243,830.434572558496
0.1,4,0.002120799604149027,0.014020190675690372,387.9626004438119
0.1,4,0.0035917794513159614,0.012825752529293223,541.335264826193
0.1,4,0.0060830262329627585,0.011842250044553061,530.9328834408777
0.1,4,0.01030219384359913,0.011077981902829142,310.69271094828605
0.1,4,0.017447762663913107,0.010971074651550757,49.009060966747576
0.1,4,0.029549475247486544,0.011051741179149999,51.12331517400438
0.1,4,0.05004489711496276,0.0107009122404054,129.8877650963478
0.1,4,0.08475587827774483,0.01087591348175497,99.41479774230527
0.1,4,0.14354228536287914,0.011911878238260653,30.39408429233514
0.1,4,0.24310275706987178,0.018285962856650618,34.99068575464154
0.1,4,0.4117180546872937,0.04791519818495331,17.102439683841578
0.1,4,0.6972843854122526,0.13879592486264195,83.2357601812068
0.1,4,1.1809186131247593,0.40022785386283005,34.44813238537499
0.1,4,2.0,0.5632061179091317,0.0
0.1,5,7.936012742515437e-07,0.021983315670370342,65411.638074852985
0.1,5,1.3192929466915963e-06,0.021983315670370342,65411.638074852985
0.1,5,2.1932095318668895e-06,0.021983315670370342,65411.638074852985
0.1,5,3.6460196825385037e-06,0.021944833352192945,56150.832926301104
0.1,5,6.061189928416278e-06,0.021871282630202455,29591.232705426
0.1,5,1.0076199951492432e-05,0.02175747503096396,29557.307293558682
0.1,5,1.675080415917353e-05,0.021131430585594888,19155.57454570948
0.1,5,2.784675188362309e-05,0.021087871097484102,11179.486807539228
0.1,5,4.629279783224021e-05,0.021143680434374378,6398.339327107951
0.1,5,7.695774143041029e-05,0.021009536872528073,3233.314776132426
0.1,5,0.00012793553734929456,0.020737633642727717,2824.33599249497
0.1,5,0.0002126816797456711,0.020152997883468624,1695.1600116571226
0.1,5,0.00035356475484948354,0.019269995236653924,2339.4952920946394
0.1,5,0.0005877705875807567,0.01800310677253647,821.0183535544912
0.1,5,0.000977117370683908,0.016861137441172725,1847.555974492968
0.1,5,0.001624372461408772,0.01461290802374807,549.9650349764761
0.1,5,0.0027003776337906904,0.012902707899677481,931.2044138560997
0.1,5,0.0044891424462791185,0.011778744263243171,565.8982577846308
0.1,5,0.007462808034999043,0.010990227366559248,547.1339869825526
0.1,5,0.01240626788606553,0.010541374643395557,91.06096844665001
0.1,5,0.02062433900738016,0.01032185539379705,100.67106481130428
0.1,5,0.034286165944320976,0.010378977813155634,52.460042546179764
0.1,5,0.05699776243693738,0.010724177453281842,73.27865919259312
0.1,5,0.09475381202124933,0.011232764203532464,55.62237312756653
0.1,5,0.15751995356820994,0.013834228145476609,28.54019209096235
0.1,5,0.2618631930773048,0.021071015691787886,210.7037221397581
0.1,5,0.43532473401186195,0.051765745404066005,28.812450758578944
0.1,5,0.723689426587545,0.13979465804219562,18.034822673267744
0.1,5,1.203070593595858,0.3709715890186257,21.855798549152045
0.1,5,2.0,0.5183732911857427,0.0
0.1,6,6.738573066211729e-07,0.018704029400256936,72145.9860041021
0.1,6,1.1265650881103277e-06,0.018704029400256936,72145.9860041021
0.1,6,1.8834089729066615e-06,0.018706944764576062,72145.9860041021
0.1,6,3.1487123084697698e-06,0.018716919461451834,56886.17993823007
0.1,6,5.264066033522272e-06,0.018589077418645537,15695.766623076403
0.1,6,8.800547173123534e-06,0.018589077418645537,15695.766623076403
0.1,6,1.4712891147862333e-05,0.018575298421783036,15643.164076407584
0.1,6,2.4597239429604224e-05,0.01853444315693038,10426.356136799131
0.1,6,4.112204606673658e-05,0.01816879258881795,7026.490125068792
0.1,6,6.874847389091802e-05,0.017948872902040624,3790.5598704100416
0.1,6,0.00011493476405964558,0.017654224397414618,3267.7455680429025
0.1,6,0.00019214971972187261,0.017123800969959798,1691.811857390806
0.1,6,0.00032123887921354865,0.01693594073400163,1484.3396374280917
0.1,6,0.0005370521365721781,0.01608383678214861,9306.241736022768
0.1,6,0.0008978520847254193,0.015052193972615568,1068.095500459627
0.1,6,0.0015010430294367498,0.013807061001630452,997.1329057677509
0.1,6,0.0025094669985755,0.013310476388065711,536.7998874297388
0.1,6,0.004195365817928997,0.012711895879433364,366.1631710880646
0.1,6,0.007013877590834351,0.011746693551374018,483.3900178351539
0.1,6,0.011725909251816512,0.01108758016230487,1306.5830688578972
0.1,6,0.019603556805940715,0.010966793963493654,326.5311346531264
0.1,6,0.032773530068400544,0.01078829238012503,39.950273763112506
0.1,6,0.05479129546628278,0.010903902229339759,98.44280456675769
0.1,6,0.09160093687216302,0.011196967127891653,74.33561810219955
0.1,6,0.15313986582086647,0.013281240856935397,48.73400842010995
0.1,6,0.2560216009183619,0.02440837683660292,102.23607955079305
0.1,6,0.4280208800331187,0.059590590748188725,70.02306662158547
0.1,6,0.7155719403642962,0.15049184717903968,95.17075262396916
0.1,6,1.1963042592620783,0.37973865552668634,36.26051630311786
0.1,6,2.0,0.5299630003150599,0.0
0.1,7,1.325740757174287e-06,0.02066986809395466,190829.10419881594
0.1,7,2.16527366456398e-06,0.020708190308882005,103348.01201893091
0.1,7,3.5364455811461265e-06,0.020708190308882005,103348.01201893091
0.1,7,5.775919946325298e-06,0.02046826565263425,23850.91263405637
0.1,7,9.43355424560114e-06,0.020554869440992975,21761.525317282132
0.1,7,1.5407406358067153e-05,0.020527770475965844,13295.375215749333
0.1,7,2.5164234444647593e-05,0.020344543918209248,6778.480177567413
0.1,7,4.109962965010217e-05,0.02031006277466497,6778.480177567413
0.1,7,6.712620489572828e-05,0.02026396670137232,5920.672893794337
0.1,7,0.0001096342575849,0.020008068571936564,3146.552203495185
0.1,7,0.00017906077745439623,0.01988086248956753,1543.9107883118181
0.1,7,0.000292452037610084,0.019389116830392985,1405.861509340289
0.1,7,0.0004776489609740055,0.01857636118988084,1136.797244871398
0.1,7,0.0007801228939417732,0.017397945832778837,2501.3525488514133
0.1,7,0.0012741401727558825,0.015462320435753072,720.4371678204927
0.1,7,0.0020809967153092674,0.013709861640489693,1000.761902580491
0.1,7,0.003398799772368269,0.012371722591321847,1866.4122684474883
0.1,7,0.005551109142877152,0.012076273557474568,981.6360748086607
0.1,7,0.009066380716703027,0.011623135270678422,160.28313243615287
0.1,7,0.014807718094622157,0.011162791256588174,128.07975304784455
0.1,7,0.02418479016283104,0.010797858116927178,113.80239469598305
0.1,7,0.03949994668203426,0.011005912308033543,124.04661364296015
0.1,7,0.06451351355040696,0.010934871241916735,30.02205391844653
0.1,7,0.10536706452091339,0.011473597382258602,630.7159233046614
0.1,7,0.1720913600075386,0.014030187379039263,1060.2844808397351
0.1,7,0.2810691967542306,0.024057633291163675,20.270112683788696
0.1,7,0.4590578711250101,0.06006531712534775,54.825328791500006
0.1,7,0.7497588902496997,0.16069230778885626,27.948066499754063
0.1,7,1.22454799028025,0.40557984378427264,13.777887810504748
0.1,7,2.0,0.5467208045223694,0.0
0.1,8,7.307963900693445e-08,0.0190128855967195,924112.9775178038
0.1,8,1.319024081336781e-07,0.0190128855967195,924112.9775178038
0.1,8,2.3807240303708246e-07,0.0190128855967195,924112.9775178038
0.1,8,4.297000326969728e-07,0.019012885596719355,100762.18622762486
0.1,8,7.75571278923159e-07,0.019012885596719355,100762.18622762486
0.1,8,1.3998388711194113e-06,0.019080425033890302,58627.20533163817
0.1,8,2.526587714565188e-06,0.019080425033890302,58627.20533163817
0.1,8,4.560271622038137e-06,0.018987764391162086,26068.43288452557
0.1,8,8.23089463582911e-06,0.019038360315818747,26068.43288452557
0.1,8,1.4856050718277558e-05,0.01912130199008763,26068.43288452557
0.1,8,2.6813882659038977e-05,0.019319459017011306,13247.027093175626
0.1,8,4.839673186953622e-05,0.018973776933831364,3791.412620004921
0.1,8,8.735190220063916e-05,0.018578583840608155,2996.7558688776444
0.1,8,0.00015766260495934494,0.018111313998937048,1499.8819069697802
0.1,8,0.0002845673233934971,0.01829676607460741,2857.6483354754428
0.1,8,0.0005136193301145857,0.017041074631702725,1575.453240475387
0.1,8,0.0009270383300565007,0.014525719487931752,3488.180062666172
0.1,8,0.0016732237573734193,0.012461864325457683,1321.4137191783539
0.1,8,0.0030200237158135514,0.01155647650557772,888.4106152903197
0.1,8,0.005450880794564771,0.010176917260014707,413.5701205754064
0.1,8,0.009838366924397181,0.009742665168378163,324.2080022186079
0.1,8,0.017757398737390843,0.009659571321319213,923.8589140462673
0.1,8,0.03205056411717537,0.009485676567000436,127.95297247003518
0.1,8,0.05784848757527575,0.009407798675475532,47.76433904366548
0.1,8,0.1044115012301305,0.010165623583650687,180.26115521236807
0.1,8,0.1884537011437602,0.014138997612034427,76.89508016903103
0.1,8,0.34014258061958624,0.03351211066563001,29.020807733553024
0.1,8,0.6139278477863012,0.1081954730890021,23.27120642517266
0.1,8,1.108086501845681,0.36341774293051443,17.898550556575984
0.1,8,2.0,0.5512440072461549,0.0
0.1,9,6.628052939827707e-07,0.0193085582661183,189049.89421933258
0.1,9,1.1087202240164684e-06,0.0193085582661183,189049.89421933258
0.1,9,1.8546329462104139e-06,0.01928892956968805,93958.33445753863
0.1,9,3.102372709238174e-06,0.019316300707881897,93958.33445753863
0.1,9,5.1895532464750324e-06,0.019319491652170163,32166.815069197353
0.1,9,8.680924383393269e-06,0.01932450748700852,13618.074767444567
0.1,9,1.4521182184878563e-05,0.01932137029677685,12674.466213003345
0.1,9,2.4290585049884982e-05,0.01927820215306224,8959.359413898019
0.1,9,4.063254041947894e-05,0.019330755528903797,8959.359413898019
0.1,9,6.796885861538377e-05,0.019175227930571765,5434.7130693765375
0.1,9,0.00011369620736938602,0.01881480957122351,2252.40312087335
0.1,9,0.00019018750400579188,0.018353287245536285,1965.1007631367936
0.1,9,0.0003181397824681767,0.017738354229103588,1126.7734647135512
0.1,9,0.00053217440187772,0.0168856658951027,1376.0677296807419
0.1,9,0.0008902049024385626,0.016067900270356983,610.7640931799915
0.1,9,0.0014891072654556947,0.014635168450962717,1623.8267636767898
0.1,9,0.002490932640292858,0.012623603696239256,554.373455793777
0.1,9,0.004166755184407475,0.011372172030699663,267.11774844679934
0.1,9,0.006970019375853261,0.01089347993891388,220.51345516740636
0.1,9,0.011659233132190451,0.011047922853912784,359.6534621658074
0.1,9,0.01950320507023357,0.010838051774704207,214.47872977725697
0.1,9,0.032624359055090084,0.010854264505228674,149.15520833009742
0.1,9,0.054573020173996116,0.010771150022775813,110.99795810231811
0.1,9,0.09128806257564541,0.010963140598918533,36.65627457963739
0.1,9,0.1527038515047373,0.0126565622700256,58.05735955628194
0.1,9,0.2554382863045009,0.021279700268108846,260.251183513783
0.1,9,0.42728927572698433,0.05322604425590363,30.382746649978042
0.1,9,0.7147563029515743,0.15091700794369795,32.499028306595704
0.1,9,1.1956222672329027,0.3979168586401308,50.91551347534461
0.1,9,2.0,0.5459141501072012,0.0
0.2,0,5.736970787317838e-08,0.08530523254869168,251297.4334400796
0.2,0,1.0441516565110962e-07,0.08530523254869168,251297.4334400796
0.2,0,1.9003978270291797e-07,0.08530523254869168,251297.4334400796
0.2,0,3.4588001450331865e-07,0.08530523254869168,251297.4334400796
0.2,0,6.295154768716698e-07,0.08530523254869168,251297.4334400796
0.2,0,1.1457433763267162e-06,0.08530523254869168,251297.4334400796
0.2,0,2.0852988252489778e-06,0.08490806132121573,158935.02670616747
0.2,0,3.795327365998898e-06,0.0849080613212159,63644.582059602355
0.2,0,6.907647786825147e-06,0.08488490933020401,44704.39882424679
0.2,0,1.2572195582994684e-05,0.0847613543805474,37280.80053310802
0.2,0,2.2881899404097765e-05,0.08444047960392918,22085.620628198092
0.2,0,4.164597320196408e-05,0.08305797413167014,9681.17034919843
0.2,0,7.579733890570789e-05,0.08276032323303545,9417.462349039912
0.2,0,0.00013795419204937166,0.08137845390427492,4732.8529571815425
0.2,0,0.0002510821537899897,0.07890679467447616,3814.3734850461447
0.2,0,0.00045697957427243824,0.0740400530719513,2191.8899863484685
0.2,0,0.0008317211245403323,0.06899922822624478,2625.879348598527
0.2,0,0.0015137657522395678,0.06380201469905304,2631.8145268290264
0.2,0,0.002755114286558324,0.053983883454166916,1570.2939662104611
0.2,0,0.005014418327781331,0.045634421666702174,1322.2999155532266
0.2,0,0.009126442154746176,0.04510860452668911,601.1910761464026
0.2,0,0.016610490182373993,0.04274624316532776,746.8370721648931
0.2,0,0.030231757285094675,0.04229365354309091,136.5651295895521
0.2,0,0.055023008864284496,0.04158492892280436,126.21936009275399
0.2,0,0.10014407948332547,0.04266671992259674,92.00471043942179
0.2,0,0.1822662348454804,0.046986818660861136,82.19938147189292
0.2,0,0.3317318461175659,0.06905040518628233,25.96459779976258
0.2,0,0.603765243858042,0.14914491267725682,42.250023435652956
0.2,0,1.098876921095387,0.4089287985184808,11.920509132442472
0.2,0,2.0,0.6137299553788159,0.0
0.2,1,1.2948206817853242e-07,0.08700645709976451,126446.87049870011
0.2,1,2.2913951269772298e-07,0.08700645709976451,126446.87049870011
0.2,1,4.0549951833450196e-07,0.08700645709976451,126446.87049870011
0.2,1,7.175971417309676e-07,0.08700645709976451,126446.87049870011
0.2,1,1.2699044870274542e-06,0.08700645709976451,126446.87049870011
0.2,1,2.247301880665873e-06,0.08692537265359616,70125.63557592095
0.2,1,3.976965035115421e-06,0.08692537265359616,70125.63557592095
0.2,1,7.0378844189122875e-06,0.08692537265359615,34704.60107925985
0.2,1,1.2454677538428702e-05,0.08693983101267605,32337.217547133052
0.2,1,2.2040571193440253e-05,0.08659762491700806,24379.4872731035
0.2,1,3.900436418640476e-05,0.08690549802712731,14091.552742499676
0.2,1,6.902454624399574e-05,0.08648885724426741,8956.135301037775
0.2,1,0.0001221501255967187,0.08502659201773366,4959.699483045431
0.2,1,0.00021616445156409967,0.08305539755537045,3890.8543461117997
0.2,1,0.00038253804399905703,0.07935268794227816,2294.832371120692
0.2,1,0.0006769630901278495,0.07695415905195226,2414.6400803000784
0.2,1,0.0011979959446767486,0.07078850860616859,1153.223133006023
0.2,1,0.0021200480563731893,0.060244673809643476,2795.897713763118
0.2,1,0.0037517687612410996,0.053542208717816946,2563.086305529792
0.2,1,0.006639363100996994,0.04797950945225888,995.0630988125286
0.2,1,0.01174942945372206,0.044456574085901666,553.6151454292743
0.2,1,0.020792520364982178,0.04415463977332626,193.0688028842043
0.2,1,0.03679573589773276,0.04373945105591894,94.70125238802851
0.2,1,0.06511602040010107,0.04306182065187223,93.23842516358673
0.2,1,0.11523335542278532,0.0434566935540534,43.76490297189863
0.2,1,0.20392410531853356,0.04659698970477719,21.613019725530705
0.2,1,0.3608767667780816,0.06855468116074363,46.56423768784824
0.2,1,0.6386299481210281,0.13979754066483566,24.405558290915252
0.2,1,1.1301592349054421,0.38813286247100387,23.816200743044867
0.2,1,2.0,0.5700854472956931,0.0
0.2,2,2.351158281399534e-07,0.09168160388496953,1822902.756166777
0.2,2,4.0760424572562826e-07,0.09143683201186852,96238.92549345939
0.2,2,7.066356291192027e-07,0.09143683201186852,96238.92549345939
0.2,2,1.2250459056229005e-06,0.09143683201186852,96238.92549345939
0.2,2,2.1237783788995333e-06,0.0914064102296985,44903.63099877791
0.2,2,3.6818494572149962e-06,0.0914064102296985,44903.63099877791
0.2,2,6.382970822322153e-06,0.09144087703970817,44903.63099877791
0.2,2,1.1065720364741369e-05,0.09146624330571453,37928.35618682982
0.2,2,1.9183883273040553e-05,0.09072870026590497,20290.668961083004
0.2,2,3.325778759115124e-05,0.08976279998847252,16180.661894754901
0.2,2,5.765675383422125e-05,0.088625816401445,11223.481777148283
0.2,2,9.995557442264948e-05,0.08825070977253241,9693.297351396433
0.2,2,0.00017328614938830924,0.08416616531396748,4594.314660556498
0.2,2,0.0003004143565105975,0.0809545575358024,3077.225807689018
0.2,2,0.0005208078424977974,0.07482301549277479,2417.0528292703857
0.2,2,0.0009028889696143474,0.07069743820356945,4063.586242098409
0.2,2,0.0015652769120017727,0.06538388230061903,3080.560006377958
0.2,2,0.0027136136265927774,0.05701874180868593,6539.282874861677
0.2,2,0.00470440652255763,0.049104067220817206,1051.5023004134755
0.2,2,0.008155708134938535,0.046285514731653314,1467.1720932211442
0.2,2,0.014138993912061045,0.04354404739557127,336.38985438073956
0.2,2,0.024511807624514253,0.04184873701695036,219.35315059513053
0.2,2,0.04249444598095962,0.041244626685141964,82.38821478002237
0.2,2,0.07366971734156141,0.04103872002317992,85.53735982966985
0.2,2,0.12771615508571002,0.04254976668663748,74.04498197070589
0.2,2,0.22141277119675976,0.04804274647041582,62.30456556701891
0.2,2,0.38384819223636235,0.07675472278709354,33.945941438237185
0.2,2,0.6654513824416629,0.16643286283218722,27.186417281634625
0.2,2,1.1536475912874469,0.41880129393754395,61.62864915454059
0.2,2,2.0,0.5832650291835406,0.0
0.2,3,1.4014352458513457e-06,0.0812648870650741,115304.65602864196
0.2,3,2.284523813956043e-06,0.08118370210875553,73530.94029661322
0.2,3,3.7240743530478215e-06,0.08118370210875553,73530.94029661322
0.2,3,6.070731109172573e-06,0.08116262577773092,36715.295298456556
0.2,3,9.89609033173954e-06,0.08114516953234982,36198.952857975804
0.2,3,1.6131929102571763e-05,0.08147270041027076,33372.48446915507
0.2,3,2.6297166643249136e-05,0.08129204210741658,19404.466169543597
0.2,3,4.286784110355224e-05,0.08053670781034679,12708.215522224205
0.2,3,6.98802203982365e-05,0.08014145205320641,7821.046992592296
0.2,3,0.00011391395221210378,0.07932415855254593,6760.613707963895
0.2,3,0.000185694727844747,0.07783454519390794,5633.558950862552
0.2,3,0.00030270683511295733,0.07504054997415462,2314.9903215818395
0.2,3,0.0004934519632712092,0.0692202856692379,1408.4930972320815
0.2,3,0.0008043916152912402,0.06428950275663707,1936.6428692556635
0.2,3,0.0013112641531739593,0.058858770137341504,1345.6775886355479
0.2,3,0.0021375330706007987,0.05540983726037409,2285.0632581794766
0.2,3,0.0034844601042837535,0.04568063971613405,2504.3691207365396
0.2,3,0.005680128361678416,0.04386234331358694,600.1327019949671
0.2,3,0.009259356468303002,0.04315571908151463,438.1111865335273
0.2,3,0.015093969140825987,0.04240140723746405,212.50683565437527
0.2,3,0.024605155358703078,0.04174926765555372,429.4289741396141
0.2,3,0.04010964012033118,0.04104925930345326,254.12366737258915
0.2,3,0.06538398994556381,0.0410605381352839,82.09062797138985
0.2,3,0.106584505080977,0.04079317244372729,121.62474142745782
0.2,3,0.17374676480916695,0.04296249609950749,133.64957166238852
0.2,3,0.2832300835728125,0.05286709167609764,67.86024603939131
0.2,3,0.4617022960327947,0.08862221531076649,15.23156538866521
0.2,3,0.752635480923949,0.1867863224896189,35.62358830802979
0.2,3,1.2268948454728703,0.41152780465591265,32.447969007155365
0.2,3,2.0,0.5391367477903354,0.0
0.2,4,3.156049033226081e-07,0.08806069187343507,259516.22249191717
0.2,4,5.416160727092101e-07,0.0880606918734354,241793.63648141013
0.2,4,9.294784939291361e-07,0.08806069187343496,132553.21664027643
0.2,4,1.5950971808412555e-06,0.08806069187343496,132553.21664027643
0.2,4,2.7373791141440944e-06,0.08806069187343496,132553.21664027643
0.2,4,4.697672658790835e-06,0.08771384487244,66377.44516308245
0.2,4,8.061772772037488e-06,0.08771728726360212,40244.83661104526
0.2,4,1.383497424120091e-05,0.08757880028661084,26909.40950914209
0.2,4,2.3742484149217425e-05,0.08744823478782418,20386.957710059796
0.2,4,4.074496589210199e-05,0.08648146064802589,15568.917968533744
0.2,4,6.99232748820545e-05,0.08589052648356273,10185.701792633075
0.2,4,0.00011999677170374308,0.08536505252826763,5748.503688954813
0.2,4,0.0002059289305829658,0.08362863704042262,19119.75676939809
0.2,4,0.0003533988777276507,0.07946259000283608,2257.927724349161
0.2,4,0.0006064750903411622,0.07923103377860262,3101.991714218576
0.2,4,0.0010407843894959321,0.07540540979923044,2822.9713963189506
0.2,4,0.001786111519945638,0.06392891788072864,1736.4093918569047
0.2,4,0.003065182754352779,0.05649741160680139,1075.2627767365707
0.2,4,0.00526022323503498,0.04887239909860359,1297.1268591102553
0.2,4,0.009027177398511887,0.04520393101636916,360.78881179247344
0.2,4,0.0154917249978008,0.04376721283275611,848.3531850668949
0.2,4,0.026585668234131374,0.042120901612877716,362.5393711989632
0.2,4,0.04562421263969241,0.041768266980772024,856.1866561666747
0.2,4,0.07829665068638357,0.042486430074776746,94.3908787677561
0.2,4,0.13436649432438075,0.04420543979959098,67.0142266988917
0.2,4,0.23058910743628536,0.051782326375668306,80.9597408932062
0.2,4,0.39571871496400973,0.08366909058596246,31.161785709812875
0.2,4,0.6791010343627608,0.17424810241144573,17.29142442286029
0.2,4,1.1654192673563983,0.4179598299192475,17.56549746470389
0.2,4,2.0,0.5675578983234526,0.0
0.2,5,5.961994828940221e-07,0.08636289161168215,622666.6688205409
0.2,5,1.0009528231797634e-06,0.08636289161168215,622666.6688205409
0.2,5,1.6804888011109448e-06,0.0863628916116814,143866.29841326794
0.2,5,2.821354358827878e-06,0.08634887112279785,127352.26799054108
0.2,5,4.736741127233224e-06,0.0864477764036583,74607.3397021317
0.2,5,7.952463126873568e-06,0.08641048513032935,74607.3397021317
0.2,5,1.3351303794223535e-05,0.0862081595585601,30364.597830455477
0.2,5,2.2415358633134316e-05,0.08623324125611401,28342.22530087923
0.2,5,3.763290165484919e-05,0.08393944493321304,12355.177658607487
0.2,5,6.31814690160736e-05,0.08295728682171301,6661.6559624137135
0.2,5,0.0001060746807046882,0.08291847897476368,5772.221174156643
0.2,5,0.00017808762698662582,0.08151419069801184,3315.4707634836122
0.2,5,0.00029898937875686484,0.08095675451938822,3036.353369954503
0.2,5,0.000501970013987156,0.07563960673730971,3856.173214615117
0.2,5,0.0008427519933648493,0.07117032672120137,3409.113278811419
0.2,5,0.0014148871496905775,0.0635907533393142,1252.9386671821676
0.2,5,0.0023754386368954592,0.05653509418393213,1194.636593585938
0.2,5,0.003988098074740277,0.0504515043095646,731.6837120369617
0.2,5,0.006695574453791752,0.04669367280780045,796.728675019846
0.2,5,0.011241127080152914,0.04387397895603051,711.5002011281751
0.2,5,0.018872605913684816,0.043027130943134616,471.0222147614898
0.2,5,0.0316850126712033,0.042839250913004764,333.4289346241574
0.2,5,0.053195622934421566,0.0422717096836714,230.09235385413177
0.2,5,0.08930955239771698,0.042670423519896826,103.80629113656609
0.2,5,0.1499408355329057,0.04465566075215891,63.77476520113916
0.2,5,0.2517340369167559,0.05291501510127159,19.949442391896792
0.2,5,0.42263353486848865,0.08395920411338785,70.7114044435382
0.2,5,0.7095548420196363,0.1739081576769965,48.291922055407646
0.2,5,1.191263901929071,0.43112308823226414,14.561044730467497
0.2,5,2.0,0.5845525042445507,0.0
0.2,6,4.4840500601495137e-07,0.07273092763218407,202988.97263503293
0.2,6,7.602539977712146e-07,0.07273092763218407,202988.97263503293
0.2,6,1.2889823560708465e-06,0.07273092763218407,202988.97263503293
0.2,6,2.185421607953113e-06,0.07273092763218407,202988.97263503293
0.2,6,3.7053009934651596e-06,0.07282338869823728,64875.774841265345
0.2,6,6.282199920697615e-06,0.07277994531135748,39275.51599721412
0.2,6,1.0651236137959457e-05,0.07300761277779828,34598.88768854201
0.2,6,1.8058774425945845e-05,0.07312671646300165,34598.88768854201
0.2,6,3.06179798798146e-05,0.07249842034927399,13124.145484493345
0.2,6,5.191164526502068e-05,0.0724060514804857,11393.062792674335
0.2,6,8.80142623615073e-05,0.07194214768879845,6494.2474540492
0.2,6,0.00014922490588561635,0.07205278911865738,3682.390745765676
0.2,6,0.0002530052736806211,0.0709036758244373,2963.6653243337028
0.2,6,0.0004289610245039924,0.06896623427086195,2097.1076431947977
0.2,6,0.0007272874508370727,0.0667125719118927,2125.775757817203
0.2,6,0.001233088802780413,0.06144400511428953,2301.3076098695565
0.2,6,0.0020906561687437353,0.05281938608758667,1217.7699482533124
0.2,6,0.00354462971851719,0.04752956283855962,1135.366227565816
0.2,6,0.006009787754313105,0.04207929017980032,775.5801018397318
0.2,6,0.010189371449213221,0.03915791230125031,246.00005780906244
0.2,6,0.01727570003708195,0.03813021905185222,309.01373739924804
0.2,6,0.029290306400035916,0.03780356675330974,701.2396597810168
0.2,6,0.04966062429692992,0.03708233940170965,108.29921504167004
0.2,6,0.08419774009457962,0.037265027379020654,82.06387497381085
0.2,6,0.14275413443549198,0.03965146672611195,28.1575037856626
0.2,6,0.24203432153327356,0.05012837867800218,56.93944494331801
0.2,6,0.4103601834841678,0.08290497522630495,34.56829943884434
0.2,6,0.6957504172234092,0.171740512320528,39.68450029056575
0.2,6,1.1796189361174316,0.44527876241855435,14.337703206212554
0.2,6,2.0,0.6128604526242509,0.0
0.2,7,1.35507878118446e-06,0.07538525838927548,144388.2641899168
0.2,7,2.2115203483111123e-06,0.07521271950669206,144388.2641899168
0.2,7,3.6092530699352377e-06,0.07466810945364621,50999.64337338028
0.2,7,5.890385649304613e-06,0.07453974408688564,50999.64337338028
0.2,7,9.613247512775904e-06,0.07453974408688564,50999.64337338028
0.2,7,1.568904537732637e-05,0.07449227492600013,36420.74689342228
0.2,7,2.560488997341224e-05,0.07486201971498088,19773.33711467917
0.2,7,4.178778088678541e-05,0.07476670898055846,14821.382529336071
0.2,7,6.819863835600285e-05,0.07411192936501229,9169.009498332958
0.2,7,0.00011130177709636817,0.07401726869144916,6647.916727578466
0.2,7,0.000181647110315352,0.073645757142617,4729.633791137987
0.2,7,0.0002964523437693994,0.07252157668726515,2561.2841324982637
0.2,7,0.00048381717701865694,0.07061693635985966,1863.4408003886613
0.2,7,0.0007896009787002557,0.06665118483019004,2566.7444997111184
0.2,7,0.0012886473138599625,0.06308624174293126,2923.6180241294387
0.2,7,0.002103102635779394,0.05819886421416873,2194.2963234215645
0.2,7,0.0034323128206224483,0.05305319127790822,929.854054706034
0.2,7,0.005601615013070136,0.04738364987377233,1294.5986803396336
0.2,7,0.009141967062594935,0.045011181188884544,401.1221620975319
0.2,7,0.014919904630819084,0.04296504930439057,730.9659085114893
0.2,7,0.02434963423829604,0.04252860960305188,569.8704599577004
0.2,7,0.03973917409056851,0.04235527740745903,99.12496463417197
0.2,7,0.06485526402350696,0.04252470204160155,284.6914414947347
0.2,7,0.10584531178158196,0.04266526069891631,87.87168294353938
0.2,7,0.17274203096420446,0.04543351836699525,185.86053246638573
0.2,7,0.2819190454388228,0.055720448304176065,48.98974623347186
0.2,7,0.4600984933285085,0.09612066751254666,52.53414216125193
0.2,7,0.7508915307004379,0.20785499376581382,36.93130292523834
0.2,7,1.22547258696426,0.43814349664703495,28.27957800869274
0.2,7,2.0,0.5486497485607884,0.0
0.2,8,5.46987687144451e-07,0.07265378289237956,721873.8624864535
0.2,8,9.21063778367531e-07,0.07239775146092225,126499.11668223412
0.2,8,1.5509644983957973e-06,0.07239775146092225,126499.11668223412
0.2,8,2.611644200738802e-06,0.07239886339007655,85039.95063159264
0.2,8,4.397705710419179e-06,0.07239886339007656,55870.01518046548
0.2,8,7.4052259913438545e-06,0.07247551035293469,55870.01518046548
0.2,8,1.2469541072962724e-05,0.07246050468799715,42227.99260054385
0.2,8,2.0997259874588526e-05,0.0719862767874366,30901.51605679006
0.2,8,3.53569485565881e-05,0.07224795328455054,13740.295467043683
0.2,8,5.9536997622539205e-05,0.07221422019233803,8871.529416659789
0.2,8,0.00010025339376312682,0.07094863803654691,8222.036928572126
0.2,8,0.00016881507906639184,0.07057162460723604,4203.094599188318
0.2,8,0.00028426499942263233,0.06885177280896794,2499.2466159025694
0.2,8,0.0004786692654686933,0.06686935959024068,1528.9563132151761
0.2,8,0.0008060234857253269,0.0632969124292522,3139.9917254755987
0.2,8,0.0013572499978762433,0.05707191199030344,2537.302341884887
0.2,8,0.002285451465570338,0.04832817622440429,1420.6189566282633
0.2,8,0.0038484350043475773,0.04470601295740984,949.1411270941948
0.2,8,0.00648031787408434,0.042019655874546605,719.8764337982797
0.2,8,0.010912103154070641,0.040309586025505995,272.1852015359234
0.2,8,0.018374715185079313,0.038643608924985716,222.2037620708073
0.2,8,0.03094088768825783,0.038454007729589824,101.80927701777313
0.2,8,0.05210086367568665,0.03823842013717933,342.12347825417186
0.2,8,0.08773180728045647,0.0387424554643864,44.87134339188544
0.2,8,0.14773018076256877,0.04236783427912282,30.364837151214193
0.2,8,0.24876047792307296,0.05472818832337454,65.28812878701417
0.2,8,0.41888377213842143,0.09249055579501986,44.047902559117006
0.2,8,0.7053516540323321,0.19030447130899503,36.108572241488865
0.2,8,1.187730317902453,0.43474245978384474,108.98582753090095
0.2,8,2.0,0.5836731010613393,0.0
0.2,9,1.0327175514746044e-07,0.08506083537774696,2020718.846837717
0.2,9,1.8418704927575348e-07,0.0850608353777491,533119.4786576403
0.2,9,3.2850094464326614e-07,0.0850608353777491,533119.4786576403
0.2,9,5.858873957525521e-07,0.0850608353777491,533119.4786576403
0.2,9,1.0449408018429702e-06,0.08506083537774842,162828.30554430952
0.2,9,1.8636708815927365e-06,0.08506083537774842,162828.30554430952
0.2,9,3.323890835510308e-06,0.08488862862149023,62559.71110268989
0.2,9,5.928219620487563e-06,0.08481153868277304,45856.63165135032
0.2,9,1.0573087266669567e-05,0.08471903598964911,45856.63165135032
0.2,9,1.8857292999447952e-05,0.08448742310376922,25105.963042125397
0.2,9,3.363232424913476e-05,0.08430549497317445,16013.53813344917
0.2,9,5.9983860590809706e-05,0.08435119437027983,10407.942522765783
0.2,9,0.00010698230383141794,0.08408071110153241,7001.820565823883
0.2,9,0.00019080488018524328,0.08304433162250788,4790.6291806699055
0.2,9,0.00034030396615756484,0.07704992056839355,7089.992013432853
0.2,9,0.0006069382988010453,0.0769256320333864,4095.960552662829
0.2,9,0.001082485469419846,0.06628634906082456,760.0544064515046
0.2,9,0.0019306324775019885,0.06018243537947294,1117.2354354463953
0.2,9,0.0034433180569002197,0.05063411010353874,734.553788309215
0.2,9,0.006141220236963974,0.04735063431828312,779.9134799399814
0.2,9,0.01095297773126647,0.04524405921023653,415.23333891722166
0.2,9,0.019534834536552574,0.044937391597966364,149.84499281273028
0.2,9,0.03484073187523607,0.04477410184288062,127.1846974937015
0.2,9,0.062139077519737754,0.04435999530023004,104.38660593163493
0.2,9,0.11082617233274795,0.04598401852733969,101.48578530535376
0.2,9,0.19766048940824033,0.05138446458981887,67.83900360938033
0.2,9,0.3525310696087301,0.07653649234468864,37.65366614821927
0.2,9,0.6287455596793348,0.15853083870437884,17.618785447506248
0.2,9,1.121379114911042,0.3924020662990357,41.34217417524587
0.2,9,2.0,0.5807277084125582,0.0
0.4,0,9.307814172743185e-07,0.3485242320010961,307293.81151359953
0.4,0,1.5388589603785833e-06,0.3485242320010961,307293.81151359953
0.4,0,2.5441922840188538e-06,0.34852423200109667,262240.69308053696
0.4,0,4.206307754460249e-06,0.34852423200109667,262240.69308053696
0.4,0,6.954279767441236e-06,0.3453755227594159,127702.465320556
0.4,0,1.1497496119384236e-05,0.34389045788011224,87480.50875173032
0.4,0,1.9008786162753818e-05,0.3415736991731827,51891.763128959414
0.4,0,3.1427186200316114e-05,0.34103967597626855,51891.763128959414
0.4,0,5.1958500874958316e-05,0.33919157167072006,20150.379740197375
0.4,0,8.590288026313627e-05,0.3373643842886997,14207.832048335036
0.4,0,0.0001420230513436392,0.33523566191538506,14207.832048335036
0.4,0,0.00023480641220843736,0.32841473822826317,5490.76344156702
0.4,0,0.0003882049476658266,0.3130055468390987,12855.246658464283
0.4,0,0.0006418184238446109,0.2856063444637801,25925.395910532272
0.4,0,0.0010611170508341334,0.262192819566656,9500.533415245201
0.4,0,0.0017543425893357238,0.2312013443283697,3543.388761912828
0.4,0,0.002900450914757999,0.19731456126352626,1695.647926869568
0.4,0,0.004795309399691381,0.18422540919637356,1274.2153484074827
0.4,0,0.007928074949231511,0.17278211177470934,2008.8909277967603
0.4,0,0.013107469646208323,0.17387026601660327,2370.956978072556
0.4,0,0.021670552009971363,0.1725742370172523,373.6617811521256
0.4,0,0.03582787807963549,0.1686635488503279,454.5571244497695
0.4,0,0.05923415550737137,0.16680566978802575,416.4887413527375
0.4,0,0.09793170477114539,0.16646858010625817,280.02828901882884
0.4,0,0.16191028161428384,0.1683607224594016,80.3922870695299
0.4,0,0.2676859282055577,0.178511209345385,88.55072948561414
0.4,0,0.4425645823405786,0.21619491874754376,30.249281112550445
0.4,0,0.7316910935709928,0.3262935273590486,22.47851062077469
0.4,0,1.2097033467515872,0.5951538342984996,15.756010670663425
0.4,0,2.0,0.7433864001473021,0.0
0.4,1,1.1796719123768893e-06,0.34672984343477764,421724.00782176695
0.4,1,1.9344771759544737e-06,0.34672984343477764,421724.00782176695
0.4,1,3.1722395905389833e-06,0.3465980303591143,214857.25545661672
0.4,1,5.2019760919731546e-06,0.3465980303591143,160400.0633865145
0.4,1,8.530426056772902e-06,0.3459362923344663,80697.14710394121
0.4,1,1.3988562696847835e-05,0.34364733012356835,52543.827138351735
0.4,1,2.2939051932614647e-05,0.33738139215945273,31023.490850285336
0.4,1,3.7616452452671636e-05,0.33744480888036577,31023.490850285336
0.4,1,6.16850905294943e-05,0.3347239044472664,15769.715274219827
0.4,1,0.00010115388734276178,0.3329493355841213,12292.454721093172
0.4,1,0.00016587653250925728,0.327586343956219,7196.122668246654
0.4,1,0.00027201153371456284,0.3247868921064122,6581.082278525205
0.4,1,0.0004460563128157949,0.30744924445143906,3807.3474875456386
0.4,1,0.0007314624916295241,0.29282579451535473,8094.0302311940495
0.4,1,0.0011994839245371752,0.25347347323301855,3593.6872748994515
0.4,1,0.0019669657729378385,0.23251814549736755,1824.414853070168
0.4,1,0.0032255158012240944,0.21170848687129137,1780.0181237088805
0.4,1,0.005289340733370807,0.1939150120621627,992.9678981443811
0.4,1,0.008673690385605384,0.17989596921528433,928.1858401101139
0.4,1,0.014223493758058292,0.1727786523793802,464.17355506732105
0.4,1,0.023324302078071398,0.17184435060691566,226.89005873882303
0.4,1,0.03824820235330083,0.17025637512764003,351.45198184225694
0.4,1,0.06272106142178782,0.17103187172515524,679.3320090382391
0.4,1,0.10285271735224896,0.17087904765092177,183.52356989588074
0.4,1,0.16866234765387483,0.17317759079481618,242.5823406432076
0.4,1,0.2765798342370637,0.1847110646095044,51.978952025339254
0.4,1,0.4535476101849701,0.22110936814873589,24.378141425169446
0.4,1,0.7437470460271607,0.3241263433906565,23.12696045208369
0.4,1,1.2196286697410483,0.5930336036015834,19.28895422795793
0.4,1,2.0,0.7388021680659327,0.0
0.4,2,3.1023571267496624e-08,0.32427140155654416,26034125.427450273
0.4,2,5.767389923820989e-08,0.3246122728379943,384798.62493391417
0.4,2,1.0721778690979202e-07,0.3246122728379943,384798.62493391417
0.4,2,1.9932159922728913e-07,0.3246122728379943,384798.62493391417
0.4,2,3.705457934134597e-07,0.3246122728379943,384798.62493391417
0.4,2,6.888575324937089e-07,0.3246122728379943,384798.62493391417
0.4,2,1.280610139173378e-06,0.3246122728379943,384798.62493391417
0.4,2,2.380698840029943e-06,0.3246122728379943,384798.62493391417
0.4,2,4.42580204040738e-06,0.3243997977060775,138522.5383100257
0.4,2,8.227720101139617e-06,0.3239742921093071,63559.64307402082
0.4,2,1.5295618160198097e-05,0.3240812556095771,56872.8344338
0.4,2,2.843508675874575e-05,0.32653400496249546,29255.223815823527
0.4,2,5.286181640447853e-05,0.3256281592113158,19321.36123650285
0.4,2,9.827195736342646e-05,0.3220542842768977,19258.356029305553
0.4,2,0.00018269099060358633,0.3220518258399976,5496.16835452879
0.4,2,0.0003396289128982095,0.3103010624506153,5272.608532561228
0.4,2,0.0006313819750789355,0.293285773900393,3618.5587902249868
0.4,2,0.0011737610766196908,0.2536900595405413,8260.636238878857
0.4,2,0.0021820627122197673,0.23564474469972446,4935.811181233833
0.4,2,0.004056530562226689,0.2051676962382681,1925.8668174160987
0.4,2,0.007541231565035741,0.17522937337347685,1578.4483054354318
0.4,2,0.014019412067802722,0.1721024274316418,585.356979045797
0.4,2,0.026062575195026617,0.1705247931654091,583.8053707684135
0.4,2,0.048451234795816846,0.16808090723886482,142.07505715863243
0.4,2,0.09007253257488303,0.16837921382840007,107.43095066773596
0.4,2,0.16744797441475784,0.16965054337666047,219.22869638245356
0.4,2,0.31129161503585945,0.18862501460459516,71.82398748624442
0.4,2,0.5787019516379002,0.2640926943138184,20.173804469596867
0.4,2,1.0758270787053996,0.4823443888428748,44.219575270304865
0.4,2,2.0,0.6603376376805127,0.0
0.4,3,5.280265484852723e-07,0.2956129746873201,247583.8607554847
0.4,3,8.90217750741527e-07,0.2956129746873201,247583.8607554847
0.4,3,1.5008481032036735e-06,0.29539662495092806,247583.8607554847
0.4,3,2.530330390529459e-06,0.29496023465210863,210305.9011840211
0.4,3,4.265969268688945e-06,0.29496023465210697,154081.40339096406
0.4,3,7.192141338345362e-06,0.29496023465210697,106045.03429915704
0.4,3,1.212547343235632e-05,0.2950694134837086,67827.28658574786
0.4,3,2.044274424570802e-05,0.29531716919823336,67827.28658574786
0.4,3,3.446511137291066e-05,0.29566677778834566,27524.552212475664
0.4,3,5.8105892617451335e-05,0.29415924035748886,21067.538137596366
0.4,3,9.796268232936981e-05,0.29019299947035493,10372.569615484656
0.4,3,0.00016515858713928014,0.2890197161941827,9881.581383270424
0.4,3,0.00027844642732557527,0.27706361896586623,4108.976222550187
0.4,3,0.0004694422145001322,0.2646881597682653,2962.000185043733
0.4,3,0.000791448447988568,0.252411032750238,5416.31572620647
0.4,3,0.0013343296075119734,0.22320066781874867,1717.0245412889262
0.4,3,0.002249591247551192,0.20682242033238143,2411.9278356452937
0.4,3,0.0037926616876134303,0.18102136436519267,1330.5601717831591
0.4,3,0.006394176138598007,0.16882909364904705,590.7689759677233
0.4,3,0.010780157013462415,0.16241593317535902,1436.4383201134235
0.4,3,0.0181746299626309,0.15749487187631797,289.37413654993145
0.4,3,0.030641221075542412,0.15718613210593127,407.89512817489543
0.4,3,0.051659067113372724,0.1542400239932845,151.58051994897025
0.4,3,0.08709376197654377,0.15229240181068082,212.42118782721184
0.4,3,0.14683430807180217,0.15420792254238883,80.72904631655082
0.4,3,0.2475529077815186,0.16257327192807264,70.8895545077134
0.4,3,0.4173577888971142,0.19278212570514308,49.191490728572056
0.4,3,0.7036375598012361,0.28456963440900584,26.098733760820682
0.4,3,1.1862862721967555,0.5232934431715254,34.540697736219705
0.4,3,2.0,0.6662109051177416,0.0
0.4,4,3.783629665132796e-07,0.3116222475428046,2452509.7438481874
0.4,4,6.452683939719953e-07,0.31086282791806963,801771.1836152084
0.4,4,1.100454687984336e-06,0.31079088804362087,627238.0843192127
0.4,4,1.8767392477606116e-06,0.31065170676364856,201590.0139756581
0.4,4,3.200631741172797e-06,0.3107400149985071,87004.97486485797
0.4,4,5.458426659338172e-06,0.3107400149985071,87004.97486485797
0.4,4,9.308918989991711e-06,0.31083985031066336,61814.041151672805
0.4,4,1.5875631966947638e-05,0.31104613771156225,61814.041151672805
0.4,4,2.707464643541759e-05,0.3064003599572359,32177.744178490113
0.4,4,4.617368814854236e-05,0.30611825941029946,19476.172533294623
0.4,4,7.874560734613539e-05,0.3013080400568569,16441.195891249925
0.4,4,0.00013429446346939654,0.2970278401415164,59498.60742650653
0.4,4,0.00022902868523520497,0.2896455168119461,7546.177516920123
0.4,4,0.0003905904778607653,0.2813226606686566,3671.8929853931427
0.4,4,0.000666121456527708,0.26721039250728634,4824.543506801125
0.4,4,0.001136017952298287,0.24521775555779474,4076.9196295880156
0.4,4,0.0019373896086025712,0.2335086201938127,2563.6805336335574
0.4,4,0.0033040661795243034,0.20864866416417552,2962.001830384202
0.4,4,0.005634825989673091,0.19116445211519256,2024.844837239268
0.4,4,0.009609754226674299,0.17694347591054055,2575.9821656303584
0.4,4,0.016388682892129972,0.17577247886208866,317.87536398826165
0.4,4,0.027949614589856703,0.1771596960989184,505.37631420325005
0.4,4,0.04766587778061546,0.17449054079133502,161.49426682176127
0.4,4,0.08129041984790471,0.1739205093487,97.32317670999525
0.4,4,0.13863444180054466,0.17697802112916747,209.03621966872714
0.4,4,0.23643017823389914,0.1857688878412971,40.07963226805986
0.4,4,0.40321314424979926,0.21394090972797222,38.13698336528274
0.4,4,0.6876484250456757,0.3046365626171524,612.1055378174214
0.4,4,1.1727305104291221,0.5642942868633509,35.70790700049478
0.4,4,2.0,0.7247919357640904,0.0
0.4,5,9.675530052710708e-07,0.3222812225961615,580880.5000290668
0.4,5,1.5975175436306444e-06,0.3222812225961615,580880.5000290668
0.4,5,2.637645987666272e-06,0.32128470699091805,159863.64585228395
0.4,5,4.354992146402704e-06,0.3212186520183423,156563.423685668
0.4,5,7.190486018182398e-06,0.3212186520183423,156563.423685668
0.4,5,1.187214292002434e-05,0.3198492451559893,77390.84280234764
0.4,5,1.9601982001922162e-05,0.31857583913760534,77390.84280234764
0.4,5,3.2364645623967324e-05,0.31661713634917527,32680.237258180976
0.4,5,5.3436957867947776e-05,0.3163517502209498,24739.79878307537
0.4,5,8.822925173839094e-05,0.3112617280496931,11435.431294053027
0.4,5,0.00014567447648410327,0.30746986779313007,8033.639763886571
0.4,5,0.0002405217394548491,0.3028478866898947,40805.27016814643
0.4,5,0.000397123151197315,0.29397790547831265,3376.0608826384555
0.4,5,0.0006556862492942779,0.2682601403979446,6376.7543289296345
0.4,5,0.0010825973157631034,0.24348306624306418,7071.403161348449
0.4,5,0.0017874661080035305,0.22824221138036704,2415.5551427671044
0.4,5,0.002951268251583615,0.20780895898131163,2125.737316675218
0.4,5,0.004872810876696193,0.17651586758439458,1628.9159123328116
0.4,5,0.008045451587570118,0.17139247929545132,1139.1459040231864
0.4,5,0.013283768421527915,0.16382542032335748,1079.6501616685553
0.4,5,0.0219327034108816,0.16085112974820553,433.5899032240887
0.4,5,0.03621287752428072,0.15858110640885126,86.89666714440834
0.4,5,0.05979073687459509,0.15742747828355294,408.0589424356914
0.4,5,0.09871991568772924,0.1572739797718829,154.39593044965534
0.4,5,0.16299551172672158,0.1610862880274867,139.18029444757732
0.4,5,0.2691203356280636,0.17270030871369188,55.559325213990064
0.4,5,0.44434202071766576,0.20406423406858681,33.98961766739317
0.4,5,0.7336488746369936,0.29217398755022583,157.90105526760124
0.4,5,1.2113206632737634,0.5201927672641976,34.4229559336306
0.4,5,2.0,0.6491490721303039,0.0
0.4,6,6.659431825983825e-07,0.34643085758947756,1319764.0732139968
0.4,6,1.113787775445339e-06,0.34462795688629005,187572.5566143874
0.4,6,1.8628063792036965e-06,0.34462795688629005,187572.5566143874
0.4,6,3.115537522410416e-06,0.34462795688629005,187572.5566143874
0.4,6,5.210726225715714e-06,0.3440307609155225,141812.64633519723
0.4,6,8.71492241838095e-06,0.34385309897365185,133392.00353951816
0.4,6,1.4575678987618798e-05,0.3434470313644036,74692.53980442297
0.4,6,2.4377775010598544e-05,0.3432538113148014,45688.70526722371
0.4,6,4.077174826450055e-05,0.34123556559815443,28679.67933269092
0.4,6,6.819061443552919e-05,0.33629353440105375,14085.955757094902
0.4,6,0.00011404857763098803,0.33496810594837034,12816.79937401292
0.4,6,0.00019074586975527323,0.3295709073906703,6523.478633001312
0.4,6,0.0003190218377507399,0.32263523825700785,48668.171785317856
0.4,6,0.0005335629709436768,0.31230320840534986,8783.378248507743
0.4,6,0.0008923823082753296,0.27935883958789676,2354.11295353509
0.4,6,0.00149250646594602,0.2590967989912331,3969.2005339957927
0.4,6,0.002496212139386561,0.2270237153750779,2190.686802752967
0.4,6,0.004174906566231378,0.206687018118526,1335.1468273191763
0.4,6,0.006982517455846221,0.18904518071750182,969.2039287164217
0.4,6,0.011678237404294287,0.18456041653155306,437.4141840589184
0.4,6,0.01953181352334051,0.17912287713848227,1773.2359350724707
0.4,6,0.03266689366755514,0.1806693847580424,430.3063126095786
0.4,6,0.05463527186618584,0.17891433971224024,402.0342907419925
0.4,6,0.09137731191309345,0.1792556164192966,92.16550042605363
0.4,6,0.15282825265175473,0.17816764853857683,91.62177298782096
0.4,6,0.25560474826401436,0.1865677487797467,49.19613979639081
0.4,6,0.4274980980380929,0.2147433248657175,30.335969731256306
0.4,6,0.7149891583290119,0.30935138690955977,37.73340777816159
0.4,6,1.1958170080150312,0.5504037192531706,21.276454287453394
0.4,6,2.0,0.6888872993978219,0.0
0.4,7,6.965877625830781e-07,0.3106298574351976,598929.3723010779
0.4,7,1.1632347381969148e-06,0.3106298574351976,598929.3723010779
0.4,7,1.94249042092046e-06,0.31049075929992126,381795.34452989174
0.4,7,3.2437726552222337e-06,0.3104727204875955,381795.34452989174
0.4,7,5.416789151413968e-06,0.31034424573847713,160381.16577681305
0.4,7,9.04551823742587e-06,0.3086999882979341,142622.2157288315
0.4,7,1.5105147698474812e-05,0.309430736152825,120963.14786134982
0.4,7,2.5224147583794904e-05,0.309580739206397,51966.56262954741
0.4,7,4.21219066526117e-05,0.3095023208144927,30065.830199001583
0.4,7,7.033954325541557e-05,0.303268735456251,19350.26361923427
0.4,7,0.0001174602893972684,0.3031560082542596,57868.89454890677
0.4,7,0.0001961474150491835,0.30185129530088955,8919.567018934018
0.4,7,0.000327547366245221,0.29470531300205133,6041.053997840237
0.4,7,0.000546972679233519,0.2882424970929857,2981.318214735859
0.4,7,0.0009133919019330815,0.27570572602726323,9617.155995276615
0.4,7,0.0015252768523759317,0.22899097773604762,5284.701691014442
0.4,7,0.002547066020040405,0.2048150559306322,1622.7917497739884
0.4,7,0.00425335590738087,0.18538111173458277,1026.1213806479423
0.4,7,0.00710269633080212,0.180236003438498,591.8089020078102
0.4,7,0.011860821493928295,0.17188053029962502,633.9648017391335
0.4,7,0.019806434058112724,0.16496101945758262,435.80652438592773
0.4,7,0.03307484479883526,0.16110367740396406,424.1589723577644
0.4,7,0.05523181786571821,0.16302049876628863,246.76412258583792
0.4,7,0.09223183731641561,0.1616923513216217,249.81377545266866
0.4,7,0.1540183202994259,0.16173983826832689,122.25554894273083
0.4,7,0.2571958195571429,0.16963513584937348,38.56613964761744
0.4,7,0.4294923452552221,0.2039284343052683,23.0961985601835
0.4,7,0.7172110143565044,0.2895999035041816,18.183620618478685
0.4,7,1.1976735902210622,0.5276095530788949,31.079174089105177
0.4,7,2.0,0.6607875562840522,0.0
0.4,8,2.0863622052225129e-07,0.34696579809148886,1453745.6765170968
0.4,8,3.6319170720303614e-07,0.34696579809148886,1453745.6765170968
0.4,8,6.322402498035474e-07,0.34696579809148886,1453745.6765170968
0.4,8,1.1005970828738948e-06,0.34801721410936076,282973.2919304594
0.4,8,1.9159076620112594e-06,0.34801721410936076,282973.2919304594
0.4,8,3.335191621413764e-06,0.34801721410936076,282973.2919304594
0.4,8,5.8058659987149215e-06,0.34669461519066097,282973.2919304594
0.4,8,1.0106789600516386e-05,0.3457101733291302,72343.7716141811
0.4,8,1.7593791529414518e-05,0.3445007251672726,44834.387707903035
0.4,8,3.062708462484296e-05,0.3432671820914757,33522.972851811675
0.4,8,5.33153022217551e-05,0.33540203965607346,14942.023699589576
0.4,8,9.281070940364309e-05,0.33394890407215755,9195.00022579155
0.4,8,0.0001615638929360255,0.3321337367919832,6336.000477626072
0.4,8,0.00028124870145232337,0.32565275305999397,5164.1455560335935
0.4,8,0.0004895947394628549,0.31235275389479095,5329.32587162982
0.4,8,0.0008522813000448112,0.2908828545824123,2378.920202563244
0.4,8,0.0014836421959986816,0.2600523115609665,4631.444861440473
0.4,8,0.002582708509070955,0.22325471067348146,3019.333945909427
0.4,8,0.004495951423339982,0.20171941753129896,2790.8542420778754
0.4,8,0.007826504280308406,0.18594073831071312,1554.6731420740618
0.4,8,0.013624295167357706,0.18045871493109295,369.43759412306804
0.4,8,0.023717027699622202,0.1760703752436964,420.5206337273981
0.4,8,0.04128634883456782,0.1733720509942152,128.23551083475414
0.4,8,0.07187083565774034,0.17285816037603952,217.72513093091285
0.4,8,0.1251119840807299,0.17167106124483275,54.36439875681418
0.4,8,0.21779360734246614,0.17540388694999684,54.56559489519536
0.4,8,0.3791327884995977,0.19700699918271816,16.299029481032854
0.4,8,0.6599903140841783,0.2810994082611311,125.03000968902036
0.4,8,1.1489040987690637,0.5242361394689413,12.33618578482853
0.4,8,2.0,0.6971659090282933,0.0
0.4,9,4.01134157002048e-08,0.2994286716936459,377115.4406161812
0.4,9,7.391438481717571e-08,0.2994286716936459,377115.4406161812
0.4,9,1.3619723445474704e-07,0.2994286716936459,377115.4406161812
0.4,9,2.5096179477111594e-07,0.2994286716936459,377115.4406161812
0.4,9,4.6243099345505574e-07,0.2994286716936459,377115.4406161812
0.4,9,8.520915460572777e-07,0.2994286716936459,377115.4406161812
0.4,9,1.5700937288772982e-06,0.2994286716936459,377115.4406161812
0.4,9,2.8931097003209936e-06,0.29907217136627984,173892.0878049392
0.4,9,5.3309452704307605e-06,0.29907217136627984,173892.0878049392
0.4,9,9.822986481699925e-06,0.29847625709270637,81156.7398555646
0.4,9,1.8100178959793117e-05,0.2983798103507321,77810.70228337448
0.4,9,3.335202374419252e-05,0.2962235617149646,33736.53753295616
0.4,9,6.14556071685323e-05,0.2955047380959794,19265.569259114294
0.4,9,0.00011324025436719115,0.293506391518989,11504.46120433383
0.4,9,0.00020866045915029604,0.28921789075347504,8811.368653894813
0.4,9,0.00038448507075613636,0.27549612431543047,3799.730555660237
0.4,9,0.000708465658689418,0.2663664698251538,2179.462569435187
0.4,9,0.0013054436380459133,0.23345370391943113,4448.733896522503
0.4,9,0.0024054561730869214,0.18800529264211938,4157.056219071939
0.4,9,0.00443237780016548,0.1738769323388066,1573.5276671760491
0.4,9,0.008167254586970148,0.1527966733419501,1120.2786010186476
0.4,9,0.015049269375434209,0.15359250525107498,251.21225418729287
0.4,9,0.027730310880195185,0.14987844311617732,214.30362254801133
0.4,9,0.0510968421342437,0.14695390166315495,161.85666612034663
0.4,9,0.09415283107974465,0.1454926524503791,106.87322440867221
0.4,9,0.17348930442787638,0.14659186823510306,154.3939955551487
0.4,9,0.3196774691286313,0.16640078393637572,28.95707989706808
0.4,9,0.5890489019222012,0.24207863841585098,20.677760303684142
0.4,9,1.085402139229696,0.4764110302335156,26.243421011078443
0.4,9,2.0,0.6878900771192442,0.0
0.8,0,3.7501201788359145e-07,1.4140766448269573,995051.599835631
0.8,0,6.397498299026416e-07,1.4140766448269573,995051.599835631
0.8,0,1.091377943486348e-06,1.4140766448269573,995051.599835631
0.8,0,1.861830609176958e-06,1.4140766448269573,995051.599835631
0.8,0,3.176180385499606e-06,1.4138448849654657,324588.1146687039
0.8,0,5.418388650131811e-06,1.413840659143247,315390.7978531754
0.8,0,9.243472347449558e-06,1.4129831939288553,138217.57886644153
0.8,0,1.5768854276628186e-05,1.4131153730680939,127241.5971295279
0.8,0,2.6900796134922558e-05,1.4094382024873529,98611.5723110878
0.8,0,4.589127529482131e-05,1.4082814447950307,37895.218749485895
0.8,0,7.828798588793674e-05,1.3910394171834113,36600.75392618087
0.8,0,0.00013355498828513534,1.3609430065467736,16853.220141130536
0.8,0,0.0002278374477710388,1.2921036687085534,29547.43419317985
0.8,0,0.00038867812631599363,1.191393943873937,8611.875491803701
0.8,0,0.0006630634575415683,1.1469158555846695,23244.35035776418
0.8,0,0.0011311497070703245,1.037406879554505,18300.01984038473
0.8,0,0.001929679045425407,0.9209855826212585,8679.94120060882
0.8,0,0.0032919260775818833,0.8114866178040088,5824.917465308019
0.8,0,0.005615844420321517,0.7138191510452381,6800.883653750867
0.8,0,0.00958032100660737,0.6504559007658303,763.4741716334062
0.8,0,0.01634349952030685,0.6331886143187713,1097.0299453607174
0.8,0,0.02788110924321319,0.6342882930434722,943.1784386767555
0.8,0,0.04756363541762393,0.6308433469074853,2257.099273551263
0.8,0,0.08114094006827714,0.6289439019086905,416.5161513957981
0.8,0,0.13842197084716987,0.6268196487605623,265.67228140181356
0.8,0,0.23614025172855724,0.6232808217942735,345.95101607912807
0.8,0,0.4028422521739177,0.6576269173491519,38.185892043144875
0.8,0,0.6872266754551316,0.758192372313863,41.33527157431001
0.8,0,1.1723708248290143,1.0232226934361268,27.1872143165452
0.8,0,2.0,1.1948771182269753,0.0
0.8,1,8.181570287923981e-08,1.2102186393381502,23109523.62430955
0.8,1,1.4709636916421348e-07,1.2102186393381482,4337376.753056404
0.8,1,2.644644128185435e-07,1.2102186393381482,4337376.753056404
0.8,1,4.75480299376912e-07,1.2102186393381482,4337376.753056404
0.8,1,8.548655476405394e-07,1.210218639338207,716870.0442167714
0.8,1,1.5369619004203155e-06,1.210159534558048,233267.5895258838
0.8,1,2.7633022407599964e-06,1.2114174610626263,228553.0871202072
0.8,1,4.968138293929761e-06,1.2092971305977391,170550.5199094297
0.8,1,8.932210796030357e-06,1.2092971305977391,170550.5199094297
0.8,1,1.6059212724050885e-05,1.2036161436066286,107390.22974567374
0.8,1,2.8872842256581398e-05,1.196894474396768,72199.73327815131
0.8,1,5.191045378737268e-05,1.1860342795053211,37180.045857808545
0.8,1,9.332975217556627e-05,1.1736412190431125,26227.9485431186
0.8,1,0.00016779746670739852,1.0877239372684409,18845.588370767822
0.8,1,0.0003016828950799653,1.069060248318535,9319.332645683204
0.8,1,0.0005423953708582204,1.0402737898940766,77591.81208864356
0.8,1,0.0009751720867384497,0.9474101432218645,21398.46805004277
0.8,1,0.0017532609049541446,0.8404633753690259,6871.061993375991
0.8,1,0.003152186001469381,0.7928309869338228,2108.395492345174
0.8,1,0.00566731201259484,0.7019524862263234,2259.68516280482
0.8,1,0.010189254515161821,0.6900780240033475,4576.947935494568
0.8,1,0.01831925035078664,0.659463067219088,1027.328429721531
0.8,1,0.03293616161176707,0.6218328793447947,2398.6700487107796
0.8,1,0.059215891531820095,0.612630997120331,144.51750518514535
0.8,1,0.10646419128133958,0.6166533828942254,198.97026466603842
0.8,1,0.1914118614443036,0.6169486704960246,163.90595633005634
0.8,1,0.3441391914089998,0.6296080031645223,73.13126393623035
0.8,1,0.618727502935345,0.6887252809498299,36.44240086108337
0.8,1,1.1124095495233244,0.8790036958597858,17.44770038155453
0.8,1,2.0,1.0547325637670695,0.0
0.8,2,1.226565896184085e-06,1.2497698383541036,1176109.3261491004
0.8,2,2.008674079175466e-06,1.2454467518793475,487780.3143751891
0.8,2,3.2894861734732824e-06,1.24658905908112,215246.84486622174
0.8,2,5.386996027704822e-06,1.246735934681915,215246.84486622174
0.8,2,8.821963270897828e-06,1.246735934681915,215246.84486622174
0.8,2,1.4447205001231308e-05,1.2434791627319004,97108.12884770548
0.8,2,2.3659329101509772e-05,1.242284326365028,94563.41687143162
0.8,2,3.874547730760645e-05,1.2437679846640513,62686.20521445268
0.8,2,6.3451165726354e-05,1.253531636371268,31614.78490839252
0.8,2,0.00010391020350761972,1.2387328663751331,27891.852408573683
0.8,2,0.00017016756539289755,1.2165777924324208,16493.399128760066
0.8,2,0.0002786733095910322,1.1815108498540916,13268.372117995681
0.8,2,0.0004563667188815564,1.114851975350562,5539.560595553192
0.8,2,0.0007473646557984524,1.0268979423471771,15516.909007458056
0.8,2,0.0012239146844573135,0.921164238108584,4793.875394768084
0.8,2,0.0020043323472794957,0.856799373414082,8631.198867478884
0.8,2,0.0032823759771558234,0.7226921437326095,5943.692443356508
0.8,2,0.005375352081721035,0.6674861397702777,2854.0225346467732
0.8,2,0.008802894672504773,0.6270650564110594,2567.6357054971613
0.8,2,0.014415977490799543,0.6106583811880661,1028.5424414689558
0.8,2,0.023608189663378795,0.5974644498977593,1995.996716594153
0.8,2,0.038661729288754096,0.5945771283041031,359.70405228312336
0.8,2,0.06331401657262783,0.5877964485521114,406.50280728425713
0.8,2,0.10368560248868718,0.5955992857269478,209.20813701397972
0.8,2,0.16979974965116745,0.5938262135284438,168.91238414721545
0.8,2,0.2780709596083492,0.6115847929510604,38.95199093497928
0.8,2,0.4553802861097243,0.6546824203430793,65.59237132301273
0.8,2,0.7457492334670546,0.7751397877147554,39.222233435094786
0.8,2,1.2212692033020849,1.0407064688366428,30.878520539229996
0.8,2,2.0,1.1834235598489322,0.0
0.8,3,1.227781192936205e-06,1.3272574565284827,440147.1770784874
0.8,3,2.010595637381057e-06,1.3272574565284827,440147.1770784874
0.8,3,3.2925205568495654e-06,1.3264336630996343,440147.1770784874
0.8,3,5.391781129793826e-06,1.317906631479621,292716.7246325875
0.8,3,8.829498024278866e-06,1.3156610567497977,184489.5395507466
0.8,3,1.4459050448089242e-05,1.31106435531736,118061.47361528818
0.8,3,2.3677919094099832e-05,1.2919458639838133,99952.45355961878
0.8,3,3.877459689621779e-05,1.288951564984641,81812.0366990668
0.8,3,6.349668475887406e-05,1.2782040763171878,52890.17816190953
0.8,3,0.00010398119640441983,1.2619310563644675,25216.726731770937
0.8,3,0.00017027801131276344,1.2620094468614673,262729.9019968513
0.8,3,0.000278844657873134,1.2516925303019082,10221.25181462636
0.8,3,0.0004566317319831008,1.2090146912444018,9828.640549738026
0.8,3,0.0007477731158427042,1.1048846506825951,30374.338236687756
0.8,3,0.0012245417775692395,1.0091590686520644,6764.938602016385
0.8,3,0.0020052908204951504,0.9822854486052836,4386.124038957564
0.8,3,0.0032838334701363364,0.8426597721190301,11132.19990444006
0.8,3,0.005377555289922962,0.7283283244127213,6511.619252516784
0.8,3,0.00880620200724668,0.6733716528162356,5872.297318132984
0.8,3,0.014420901248148096,0.64095819185378,1799.5573725924105
0.8,3,0.023615446549795898,0.6412756320132965,2333.6177745505856
0.8,3,0.03867229281650378,0.6265974714764079,1078.6455465318757
0.8,3,0.06332915316811288,0.6217595381874397,273.577331008268
0.8,3,0.10370684924268948,0.6271852398691891,226.78970168429288
0.8,3,0.16982874461143554,0.6316805244194699,80.79951025659686
0.8,3,0.2781089456184526,0.6417519011390103,38.98883284466928
0.8,3,0.4554269408866571,0.6730794600413104,37.48820136875595
0.8,3,0.7458001684344837,0.7775013352619459,23.198760140255626
0.8,3,1.2213109091746337,1.0454733118644033,20.33979709379799
0.8,3,2.0,1.20189999479273,0.0
0.8,4,1.4903217016026826e-07,1.4370599966195152,2177553.60107705
0.8,4,2.6246083567505386e-07,1.4370599966195152,2177553.60107705
0.8,4,4.6222027223497123e-07,1.4370599966195152,2177553.60107705
0.8,4,8.140169923465556e-07,1.436579053399752,588502.0212650589
0.8,4,1.4335668589890064e-06,1.436579053399752,588502.0212650589
0.8,4,2.524657296486351e-06,1.436579053399752,588502.0212650589
0.8,4,4.446178721791072e-06,1.4360175772626953,330441.0173718178
0.8,4,7.830173724418033e-06,1.4376168504814033,231718.37050119665
0.8,4,1.37897336996539e-05,1.4370084694545904,161017.25839383923
0.8,4,2.4285126001020316e-05,1.425420727069522,101628.10182814195
0.8,4,4.276858115833203e-05,1.4198241608320243,63434.524909509986
0.8,4,7.531982886232436e-05,1.424557987150008,29985.76968950444
0.8,4,0.00013264589252675286,1.4038856161246014,18627.73088576871
0.8,4,0.00023360293125971262,1.3886595134288757,36206.28426358819
0.8,4,0.0004113985623951682,1.3431921290254525,9653.239445120375
0.8,4,0.0007245147833896205,1.2080445503149593,5588.7082691633705
0.8,4,0.001275944350155252,1.0964579250005666,4341.348421950581
0.8,4,0.0022470679991875397,1.0057096584211782,20580.08643726905
0.8,4,0.003957315687285516,0.8762282898586956,9977.959424331111
0.8,4,0.006969236113236566,0.7851073478708517,1829.5544996129697
0.8,4,0.012273534850427094,0.7529912867730598,708.5409179082186
0.8,4,0.02161494535083132,0.7304333541966517,949.023536426667
0.8,4,0.03806612098414072,0.7146184242370012,431.5239355783165
0.8,4,0.0670383173891998,0.7068237560721018,297.63119321892555
0.8,4,0.11806130706744318,0.6972066648139897,637.2742126440534
0.8,4,0.20791799032710606,0.7025356955838711,87.64951899281517
0.8,4,0.36616476452329405,0.7237872752937323,176.9377885880278
0.8,4,0.6448534567281259,0.7760310051585148,29.32919825874211
0.8,4,1.135652637674148,0.9566534761099436,56.87602357996436
0.8,4,2.0,1.1183798935883156,0.0
0.8,5,5.713510997651389e-09,1.1507158708722962,1627016.6510081307
0.8,5,1.1259734085291669e-08,1.1507158708722962,1627016.6510081307
0.8,5,2.218979043246687e-08,1.1507158708722962,1627016.6510081307
0.8,5,4.3729878139839325e-08,1.1507158708722962,1627016.6510081307
0.8,5,8.617937370545043e-08,1.1507158708722962,1627016.6510081307
0.8,5,1.6983547103685043e-07,1.1507158708722962,1627016.6510081307
0.8,5,3.346982692273228e-07,1.1507158708722962,1627016.6510081307
0.8,5,6.595967894095518e-07,1.1507158708722962,1627016.6510081307
0.8,5,1.299881011048477e-06,1.1537325513257977,402109.578246168
0.8,5,2.561702346060483e-06,1.152918067251995,402109.578246168
0.8,5,5.048399702768689e-06,1.152918067251995,402109.578246168
0.8,5,9.948985524453763e-06,1.1429714338873638,179871.5358846944
0.8,5,1.9606671181662886e-05,1.1401112005004224,175037.92382002596
0.8,5,3.863927170071504e-05,1.1335255232755994,52732.4898045147
0.8,5,7.614721049425264e-05,1.1140972306395442,42019.08323005252
0.8,5,0.00015006487987061923,1.0670218718644593,15579.96638404698
0.8,5,0.00029573595702869564,1.0401034819858928,9151.195052254385
0.8,5,0.0005828129563365079,0.9795294514931119,4149.823038933707
0.8,5,0.0011485615259180073,0.8798081891181573,6017.597502529121
0.8,5,0.002263493912543388,0.7515226241056174,3654.39276545292
0.8,5,0.0044607141859692705,0.7081588060167653,7179.634141960229
0.8,5,0.008790821543031683,0.6298956712435602,4568.487498009362
0.8,5,0.01732425351180356,0.5999749046332128,1533.6143703702255
0.8,5,0.03414126407549987,0.5745573297017965,401.5365408493234
0.8,5,0.06728289400053158,0.5730548797145495,172.26974033700614
0.8,5,0.13259578834210134,0.5724050693359032,179.20624493563972
0.8,5,0.26130925768330404,0.5934631114376291,74.77680166320819
0.8,5,0.5149675491564524,0.6718205961109109,25.801554969509386
0.8,5,1.0148571812392633,0.932261923359655,95.8538651688745
0.8,5,2.0,1.1656983674272021,0.0
0.8,6,5.396717994710084e-07,1.1838098343198116,1989826.1439541092
0.8,6,9.091667138233035e-07,1.1838098343198116,1989826.1439541092
0.8,6,1.531642220947047e-06,1.183809834319806,1367563.5361789346
0.8,6,2.5803055229797355e-06,1.1856020752909897,362649.76131333224
0.8,6,4.346952898571147e-06,1.1859767080868457,269707.8515928622
0.8,6,7.323163607608376e-06,1.1845630898445925,269707.8515928622
0.8,6,1.233708449921958e-05,1.1847912102127691,214531.02798014611
0.8,6,2.0783866385663235e-05,1.188887123950794,122832.57086615749
0.8,6,3.5013872358937615e-05,1.1988235362853916,47342.67707913146
0.8,6,5.8986679129810684e-05,1.1971811861413513,41013.54830718734
0.8,6,9.93728508259411e-05,1.1887542184412854,25102.0417082392
0.8,6,0.00016741005981270977,1.1658867084115538,23327.836206436565
0.8,6,0.0002820300302703894,1.1405310228527334,13637.474407320125
0.8,6,0.00047512639361877877,1.0908285439074163,9694.702261634931
0.8,6,0.00080042926526923,1.0108150804286218,12779.336037843614
0.8,6,0.0013484559420487595,0.9319670430428864,10588.378709144057
0.8,6,0.0022716978333307144,0.83111935854505,3916.5553768221134
0.8,6,0.0038270520267193555,0.7615805540928452,6586.2397286142095
0.8,6,0.006447304302677701,0.7195618160652876,2239.237790841273
0.8,6,0.010861554136477044,0.7059950596289061,6163.51429495418
0.8,6,0.01829809060053588,0.6751520233599692,557.0204927976034
0.8,6,0.030826170492579137,0.668580166809449,729.5001467651456
0.8,6,0.05193180031635254,0.6579044687823132,319.12825677435586
0.8,6,0.08748773658884254,0.6601451276565641,261.35061244526463
0.8,6,0.1473876123456582,0.6611821782151303,65.41586269048155
0.8,6,0.24829889445013298,0.6638232664875915,96.67860033791298
0.8,6,0.4183006970800851,0.6933645222013988,52.38373530133755
0.8,6,0.7046969482694424,0.7915552384598031,39.68786343258713
0.8,6,1.1871789656740395,1.0884903383093674,20.67254850458033
0.8,6,2.0,1.2827998544439192,0.0
0.8,7,7.388371359162703e-07,1.3026517931064574,740266.6171307616
0.8,7,1.231284508524546e-06,1.3029104124947224,740266.6171307616
0.8,7,2.0519563341282054e-06,1.3029104124947224,740266.6171307616
0.8,7,3.41961972884265e-06,1.30295838807696,327351.3979863025
0.8,7,5.698853769643265e-06,1.3036420815602532,188146.1694769353
0.8,7,9.497235617706773e-06,1.3008620868608958,141831.12862521945
0.8,7,1.582730282687782e-05,1.2952679836542214,69775.26590975544
0.8,7,2.637646625368044e-05,1.2891028703486642,64847.66788854647
0.8,7,4.3956824459697545e-05,1.2847199778402016,43384.20832978978
0.8,7,7.325478697553182e-05,1.2787891250532324,26781.61005163375
0.8,7,0.00012208033407305578,1.2887543698640882,75754.18511552356
0.8,7,0.00020344892917874337,1.245936009809863,13809.474428381296
0.8,7,0.00033905106091213454,1.1725328552473777,6629.163477068317
0.8,7,0.0005650342932237688,1.1369973580983501,6847.891164916238
0.8,7,0.0009416391491593706,1.0960037009331622,7563.543660917753
0.8,7,0.0015692574731538136,0.9732885638121851,6020.8407891876905
0.8,7,0.0026151939617713445,0.8983321461484095,8285.848969517494
0.8,7,0.004358264704605896,0.8679509723859737,2577.949838581926
0.8,7,0.007263121402493613,0.7852267002923142,3188.4672382531103
0.8,7,0.012104113926721914,0.7582292817243489,3100.0641768137857
0.8,7,0.020171709356360607,0.7343591579203192,817.9338566990452
0.8,7,0.033616492774344246,0.7252779775047035,699.0172674481224
0.8,7,0.05602245037757299,0.7119723904713223,1034.6656032127382
0.8,7,0.09336235541807947,0.7093691119176023,236.7351152830793
0.8,7,0.15558993493617712,0.7057326054839317,119.47550125755374
0.8,7,0.25929324238916907,0.7198555441051308,62.238824564506835
0.8,7,0.43211654774627484,0.7606628881683463,42.52790232260311
0.8,7,0.7201294916737803,0.8468414640186844,182.518080413732
0.8,7,1.2001079048767087,1.067521664657462,25.871732374716785
0.8,7,2.0,1.2024648688907724,0.0
0.8,8,2.5537736485503636e-06,1.1511079272661513,378792.6942523406
0.8,8,4.07773055352611e-06,1.1511079272661513,378792.6942523406
0.8,8,6.511104254129606e-06,1.1517060500720535,311192.13306843466
0.8,8,1.0396586545299111e-05,1.139044297352484,130518.19134359797
0.8,8,1.660071895260164e-05,1.1386645449199713,90206.14789241673
0.8,8,2.650714910538348e-05,1.1386645449199713,90206.14789241673
0.8,8,4.232521228153908e-05,1.1303392119257492,90206.14789241673
0.8,8,6.758265808047662e-05,1.1254845127967585,51405.78173462446
0.8,8,0.0001079124102873023,1.113170185757965,25077.983148674502
0.8,8,0.0001723088233692767,1.1059128786787664,40801.403327321124
0.8,8,0.00027513360633738123,1.0614857714404895,9345.141495322172
0.8,8,0.00043931877576566586,1.0643778772225434,113989.57540823254
0.8,8,0.0007014809615935367,1.0301083111255898,26237.719767039984
0.8,8,0.0011200876598560566,0.9113316710919416,13927.278912823305
0.8,8,0.0017884966726848613,0.8544552927113369,7009.816588890443
0.8,8,0.002855776795733907,0.804827616999695,2892.245270169382
0.8,8,0.004559953189518312,0.7120366072278738,1437.2888197631733
0.8,8,0.007281091828205916,0.6483648761757024,2064.223600978999
0.8,8,0.011626061936913677,0.6331615230567589,1704.6697515425178
0.8,8,0.01856388016387072,0.6207425458499954,671.4704714163105
0.8,8,0.02964182098878763,0.6106341029129099,954.2042394891047
0.8,8,0.047330490381065245,0.6088606009023487,215.65092494431158
0.8,8,0.07557482114744173,0.605184568658528,168.67857744195962
0.8,8,0.12067387313089692,0.6119073153793347,529.6610258060759
0.8,8,0.19268565158760917,0.6116826996978605,74.7420035510693
0.8,8,0.3076702467937559,0.627782127015914,183.03724021109053
0.8,8,0.49127156060756694,0.6794967577582394,35.50564102267909
0.8,8,0.7844364178105908,0.8029585186773092,36.197693127152284
0.8,8,1.25254654030147,1.068578602610451,13.303910771505016
0.8,8,2.0,1.1948094834718481,0.0
0.8,9,7.677539748396357e-07,1.2612832744885454,454330.27028652345
0.8,9,1.2777821869072217e-06,1.2609067715869124,363315.93845284195
0.8,9,2.1266282828668315e-06,1.2574988655309054,282120.8475073024
0.8,9,3.5393730636014207e-06,1.2574988655309054,282120.8475073024
0.8,9,5.8906212168211585e-06,1.259561254822926,282120.8475073024
0.8,9,9.803831835900284e-06,1.2586207627375752,188388.8582209
0.8,9,1.6316635398682126e-05,1.2581301194545953,122416.07176436018
0.8,9,2.715597280632859e-05,1.2573463687638091,91096.37471327599
0.8,9,4.5196012599363426e-05,1.2273516201637378,50726.01862272444
0.8,9,7.522026809534081e-05,1.217465314363964,41214.415371104136
0.8,9,0.00012518999811975977,1.1809727448686362,19103.045746371805
0.8,9,0.00020835522161873545,1.170065102985996,30914.367334472776
0.8,9,0.0003467681047032493,1.14307818112649,7936.178610868604
0.8,9,0.0005771303330209933,1.082344312744782,6174.161166787947
0.8,9,0.000960524964018703,0.9481488961780425,19340.970759044496
0.8,9,0.0015986132658696547,0.8644356633688028,4672.6946793290645
0.8,9,0.002660591311570201,0.8126079186797732,15491.506454704842
0.8,9,0.004428054163151192,0.7508978477531459,3097.8601917147635
0.8,9,0.007369663873790791,0.71556552456267,2413.539186779088
0.8,9,0.012265420343008291,0.6930677296637431,4438.818121104299
0.8,9,0.0204134867976412,0.6686026095563327,841.4580983234098
0.8,9,0.033974411930774974,0.6563782645191348,642.8167355395464
0.8,9,0.056544022953264536,0.6453185971220426,385.5138611045926
0.8,9,0.09410689839912048,0.6442373439915172,118.52737846432608
0.8,9,0.1566232443988329,0.6456920589251675,317.91135106559136
0.8,9,0.2606699519728922,0.6489816044912646,52.744410591709595
0.8,9,0.4338361404934367,0.6745590801840552,87.04375994115703
0.8,9,0.7220387136059849,0.761988076141465,79.4338551028644
0.8,9,1.2016977270561708,1.0171230183716091,80.07528469035262
0.8,9,2.0,1.1838957276468982,0.0
1.6,0,3.47319144555769e-07,5.024471926730292,1386487.4492117309
1.6,0,5.940767550368232e-07,5.024471926730292,1386487.4492117309
1.6,0,1.016146666278603e-06,5.024471926730292,1386487.4492117309
1.6,0,1.738081886952667e-06,5.024471926730292,1386487.4492117309
1.6,0,2.972925804910019e-06,5.0235759861631735,1386487.4492117309
1.6,0,5.085081380714358e-06,5.0229141754093005,495093.36181057576
1.6,0,8.697846614867146e-06,5.01672876767563,329200.9834088424
1.6,0,1.4877350050419081e-05,5.014218641143481,196735.45063295195
1.6,0,2.5447165755300658e-05,5.024751972616449,196735.45063295195
1.6,0,4.352645079823913e-05,5.018295198191632,108558.16030191095
1.6,0,7.445040981418106e-05,5.0011631603491375,111817.9234440074
1.6,0,0.0001273447161403692,4.836587773944191,42905.84250443153
1.6,0,0.00021781850186380487,4.819672930314895,36523.89743204537
1.6,0,0.0003725706192779517,4.734315704631338,17325.8707859471
1.6,0,0.0006372684834456777,4.569293486429041,31530.983670691632
1.6,0,0.0010900245456289708,4.0941338346920535,14162.886636779693
1.6,0,0.0018644473105736564,3.3193911139823724,12662.944072924603
1.6,0,0.0031890692625637243,2.794172075112698,7978.260246914682
1.6,0,0.005454786897839201,2.4120732587163634,6372.711163672328
1.6,0,0.00933021444536395,2.2824971333331034,1670.8976687782906
1.6,0,0.015958992207553046,2.152267262724375,2444.736958531789
1.6,0,0.02729727529545587,2.114346006093683,1205.309947071992
1.6,0,0.04669099582636834,2.1041279851721133,3728.99349724594
1.6,0,0.07986324890165336,2.069648635574528,529.7123699519294
1.6,0,0.13660318038291763,2.0860746889966517,559.4131928462347
1.6,0,0.23365476796100662,2.093602413094264,223.35165000937843
1.6,0,0.39965797602863756,2.1203127409917357,60.91839691022497
1.6,0,0.6836004212418337,2.224481569106087,135.17444342771915
1.6,0,1.169273638838946,2.530778582323222,58.74691109643339
1.6,0,2.0,2.7406166372013394,0.0
1.6,1,4.2022537005692644e-08,5.304432500113261,1769453.2463394802
1.6,1,7.730815226941543e-08,5.304432500113261,1769453.2463394802
1.6,1,1.4222250328440403e-07,5.304432500113261,1769453.2463394802
1.6,1,2.6164433952568535e-07,5.304432500113261,1769453.2463394802
1.6,1,4.81342676615222e-07,5.304432500113261,1769453.2463394802
1.6,1,8.855180003172244e-07,5.304432500113261,1769453.2463394802
1.6,1,1.6290725235498846e-06,5.308420148695629,1769453.2463394802
1.6,1,2.996977233703301e-06,5.3096756194382575,1769453.2463394802
1.6,1,5.513488447870711e-06,5.305867513719871,696385.8829295397
1.6,1,1.014307166666092e-05,5.309617292104886,402052.21202090796
1.6,1,1.8660037797803374e-05,5.292954536882377,265574.9783598404
1.6,1,3.432855667972184e-05,5.281887804541596,118440.18554911551
1.6,1,6.315366648676347e-05,5.29659892166241,74692.26240053654
1.6,1,0.00011618273462330944,5.267049746204093,127335.63561888484
1.6,1,0.00021373941649736978,5.063477192348759,50538.747147689275
1.6,1,0.000393212798035403,4.7570493411352235,24657.67222789907
1.6,1,0.0007233869497380844,4.385784225240037,19255.507612405472
1.6,1,0.001330802765489478,3.902335843079836,34183.18007655584
1.6,1,0.0024482553926023715,3.6001165980524825,20943.489685270524
1.6,1,0.004504014135559724,3.3001614068833955,18074.30197156236
1.6,1,0.008285958807491361,2.840551129106101,3862.981947554546
1.6,1,0.01524353860645941,2.741785233090691,2230.90823723867
1.6,1,0.028043280765110264,2.73851278548867,3302.3359979596653
1.6,1,0.05159075044016084,2.729188078838197,486.32531811305677
1.6,1,0.09491063307722393,2.751094053484402,482.27901185662813
1.6,1,0.1746054902141359,2.711479585514409,1243.322279143345
1.6,1,0.32121877417162514,2.7135453415457507,237.30232642293987
1.6,1,0.590940758814513,2.7974965849197293,69.48883781271525
1.6,1,1.0871437428551112,3.0515598083817963,46.66984907106205
1.6,1,2.0,3.268563601646101,0.0
1.6,2,7.34110382927255e-07,5.63366451022115,1987887.1661409577
1.6,2,1.2236780824731682e-06,5.637019318570029,1148454.805743617
1.6,2,2.0397314686578777e-06,5.637019318570029,1148454.805743617
1.6,2,3.3999991695728186e-06,5.629510750583589,921281.6757962898
1.6,2,5.667409916807438e-06,5.603764076007639,495426.2562966777
1.6,2,9.44692441473825e-06,5.592679514331533,405139.54388097266
1.6,2,1.5746942996502158e-05,5.5466231861200335,376346.341365081
1.6,2,2.624835373386005e-05,5.521981000434206,138507.395513141
1.6,2,4.375300487789183e-05,5.4937323484041,87597.50270772865
1.6,2,7.293125714681949e-05,5.361556445901069,72355.5945717735
1.6,2,0.00012156806792721943,5.261441724591516,40701.496778449306
1.6,2,0.00020264007118107844,5.13506492136988,40841.81192555081
1.6,2,0.0003377778321923827,4.87231033727945,22445.606833405553
1.6,2,0.0005630370304135531,4.600254788358743,66268.75920692857
1.6,2,0.0009385183614902176,4.082269730474181,29818.111461721313
1.6,2,0.001564402814158277,3.7595212673582936,21277.967951675404
1.6,2,0.0026076806436267533,3.222470359040825,11017.201431500078
1.6,2,0.00434670551446455,3.043929595083126,5207.847583564784
1.6,2,0.007245461163219358,2.8451696024749786,4276.928295041333
1.6,2,0.012077355434599051,2.775955627820244,1986.7953553978077
1.6,2,0.02013157078725245,2.713767902503784,3207.1486452476142
1.6,2,0.03355702699625082,2.657150446470315,775.1615005006464
1.6,2,0.055935727655198664,2.64856451192837,2602.4520782240265
1.6,2,0.09323846324843137,2.6363669140884305,799.3113781873751
1.6,2,0.15541785891331183,2.622150464243285,229.00606633500624
1.6,2,0.25906380293761955,2.646229144311844,98.6213795194772
1.6,2,0.43182974248754885,2.687604456318661,35.766711687693736
1.6,2,0.7198108125578826,2.7733431712252172,587.2215847830473
1.6,2,1.1998423334404267,3.007578374563228,30.97083358185763
1.6,2,2.0,3.1430749798221176,0.0
1.6,3,6.329006996264047e-07,5.684629657432114,6330192.779465197
1.6,3,1.0603835200992614e-06,5.656660445934349,847402.9153219779
1.6,3,1.7766028863008576e-06,5.656660445934349,847402.9153219779
1.6,3,2.976581355505292e-06,5.653547385354568,397320.7565207867
1.6,3,4.987066403111383e-06,5.644366803538867,397320.7565207867
1.6,3,8.355501946232002e-06,5.644366803538867,397320.7565207867
1.6,3,1.399909428315013e-05,5.646390484464039,397320.7565207867
1.6,3,2.3454562276405638e-05,5.623145792860529,175907.4469442904
1.6,3,3.929657736786098e-05,5.6240671935256845,175907.4469442904
1.6,3,6.58388323188495e-05,5.596686641681993,63153.49221222919
1.6,3,0.00011030863580131538,5.529090220476246,55957.85976259821
1.6,3,0.00018481486842626682,5.393845646291343,39522.56505064083
1.6,3,0.0003096451637108459,5.161313625090154,13698.440930733788
1.6,3,0.000518790118056808,4.888176362245819,14258.07115052488
1.6,3,0.0008691987414495164,4.657879118629774,44659.38249998415
1.6,3,0.0014562853567204907,4.02643318518501,13848.543835133938
1.6,3,0.002439910389955048,3.3580234173395525,13954.073818391704
1.6,3,0.004087909477038845,3.0428122013979713,14514.48921610329
1.6,3,0.00684902362040104,2.7692445977494207,2644.1003641834986
1.6,3,0.011475088872758207,2.667314464667612,4071.5758350651276
1.6,3,0.019225757120398014,2.6594528861005973,3748.112471371604
1.6,3,0.03221149229876843,2.63670326628319,937.3214949255092
1.6,3,0.05396823800571021,2.6127315920622864,1685.3552698005176
1.6,3,0.09042023531310743,2.6310052690535564,595.9367792122573
1.6,3,0.15149316072191663,2.599571647176427,216.29625955886027
1.6,3,0.25381683277028116,2.602952372902405,93.51595414110535
1.6,3,0.4252534192998514,2.6177941016758113,75.01466996307946
1.6,3,0.7124841510802632,2.698859522254298,35.8482937691005
1.6,3,1.193720361793551,2.974957952774172,46.60496446748688
1.6,3,2.0,3.1918430276180776,0.0
1.6,4,1.3661500153361332e-08,5.6946211480419064,6583952.6716956915
1.6,4,2.6125730745683075e-08,5.6946211480419064,6583952.6716956915
1.6,4,4.996184894292075e-08,5.6946211480419064,6583952.6716956915
1.6,4,9.554513035803606e-08,5.6946211480419064,6583952.6716956915
1.6,4,1.8271685552637265e-07,5.6946211480419064,6583952.6716956915
1.6,4,3.494207310026168e-07,5.6946211480419064,6583952.6716956915
1.6,4,6.682188509794073e-07,5.694621148041994,1719904.0246870026
1.6,4,1.2778761910405828e-06,5.694621148041994,1719904.0246870026
1.6,4,2.4437615868438168e-06,5.694621148041972,631727.8699947841
1.6,4,4.673356257205469e-06,5.681368504115756,484244.37577510084
1.6,4,8.937147888869465e-06,5.6115485497886315,425203.0184453337
1.6,4,1.7091060041565408e-05,5.640304382178553,218395.91175383254
1.6,4,3.2684289996832985e-05,5.622948520834073,123809.56881172353
1.6,4,6.250418698425181e-05,5.60131498079653,81305.03142625808
1.6,4,0.00011953061825546343,5.428586604569416,48030.96660644536
1.6,4,0.00022858578584716518,5.384232715788316,79225.73688662185
1.6,4,0.00043713872022056315,5.072897590807176,27394.981167916463
1.6,4,0.0008359673809457108,4.505720191073827,8660.557869726845
1.6,4,0.0015986720683370812,4.036196545583571,89994.95408813765
1.6,4,0.0030572393616481695,3.30911059564584,8212.462967744503
1.6,4,0.0058465477063931294,3.2215758741335354,2768.266113787994
1.6,4,0.011180714376483426,3.035203708264548,28651.77419383157
1.6,4,0.02138157084253469,2.924959053018078,2089.6712355354025
1.6,4,0.04088929886769176,2.9303205977553928,1226.4136615852228
1.6,4,0.07819513235039836,2.9168462918756033,551.2425390168235
1.6,4,0.14953738245992812,2.9186864260058845,351.5057716363392
1.6,4,0.28596957484212115,2.9649185554464457,256.1435139354583
1.6,4,0.5468772850648075,3.0438282807422197,77.367171033848
1.6,4,1.0458272181051769,3.326369974844349,54.20140919422781
1.6,4,2.0,3.547387171565906,0.0
1.6,5,1.2084720795169097e-06,5.170412158896778,1737676.252418059
1.6,5,1.9800573615212244e-06,5.179958353259272,636929.1286141026
1.6,5,3.2442844326876534e-06,5.177837806360924,440487.37971465307
1.6,5,5.31569523424973e-06,5.177837806360924,440487.37971465307
1.6,5,8.709660453543137e-06,5.175906742667123,393509.520373465
1.6,5,1.4270604666582257e-05,5.112291477644233,154819.11261767027
1.6,5,2.3382100672711406e-05,5.114570966675054,148550.66430412978
1.6,5,3.83111048650295e-05,5.1136738253376555,118830.34012025554
1.6,5,6.277198000829096e-05,5.097038587078246,49708.09080209765
1.6,5,0.00010285063529342403,4.980258860272962,48045.50029096399
1.6,5,0.00016851871135598655,4.826019753149328,52830.755519970684
1.6,5,0.0002761145421811315,4.802814730357069,45319.56337500532
1.6,5,0.0004524081616245248,4.681718125740409,14835.47253124121
1.6,5,0.0007412617353931922,4.323604291337856,21987.283730632276
1.6,5,0.001214542545795531,4.009065024390425,22780.760084499354
1.6,5,0.0019900036992534587,3.5872933636104745,7446.497218369396
1.6,5,0.0032605813083711713,3.198615854041268,25468.37133112857
1.6,5,0.0053423973395063445,2.942438948273783,17399.936948997674
1.6,5,0.008753411319597577,2.740159356660915,3092.3872953115424
1.6,5,0.014342289586633247,2.5684777438906066,1053.704423412984
1.6,5,0.023499554982217476,2.553855670353987,2391.821366262785
1.6,5,0.03850355140485593,2.4550806393291373,915.2848726802155
1.6,5,0.0630872998194321,2.4461596083833026,387.5552748969849
1.6,5,0.10336728050506461,2.4455724087658712,192.1083023108976
1.6,5,0.16936522421461392,2.445078499125621,109.62629516463377
1.6,5,0.2775015365898212,2.4575167998245786,276.72786741846045
1.6,5,0.45468072425618533,2.492018131279401,138.9298674929355
1.6,5,0.7449852838678368,2.6073332634472326,42.90017502508878
1.6,5,1.2206435055886193,2.8268907180684675,18.531915366204903
1.6,5,2.0,2.9088926896279306,0.0
1.6,6,2.1837815222802687e-07,4.925940841459377,6309873.41725634
1.6,6,3.795526023601356e-07,4.912486914724869,1431622.937813289
1.6,6,6.596821911375351e-07,4.912486914724869,1431622.937813289
1.6,6,1.1465620064201334e-06,4.903696034328771,1431622.937813289
1.6,6,1.992784483539411e-06,4.902145157872451,887589.9011877908
1.6,6,3.4635632225722685e-06,4.8871044341596805,867494.5266654773
1.6,6,6.019853273570478e-06,4.892344502748269,447778.9331221542
1.6,6,1.0462818521442807e-05,4.888778385495895,313951.9809566321
1.6,6,1.8184923525173857e-05,4.880561639234918,204509.63466498326
1.6,6,3.1606344212001027e-05,4.868209460242711,563699.408330815
1.6,6,5.493347239346942e-05,4.870343989181578,121285.63686413271
1.6,6,9.547723611952083e-05,4.8513263655771475,49014.81415726652
1.6,6,0.00016594440911596998,4.777860052588714,43023.77695791591
1.6,6,0.000288420025925093,4.7299158152630705,67939.8032698135
1.6,6,0.0005012890268360695,4.3291964025344525,12288.079271917633
1.6,6,0.0008712664372740801,4.0879260797481525,35476.331222199646
1.6,6,0.0015143064461463087,3.6945929614840236,9749.626867930372
1.6,6,0.002631943473014673,3.0632727424300366,12070.482516416612
1.6,6,0.00457445483559359,2.807243839785891,6130.9176718791605
1.6,6,0.00795064075556191,2.651324898675747,3411.0796432277875
1.6,6,0.01381862772633525,2.6175286483099116,2201.615314446508
1.6,6,0.024017494703865036,2.4834680715056994,1217.5495210880151
1.6,6,0.041743656698331515,2.419641953815879,1130.666593949563
1.6,6,0.07255264947628953,2.4121692884156443,2712.759629717504
1.6,6,0.12610028354894298,2.401376938959728,215.60445187280115
1.6,6,0.21916886048827738,2.4138733307233338,547.9228994188517
1.6,6,0.38092689449890393,2.448945530377774,152.269097078251
1.6,6,0.6620707824519626,2.526917789978409,78.33027568722858
1.6,6,1.1507135025295938,2.753253053017385,40.17774600155406
1.6,6,2.0,2.8723135395683346,0.0
1.6,7,8.188612392601162e-07,5.161000932058312,1617696.6352051033
1.6,7,1.3598154100382644e-06,5.161000932058312,1617696.6352051033
1.6,7,2.258133442789757e-06,5.161000932058298,1345182.7610297287
1.6,7,3.7498962048841928e-06,5.161000932058298,1345182.7610297287
1.6,7,6.227143746665666e-06,5.15667038875905,454418.5289388985
1.6,7,1.0340904687209831e-05,5.142129395230527,406007.0879556984
1.6,7,1.7172288628669702e-05,5.128278018238759,212485.83094776762
1.6,7,2.851660523581369e-05,5.110581103546894,212485.83094776762
1.6,7,4.735517738838712e-05,5.097843777820995,134453.8128320549
1.6,7,7.863884241975842e-05,5.056081633531839,71100.45334124191
1.6,7,0.0001305890480865586,4.876943979766916,50192.43692671444
1.6,7,0.00021685847547354994,4.85936974877266,28619.621771518756
1.6,7,0.00036011900748017387,4.788611676403187,26540.923819704065
1.6,7,0.0005980199725434443,4.41357106638924,27008.753591575427
1.6,7,0.0009930825092051025,4.080565693646651,37441.19749677365
1.6,7,0.0016491303223446392,3.827228464928254,57656.372878934046
1.6,7,0.0027385748866460427,3.4329727929051455,5262.086368598973
1.6,7,0.004547725736499472,3.1431969100734665,14395.219279453313
1.6,7,0.007552033532210201,3.0311980728983934,3487.662434955494
1.6,7,0.012541040022243656,2.9838239739895083,4361.873433953936
1.6,7,0.020825872153336096,2.948247317871109,1035.7646009835096
1.6,7,0.03458381044776426,2.9281483584611276,3947.0613639548224
1.6,7,0.05743048532521108,2.8947618539232316,428.6079695369728
1.6,7,0.09537007640239659,2.8535052024146155,328.8177463979152
1.6,7,0.15837323020159472,2.858782260642519,136.16330381478116
1.6,7,0.26299737811531226,2.903104092244697,102.25558688654156
1.6,7,0.4367380826133586,2.9625855022051297,82.47771922838841
1.6,7,0.725254959466411,3.0728154639281104,209.9995287989325
1.6,7,1.2043711715799337,3.281556611141973,42.54434113215614
1.6,7,2.0,3.3565212411482985,0.0
1.6,8,3.772331593765441e-07,4.703774128973053,5163658.003011632
1.6,8,6.4340794184117e-07,4.703774128973053,5163658.003011632
1.6,8,1.0973949912262971e-06,4.7037741289730866,1626753.4061086844
1.6,8,1.8717141776683995e-06,4.7037741289730866,1626753.4061086844
1.6,8,3.1923910632853103e-06,4.703774128973094,928257.0844110969
1.6,8,5.444934286729262e-06,4.715510496304094,627142.9059760325
1.6,8,9.2868664267872e-06,4.714879985794251,455846.92760032765
1.6,8,1.5839656364483806e-05,4.722288119943725,254064.70605751986
1.6,8,2.7016078644272013e-05,4.696590875883251,101575.5385091445
1.6,8,4.607855678927647e-05,4.67880792473425,101575.5385091445
1.6,8,7.85914722761863e-05,4.65008527871368,59421.39271847553
1.6,8,0.0001340454203629922,4.685036122771705,41162.02433649916
1.6,8,0.00022862753680383355,4.50772224664422,29288.91002016308
1.6,8,0.0003899465602289187,4.279125508847539,15620.950401197984
1.6,8,0.000665091886830914,3.818032967057194,11026.4438265403
1.6,8,0.0011343790740675457,3.7118416610401357,15408.226708193677
1.6,8,0.001934794137715121,3.3412734596665996,10084.701586904672
1.6,8,0.0032999800868275713,2.9850362253977356,10797.988971360966
1.6,8,0.005628437858675147,2.734998522573245,2635.28739190888
1.6,8,0.009599849664372507,2.4814073920031525,3974.8517184946163
1.6,8,0.016373479798930463,2.401964832929885,2006.4826051497637
1.6,8,0.027926566571238917,2.367279437386604,2675.976596726757
1.6,8,0.04763148274130348,2.379488117392135,2872.0902580586267
1.6,8,0.08124013893178139,2.359297697135383,2446.742734483266
1.6,8,0.13856297964732517,2.3342906025565475,235.1655673244117
1.6,8,0.23633267472458783,2.3479483005910953,214.63344519424322
1.6,8,0.4030884243730683,2.395553557165597,131.4716281082713
1.6,8,0.6875066177493675,2.5088158554669415,230.5498626173967
1.6,8,1.1726095835779007,2.8470176810291195,28.55968651518189
1.6,8,2.0,3.0738191434554705,0.0
1.6,9,6.640433090066012e-07,5.614744849752594,4215984.073624453
1.6,9,1.110719662156242e-06,5.616714306575225,2248401.9012013464
1.6,9,1.8578579908380822e-06,5.613932871696754,779684.1152826451
1.6,9,3.1075674913508318e-06,5.613932871696754,779684.1152826451
1.6,9,5.197908430527689e-06,5.603712513645374,358147.9032512734
1.6,9,8.694341193666636e-06,5.604612930851305,261868.7952151777
1.6,9,1.454268958412847e-05,5.604469303429047,256598.53951792576
1.6,9,2.4324996641997178e-05,5.611506937049663,256598.53951792576
1.6,9,4.0687484815666195e-05,5.605972519266456,132312.2866270287
1.6,9,6.805638845461918e-05,5.569743105136586,56686.42438385978
1.6,9,0.00011383529924422011,5.503468635702998,42256.449671745744
1.6,9,0.00019040791978936712,5.179917301644508,30852.971656243873
1.6,9,0.00031848799238216044,4.956346560550226,19327.768546159743
1.6,9,0.0005327225958028836,4.690432546966062,18594.853959461758
1.6,9,0.0008910645640242313,4.484361749460688,11677.33991657387
1.6,9,0.0014904493699258918,3.9585588892796397,16341.523792504513
1.6,9,0.002493017244766204,3.3369835200691904,8422.523283103792
1.6,9,0.004169973907272479,2.9969012014136944,4355.051045092259
1.6,9,0.0069749547155515245,2.6558260480677736,7370.7713142766215
1.6,9,0.011666738057796559,2.6496163471371608,4023.2473814340838
1.6,9,0.019514503313657127,2.551255992784371,1977.2861632597899
1.6,9,0.0326411579391076,2.518702968658197,1464.5766949933281
1.6,9,0.054597607455380164,2.490350720662533,650.8534751892705
1.6,9,0.09132331473695508,2.501406324763611,281.0976869684985
1.6,9,0.15275299052913235,2.515403185277123,469.96214145627573
1.6,9,0.2555040427825271,2.5449191295749474,125.71886032660025
1.6,9,0.4273717696267628,2.5623569019044465,56.78740984015761
1.6,9,0.7148482954900677,2.663071419050461,54.013813724707596
1.6,9,1.195699205895922,2.9099136905887724,69.09022542829445
1.6,9,2.0,3.060952594975397,0.0
3.2,0,8.981473982316858e-07,20.6682370570488,2784855.6770255147
3.2,0,1.4867338016783313e-06,20.6682370570488,2784855.6770255147
3.2,0,2.4610408062249036e-06,20.66823705704881,1641731.887455142
3.2,0,4.073844183179836e-06,20.66823705704881,1641731.887455142
3.2,0,6.743572226372718e-06,20.631374257112185,1131379.5918940932
3.2,0,1.1162863459546826e-05,20.63189795534944,483089.4890993725
3.2,0,1.8478265885425447e-05,20.644689866498055,483089.4890993725
3.2,0,3.058769923773125e-05,20.662282954716712,378190.64307555644
3.2,0,5.0632854319725666e-05,20.490596631465028,169134.58134274368
3.2,0,8.381427830309461e-05,20.54394243308172,157739.01976520263
3.2,0,0.00013874061302390092,20.4406233950919,68521.02102899551
3.2,0,0.00022966203482225863,19.965362686532494,42580.22216281049
3.2,0,0.00038016734313847986,18.8565389778975,27806.0517550244
3.2,0,0.0006293038764583969,17.748369176217054,34126.47221664134
3.2,0,0.0010417080164124178,16.42380252674603,19595.42090532801
3.2,0,0.0017243745542534163,15.19986245137547,266375.6874809317
3.2,0,0.0028544155910378024,13.932163247409598,33217.366624580565
3.2,0,0.004725010785076967,12.356788364608065,48213.52673580824
3.2,0,0.007821470352527242,11.551617712304083,9472.03129845812
3.2,0,0.012947144727938648,11.088754507119706,4761.177522572009
3.2,0,0.021431847088958966,10.702011298935094,5015.650540970725
3.2,0,0.03547686221915343,10.628973741541007,4971.01721053166
3.2,0,0.05872605136144295,10.492407486063824,3570.754858966281
3.2,0,0.09721122142095515,10.487950979625552,764.1271286867217
3.2,0,0.16091702661892976,10.4190731709353,595.0310241982706
3.2,0,0.26637140319168434,10.335501920035954,249.21128549981236
3.2,0,0.4409336036660289,10.334695502057029,92.43712604784112
3.2,0,0.7298923251982923,10.314988844849744,73.57317531841635
3.2,0,1.2082154817732575,10.392199978804042,88.56849687083418
3.2,0,2.0,10.495502815805239,0.0
3.2,1,7.779782595918046e-08,23.140544086002183,111222976.92233667
3.2,1,1.4011571866036369e-07,23.14054408600194,7547876.1883464465
3.2,1,2.523517125788464e-07,23.14054408600194,7547876.1883464465
3.2,1,4.544913836244053e-07,23.14054408600194,7547876.1883464465
3.2,1,8.185496966829049e-07,23.14054408600194,7547876.1883464465
3.2,1,1.4742273012889232e-06,23.140544086001583,3410897.235392032
3.2,1,2.6551181249872845e-06,23.140544086001647,2961357.2129406137
3.2,1,4.781930338335508e-06,23.121366954756287,1620753.8557632342
3.2,1,8.612369274833317e-06,23.05936428331398,1088702.8784444712
3.2,1,1.5511080103252022e-05,22.949352431109336,348547.9335354367
3.2,1,2.7935820944481824e-05,22.93809471111701,348547.9335354367
3.2,1,5.031307211665615e-05,22.797666051672103,165277.19349276874
3.2,1,9.061502902838003e-05,22.732166027374596,100270.36223997339
3.2,1,0.00016319980355753032,22.330450207929875,47781.590595889764
3.2,1,0.00029392669369310515,21.632561887828377,43748.009616175084
3.2,1,0.0005293689047542625,19.915949749072926,40203.730244434875
3.2,1,0.0009534058774985652,17.632725704966685,82412.28703628902
3.2,1,0.001717106462214222,15.551048669539655,67839.2001993021
3.2,1,0.003092549219765308,12.632825015103109,18905.48017327777
3.2,1,0.005569754052604477,11.840746374058096,26223.92580225787
3.2,1,0.010031258357420176,10.468946059412037,4586.495970193723
3.2,1,0.018066532791741217,10.078615859889943,4610.843895966733
3.2,1,0.03253825148204069,10.081722176664453,3898.7568042722173
3.2,1,0.05860215801852726,10.049243525627663,3462.0871861636742
3.2,1,0.1055438681554213,9.98281676029146,511.4587905089011
3.2,1,0.19008699477734498,9.975983396467706,505.75793609371425
3.2,1,0.34235115895386464,9.93160282980815,299.81593776653034
3.2,1,0.6165825083106791,10.000144275993465,132.4504903468899
3.2,1,1.1104796335914286,10.331539530668053,62.63938765322263
3.2,1,2.0,10.641881741308145,0.0
3.2,2,1.6600165975155797e-07,18.899586292178892,21256695.568010256
3.2,2,2.9126077551197237e-07,18.899586292178892,21256695.568010256
3.2,2,5.110360913185961e-07,18.899586292178302,6895144.653207948
3.2,2,8.96646265433888e-07,18.8995862921784,6098068.614736563
3.2,2,1.5732245510137885e-06,18.899586292178743,1972716.5274688734
3.2,2,2.760325429688663e-06,18.899586292178743,1972716.5274688734
3.2,2,4.843171607559742e-06,18.899586292178686,786093.5418125346
3.2,2,8.497661532219573e-06,18.91202345975878,786093.5418125346
3.2,2,1.49097032621043e-05,18.91202345975879,575080.3393067579
3.2,2,2.6160050093915602e-05,18.933062982192258,271058.1489853307
3.2,2,4.589951985533924e-05,18.57902205954163,226350.92851579282
3.2,2,8.05337113418097e-05,18.205289253499558,123101.98358788852
3.2,2,0.00014130166683500687,17.90566906389367,72168.34071169652
3.2,2,0.00024792302152335714,17.63090836860429,358974.5958260205
3.2,2,0.00043499716583699215,16.518892456711,106072.55136687066
3.2,2,0.0007632309945383153,15.762175455057031,25928.949776935875
3.2,2,0.0013391387272675584,14.356422472810472,23657.10459775224
3.2,2,0.0023496065328853077,13.005075225571277,28127.60747754728
3.2,2,0.00412253842485903,11.600194943870779,36208.280644967526
3.2,2,0.007233263453506385,10.381153294752446,25043.86424627611
3.2,2,0.012691234088283916,9.813221320942601,6669.644790173433
3.2,2,0.02226760074742482,9.517655396737268,5852.820839428994
3.2,2,0.03906996274731559,9.324666807816156,1370.0212448893233
3.2,2,0.06855080645601935,9.214492247132219,1647.9892269207367
3.2,2,0.12027687602782494,9.188217835705894,596.71166687439
3.2,2,0.21103365014814476,9.183710175154067,257.0131213758331
3.2,2,0.3702723496455531,9.240530481986909,294.3527177063442
3.2,2,0.6496670688100864,9.288555901726816,247.68624576541458
3.2,2,1.1398833877288372,9.524818010319047,102.0726128227578
3.2,2,2.0,9.690372824887568,0.0
3.2,3,3.816649605248304e-07,18.32865251765655,3427879.4081099955
3.2,3,6.50704687904899e-07,18.32865251765655,3427879.4081099955
3.2,3,1.1093934069272941e-06,18.282717136723758,1987900.6242661737
3.2,3,1.8914167274504437e-06,18.282717136723758,1987900.6242661737
3.2,3,3.2246966806733574e-06,18.267154717720082,1333743.3757831603
3.2,3,5.497819984051189e-06,18.228139736616537,1333743.3757831603
3.2,3,9.373292303175967e-06,18.156164984435346,556820.7000732076
3.2,3,1.5980626658502765e-05,18.10494766836805,294780.7490700438
3.2,3,2.7245541922545004e-05,17.931498133537392,294780.7490700438
3.2,3,4.645121687128552e-05,17.757745622715206,345331.5168488918
3.2,3,7.919517824080218e-05,17.67956438771607,94572.1325645035
3.2,3,0.00013502070944603105,17.54759549943359,90219.12189125366
3.2,3,0.00023019825681656143,17.233069571767054,191254.17079567706
3.2,3,0.00039246747894303337,16.716386358060987,91167.52521867448
3.2,3,0.0006691220175079046,15.463260404655149,34575.44761425152
3.2,3,0.0011407933098549448,14.4123647550839,84665.58931174876
3.2,3,0.0019449507589913138,12.979497932394437,42188.25018786879
3.2,3,0.003315967425669673,11.419410552335139,32205.194758162936
3.2,3,0.005653428456875132,11.241461946132027,12281.224142563262
3.2,3,0.00963859085875995,10.440685411928394,4543.631836044295
3.2,3,0.01643293701357314,10.0187702399182,3102.157614729983
3.2,3,0.02801669070190243,9.673891419159252,2358.0471513809352
3.2,3,0.04776595670255009,9.483251674625901,1416.29960143911
3.2,3,0.0814366922912476,9.477004783072928,2387.2443778916295
3.2,3,0.13884229081054472,9.48579992965896,629.3608145558575
3.2,3,0.23671371190491874,9.537769836499095,241.6743033295464
3.2,3,0.4035757482586075,9.509599645530596,394.2383297910874
3.2,3,0.6880606250976998,9.659499230098664,1172.4562377209534
3.2,3,1.1730819452175527,10.037416878636877,32.13505423943224
3.2,3,2.0,10.365635200247448,0.0
3.2,4,1.7196179502576567e-07,19.448512165624194,8355575.638869152
3.2,4,3.0135144695206e-07,19.448512165624194,8355575.638869152
3.2,4,5.280980846152101e-07,19.44851216562401,2390153.611430165
3.2,4,9.254562730492564e-07,19.44851216562401,2390153.611430165
3.2,4,1.6217996964527347e-06,19.445853933444667,2080770.101605825
3.2,4,2.8420945775729708e-06,19.444288287435278,2032406.3783925115
3.2,4,4.98057904779309e-06,19.424285828222494,1311379.7406251477
3.2,4,8.728128840982816e-06,19.564510222333283,1019219.6228621871
3.2,4,1.529545708115038e-05,19.33845732675738,893665.6943653626
3.2,4,2.680425685546705e-05,19.397582417614377,413812.2356346103
3.2,4,4.697265219090904e-05,19.2302243798669,177973.66072719247
3.2,4,8.231640465712372e-05,19.290885556085485,110230.11675934949
3.2,4,0.0001442539469165155,18.947018293314315,66357.24177361735
3.2,4,0.00025279531203616616,18.55734729968698,74898.30007463381
3.2,4,0.0004430067332885292,17.221854745403565,292883.4152656445
3.2,4,0.0007763394192646152,15.814618913878284,43148.02757870949
3.2,4,0.0013604824681334596,14.19207617391466,23533.786271713656
3.2,4,0.0023841537608019184,12.816532783962131,231760.17229104345
3.2,4,0.004178068654529937,11.014501925440639,34945.58080577099
3.2,4,0.007321783506150274,10.121402189404684,17101.792683515596
3.2,4,0.012830931739910685,9.840717420794444,8491.556970846636
3.2,4,0.022485342427286524,9.44196119456146,3516.8107026627317
3.2,4,0.03940404596648963,9.381328652183765,1741.8268054618673
3.2,4,0.0690529327516495,9.273663429673212,1006.8770973881807
3.2,4,0.12101060702393199,9.208250392138835,2176.3232687647705
3.2,4,0.21206292663870563,9.18814803424878,485.12953458154294
3.2,4,0.3716259752806564,9.191521047206406,114.48226637269565
3.2,4,0.6512494554910665,9.30685706188524,66.724205459021
3.2,4,1.141270743943842,9.751628050503959,41.16424377241635
3.2,4,2.0,10.024029680767166,0.0
3.2,5,9.195209837997706e-08,20.1228122845073,27816553.082588788
3.2,5,1.6465608857680346e-07,20.12281228450818,10119914.640349662
3.2,5,2.9484512026444205e-07,20.12281228450818,10119914.640349662
3.2,5,5.279710315917245e-07,20.136256414463396,4172162.0047138077
3.2,5,9.45423176581726e-07,20.136256414463297,1652550.532735022
3.2,5,1.692943228576731e-06,20.136256414463297,1652550.532735022
3.2,5,3.0315067857193076e-06,20.136256414463297,1652550.532735022
3.2,5,5.4284356597051e-06,20.14573352676467,1129676.22452855
3.2,5,9.72055014040349e-06,20.144197634416273,760660.5251374277
3.2,5,1.7406321260005763e-05,20.13145879373963,273749.7670231605
3.2,5,3.1169019801378466e-05,20.098262632721834,257943.69645189214
3.2,5,5.5813504810516254e-05,20.086573716371046,171651.73934418455
3.2,5,9.994370497001468e-05,19.939860558148762,106901.20153473323
3.2,5,0.0001789664382669497,19.595547030209037,60686.28936401061
3.2,5,0.00032047026909365946,18.179433801829212,44326.2072994354
3.2,5,0.000573857279428959,17.387375143640362,22205.016833078826
3.2,5,0.0010275904160624734,16.36353353764809,38686.71544404498
3.2,5,0.001840077839971303,14.961659831620496,18820.434504380155
3.2,5,0.0032949766796458793,12.217330581337727,11820.600866197346
3.2,5,0.005900223938123998,10.537074766545055,15348.276497789177
3.2,5,0.010565368409148462,10.080992616524831,5367.4435439279205
3.2,5,0.018919114052563333,10.203824432989263,3831.077226216643
3.2,5,0.03387793616585754,10.116571099813024,1196.3265416517258
3.2,5,0.060664286692770124,9.941597017312402,1240.5117979815404
3.2,5,0.10862986640997013,10.022607475202586,716.3082474735804
3.2,5,0.19452050818648026,9.951071535126362,201.11289003909206
3.2,5,0.3483225134635139,10.035959679936006,199.33801245768282
3.2,5,0.6237315258770875,10.189526443567743,151.2579671534939
3.2,5,1.1168988547555114,10.490378991814332,269.3256326623088
3.2,5,2.0,10.610923127419023,0.0
3.2,6,4.3021343687499314e-07,19.67147117202969,5970625.830175785
3.2,6,7.304532979374705e-07,19.67147117202979,1409191.516300697
3.2,6,1.2402263033517567e-06,19.67147117202979,1409191.516300697
3.2,6,2.1057626652775217e-06,19.637834307403804,677193.9689086834
3.2,6,3.5753445887198224e-06,19.637834307403804,677193.9689086834
3.2,6,6.0705269111623445e-06,19.634684605444598,677193.9689086834
3.2,6,1.0307061617336592e-05,19.634684605444598,677193.9689086834
3.2,6,1.7500213859233503e-05,19.494076035139315,369339.4427404262
3.2,6,2.971336511695825e-05,19.361176305863037,301272.7128972504
3.2,6,5.0449901565508126e-05,19.022043038371912,117100.95214927148
3.2,6,8.565817294510499e-05,19.045085266622245,109320.18660104625
3.2,6,0.000145437797985912,18.432340620436456,89439.36074609985
3.2,6,0.00024693677620869385,18.025666009752026,89873.1678069091
3.2,6,0.00041927045299633225,17.493345488130558,26283.385770000612
3.2,6,0.0007118733606823569,15.924686195530935,37835.57915322037
3.2,6,0.0012086796911816387,14.651643974155565,80603.71374499088
3.2,6,0.0020522001195193034,12.969441170364298,22910.496941999394
3.2,6,0.0034844015013090366,11.232070279441535,53904.672095433576
3.2,6,0.005916115931797394,9.847859702807222,12939.881869967248
3.2,6,0.010044889403622923,8.93553890414892,8560.326513215652
3.2,6,0.017055075372798077,8.889852513599925,1659.0213789120403
3.2,6,0.028957570788874284,8.773974742649761,7195.0045707526615
3.2,6,0.04916664908617708,8.7138029604021,2010.4781195365076
3.2,6,0.08347935674535396,8.514705489036132,1994.2614446784896
3.2,6,0.1417384168362475,8.506115065505726,441.017830282035
3.2,6,0.24065564937841885,8.470469831757546,526.8570615166641
3.2,6,0.4086058167607354,8.426923226336491,264.53633742706137
3.2,6,0.6937660259459503,8.428273244239417,71.48290076397261
3.2,6,1.177935504130809,8.469624948399028,33.89632228905985
3.2,6,2.0,8.530311826411218,0.0
3.2,7,8.983339894186326e-08,20.047410887620476,5453473.607888315
3.2,7,1.60991548995527e-07,20.047410887620476,5453473.607888315
3.2,7,2.885149527154426e-07,20.047410887620476,5453473.607888315
3.2,7,5.170512269728324e-07,20.047410887620476,5453473.607888315
3.2,7,9.266139199994472e-07,20.003214857242785,1500561.0423427126
3.2,7,1.6605963044776952e-06,20.003214857242785,1500561.0423427126
3.2,7,2.9759752437634635e-06,20.003214857242785,1500561.0423427126
3.2,7,5.3332821635289645e-06,20.003214857242785,1500561.0423427126
3.2,7,9.557841146502821e-06,20.001438415411762,606821.998748849
3.2,7,1.7128725722873753e-05,19.994658444737496,469805.44512581936
3.2,7,3.069660192006732e-05,19.911865354880195,260141.91816185342
3.2,7,5.5011761218218083e-05,19.95031084345281,216124.95277585753
3.2,7,9.858725992572704e-05,19.4730061415309,122304.02490945671
3.2,7,0.00017667945189226315,18.946147483229982,49642.21704004582
3.2,7,0.00031662943816947186,18.76769219357968,67559.57660268128
3.2,7,0.0005674355452305169,18.761334974914643,62795.937181706395
3.2,7,0.00101690828197319,17.004409450326033,24795.43272370196
3.2,7,0.0018224139510427879,14.625175754452943,21734.255693875773
3.2,7,0.0032659706561844535,12.518021871063839,18723.60553888529
3.2,7,0.005852986540711284,11.752964060961512,11967.731276433913
3.2,7,0.010489209809915901,11.06629118337132,7728.3789113179855
3.2,7,0.018797843062025147,10.75946568720741,6824.97418030818
3.2,7,0.033687847815807914,10.453089078950661,1836.4977424619442
3.2,7,0.06037241010665034,10.268516856488855,2125.847484234084
3.2,7,0.10819414531952536,10.296160502737774,880.3374213033308
3.2,7,0.19389607041931053,10.272645970922717,461.8855715485147
3.2,7,0.347483553874569,10.330117301213122,678.9819569564331
3.2,7,0.6227295888574915,10.432062050953057,73.60076801562364
3.2,7,1.1160014237065226,10.695617468692792,80.29430185700183
3.2,7,2.0,10.834562520160945,0.0
3.2,8,9.552254562894542e-07,19.56323041206398,5858338.954669669
3.2,8,1.5778611675083803e-06,19.56323041206422,1129570.8555348027
3.2,8,2.6063437145005184e-06,19.56323041206422,1129570.8555348027
3.2,8,4.305212459752281e-06,19.56323041206422,1129570.8555348027
3.2,8,7.111438994207389e-06,19.5632304120642,749458.0631705144
3.2,8,1.174682203053069e-05,19.568820010329144,648524.6915761756
3.2,8,1.9403643612686394e-05,19.580762091336297,379378.7488662359
3.2,8,3.205133988321233e-05,19.411231147229202,215744.62530643132
3.2,8,5.294306620007916e-05,19.475222919499178,206427.7714565774
3.2,8,8.745245187500205e-05,19.384918292616995,95590.02619905263
3.2,8,0.00014445576895843093,19.103425554645767,69435.01553049347
3.2,8,0.00023861502722871583,18.540461388171938,262256.4777569884
3.2,8,0.00039414923772096097,18.091691307053416,61883.67276490511
3.2,8,0.0006510638638324572,16.600105053976748,55330.74316070866
3.2,8,0.0010754407575146398,15.719733101780637,32803.72741729304
3.2,8,0.0017764352887219862,13.983174298645185,33561.94422044155
3.2,8,0.0029343525554207995,12.742655421100258,19179.870534510632
3.2,8,0.004847024248037283,11.379609191107008,10007.982339092132
3.2,8,0.008006414913456874,10.638867605163853,5105.644914054502
3.2,8,0.013225161766496636,10.00339599697614,3391.419213590666
3.2,8,0.02184559576796734,9.872955778102044,2559.00454766405
3.2,8,0.036085006965011324,9.733282074590687,1558.674875336606
3.2,8,0.05960596092207534,9.635827371824513,4596.165960376811
3.2,8,0.09845835919856966,9.613211506570002,537.1826587264527
3.2,8,0.16263555433235755,9.568601326372372,419.45788304935854
3.2,8,0.2686447727576749,9.584079384339919,700.106793918243
3.2,8,0.44375299255006684,9.636490487952369,193.152218358572
3.2,8,0.7330003721113311,9.766571147745028,254.89798590570064
3.2,8,1.2107851767438609,10.018719739413372,176.35224939875891
3.2,8,2.0,10.130719173905844,0.0
3.2,9,1.844080548263348e-07,21.026743064048986,33361771.05670793
3.2,9,3.2238491947531445e-07,21.026743064047352,7251338.896936969
3.2,9,5.635981378523968e-07,21.026743064047352,7251338.896936969
3.2,9,9.852906938316378e-07,21.026743064047352,7251338.896936969
3.2,9,1.7224999270765452e-06,21.008723124300175,1962187.8481378022
3.2,9,3.011300134420723e-06,21.01206172194465,1372706.2594614301
3.2,9,5.264399932342822e-06,21.01206172194465,1372706.2594614301
3.2,9,9.203302696687978e-06,21.092227262224654,568954.3651272852
3.2,9,1.60893514199955e-05,21.17319386991275,467530.4118250662
3.2,9,2.8127644786612378e-05,21.139135324080815,292635.1139794834
3.2,9,4.917316929622162e-05,21.055804199757805,201852.85865063983
3.2,9,8.596527000318716e-05,21.020271378581565,136031.026997062
3.2,9,0.0001502857707259616,20.285514126093787,66899.20767786716
3.2,9,0.00026273183207426684,20.282017234100614,91660.5515373166
3.2,9,0.00045931171827950066,18.645830111342477,42528.311255839326
3.2,9,0.0008029756154147065,17.319196461474125,182677.97879273654
3.2,9,0.001403773980262944,16.010492250111643,167206.2361523028
3.2,9,0.0024540986672995516,14.194551527360133,10405.202623389956
3.2,9,0.0042902919939528505,12.967167410439396,8800.886081294258
3.2,9,0.00750035262992512,12.014474022235177,6738.400558882918
3.2,9,0.013112228643765102,11.411329032061644,11443.442702817087
3.2,9,0.02292299422301831,11.090919678009154,3822.3321226122403
3.2,9,0.040074321339598595,10.981160473965232,911.9932339921231
3.2,9,0.07005852792201023,10.95632466468061,870.8573716798984
3.2,9,0.12247736631659822,10.960178306128647,1998.5642230849255
3.2,9,0.21411676358014695,11.003937000915577,452.2163696965368
3.2,9,0.3743221284455679,11.078735354699973,393.7917735764529
3.2,9,0.6543955433530192,11.185371456096076,1221.7390296132198
3.2,9,1.1440240761041838,11.429722667771221,54.61109769581651
3.2,9,2.0,11.536144484468602,0.0
