sigma,omega,run,beta,val_mse,L_used
0.1,1,0,1.3475638893645217e-07,0.020718302969518626,204398.15259863582
0.1,1,0,2.381451823660547e-07,0.020718302969518626,204398.15259863582
0.1,1,0,4.208566905937646e-07,0.020718302969518626,204398.15259863582
0.1,1,0,7.437494735681141e-07,0.020718302969518626,204398.15259863582
0.1,1,0,1.3143744457345273e-06,0.020718302969518727,104723.14205562329
0.1,1,0,2.322798529606933e-06,0.0207753877978466,26149.63619806696
0.1,1,0,4.104913197798029e-06,0.0207753877978466,26149.63619806696
0.1,1,0,7.254315062920189e-06,0.020846862022072834,21862.94472107145
0.1,1,0,1.2820024321181764e-05,0.020864831937480916,12224.459546638718
0.1,1,0,2.265589820268055e-05,0.020870819775847246,12224.459546638718
0.1,1,0,4.0038123993426886e-05,0.020777015864809196,6696.514761055837
0.1,1,0,7.07564696209378e-05,0.0207981273761328,4092.696899850807
0.1,1,0,0.00012504277158541707,0.020490638591344926,3070.3436177076355
0.1,1,0,0.00022097901166533043,0.0193133602505725,1539.268928588475
0.1,1,0,0.00039052016344046856,0.01871929020989463,1035.2527092050382
0.1,1,0,0.000690137931671712,0.018940699503905648,2726.2761878784336
0.1,1,0,0.001219630660132905,0.016603709677690363,4120.77475756407
0.1,1,0,0.0021553647160547696,0.013397575394484794,862.3800515096866
0.1,1,0,0.0038090195754078705,0.011200749312059615,348.06547281173965
0.1,1,0,0.006731403747017484,0.010352028031768538,220.68283331017165
0.1,1,0,0.011895921117840155,0.010108226621990988,332.50128709928515
0.1,1,0,0.021022797704650563,0.010148825852420981,133.45562188125692
0.1,1,0,0.037152064052262616,0.010068057877379617,71.90960253472537
0.1,1,0,0.06565614542531065,0.010003343271574525,30.515258799896454
0.1,1,0,0.11602933893647296,0.01003611378483344,38.6341495295278
0.1,1,0,0.20505022655266922,0.010424039368121085,70.38257619983746
0.1,1,0,0.3623703779982862,0.012577580426496149,14.63577564759957
0.1,1,0,0.6403908596360022,0.02642265273081172,23.30012721546353
0.1,1,0,1.1317162715415918,0.11167736469594487,7.92415109576581
0.1,1,0,2.0,0.2868013505431309,0.0
0.1,1,1,3.30003460113914e-08,0.02017554911958209,62888.121531553494
0.1,1,1,6.121825683904534e-08,0.02017554911958209,62888.121531553494
0.1,1,1,1.1356471744622534e-07,0.02017554911958209,62888.121531553494
0.1,1,1,2.1067154987031929e-07,0.02017554911958209,62888.121531553494
0.1,1,1,3.9081241888158006e-07,0.02017554911958209,62888.121531553494
0.1,1,1,7.249880054809895e-07,0.02017554911958209,62888.121531553494
0.1,1,1,1.3449101991064607e-06,0.02017554911958209,62888.121531553494
0.1,1,1,2.4949149916770714e-06,0.02017554911958209,62888.121531553494
0.1,1,1,4.62826500968654e-06,0.020161120624476832,44400.52100087758
0.1,1,1,8.585798342367501e-06,0.020159338963397347,34285.473905272374
0.1,1,1,1.592733627428842e-05,0.02019610264242564,14941.612930288466
0.1,1,1,2.9546470890476658e-05,0.02007964137915367,9575.449375806647
0.1,1,1,5.481104480044558e-05,0.02000115674496461,5352.262357118169
0.1,1,1,0.00010167883139927803,0.019869662116813264,3588.1523051683257
0.1,1,1,0.0001886222894010359,0.019070624145658587,1715.769875402489
0.1,1,1,0.00034990929350060205,0.018234347235752436,1436.9841817746633
0.1,1,1,0.0006491094666854258,0.017312850572605582,1165.673515896204
0.1,1,1,0.001204149496932161,0.015608518081997891,5319.0514812923375
0.1,1,1,0.0022337927350929705,0.013654359791785985,1775.9905286875455
0.1,1,1,0.0041438625320749855,0.01186747888743106,1152.2992417453338
0.1,1,1,0.0076871933617512905,0.011052037474119692,369.8702000917289
0.1,1,1,0.014260352828683986,0.010741212136826203,117.13541480303
0.1,1,1,0.026454084505066564,0.01090500003046933,69.50014302854181
0.1,1,1,0.049074423011017845,0.01085346301412563,42.76463829338666
0.1,1,1,0.09103694340293929,0.010816715082922057,33.74594654165632
0.1,1,1,0.16888074389156355,0.011164543298456526,16.1180301212421
0.1,1,1,0.31328716223623926,0.012789867404490698,14.972334719403419
0.1,1,1,0.5811725112074094,0.02392515217905408,24.032311410883366
0.1,1,1,1.0781210611127179,0.1038055483574198,6.443959032633495
0.1,1,1,2.0,0.2790287306813956,0.0
0.1,1,2,1.6168288310414165e-06,0.019154762393743873,141822.2821871531
0.1,1,2,2.6226819622608636e-06,0.019187100091135226,48026.99727718053
0.1,1,2,4.254291204553788e-06,0.019178307272220675,29667.494986970716
0.1,1,2,6.9009486905311435e-06,0.01919297405266096,24829.802580530806
0.1,1,2,1.1194130946740975e-05,0.01919297405266096,24829.802580530806
0.1,1,2,1.8158165387422868e-05,0.019169969966968684,8458.335905088736
0.1,1,2,2.9454628662620374e-05,0.01903440324321472,7756.620848142757
0.1,1,2,4.777878883368789e-05,0.019147011791474555,6119.033518858781
0.1,1,2,7.750268009018086e-05,0.01911541247486541,3025.723765286411
0.1,1,2,0.00012571824376020438,0.019060782058468482,3025.723765286411
0.1,1,2,0.00020392942277298886,0.01835227319465348,1884.5899128573467
0.1,1,2,0.00033079693311535604,0.017732320593220503,1158.6636150322722
0.1,1,2,0.0005365905982107229,0.016371482403919568,3047.843843641261
0.1,1,2,0.0008704115463722702,0.015382559923994683,786.7702737752328
0.1,1,2,0.0014119074441193335,0.013738147244408918,577.8139689863394
0.1,1,2,0.002290275949426559,0.01278391747438765,728.8463746093317
0.1,1,2,0.0037150904943301566,0.011458618048913414,656.3462673017061
0.1,1,2,0.006026303242855092,0.011097095083624704,334.60242019971963
0.1,1,2,0.009775355628690734,0.011005993504832915,345.998623472379
0.1,1,2,0.015856748958106414,0.010782864452893195,2593.599990408055
0.1,1,2,0.02572146703107568,0.010731324603048466,152.40719504944843
0.1,1,2,0.041723172131856626,0.010733684721523766,64.68040687081448
0.1,1,2,0.06767977466609293,0.010561044916908298,18.65301138836873
0.1,1,2,0.10978436357564854,0.010467495087876078,79.3570825998385
0.1,1,2,0.1780828400385977,0.010467064707716611,23.240527145648265
0.1,1,2,0.2888708089504948,0.011007441816596263,11.393467857843104
0.1,1,2,0.46858161204991505,0.014759264487543767,63.89565019481578
0.1,1,2,0.7600931639614914,0.038881476085307336,28.520972296493934
0.1,1,2,1.2329583642292956,0.14089725085895444,7.61933486963044
0.1,1,2,2.0,0.2809190934411043,0.0
0.1,1,3,9.043163831101707e-07,0.02063253469086455,136902.29755613903
0.1,1,3,1.4965922377851512e-06,0.02063253469086455,136902.29755613903
0.1,1,3,2.476775128739321e-06,0.02061887280097666,61076.86887438017
0.1,1,3,4.098922126858123e-06,0.02046849433076784,40381.05596064926
0.1,1,3,6.78348325089929e-06,0.020376099912419753,15930.115039951223
0.1,1,3,1.1226279395188899e-05,0.020370691362576396,13992.612439627965
0.1,1,3,1.8578854608675426e-05,0.020348315942921236,13596.35216698365
0.1,1,3,3.074694887054275e-05,0.02006356179121247,7060.124479793889
0.1,1,3,5.0884453576934945e-05,0.019997131042274515,10099.12261461971
0.1,1,3,8.42108798087562e-05,0.019744003371228523,3448.623043689893
0.1,1,3,0.00013936422187265537,0.019140721863897467,2147.7440548102513
0.1,1,3,0.00023063986960211228,0.018166557636122464,1729.9593558240133
0.1,1,3,0.00038169588101805846,0.01770799254437552,1456.0025494273275
0.1,1,3,0.0006316849980772688,0.017319809284294906,6687.993138671489
0.1,1,3,0.0010454027843622474,0.015822755548691555,696.7876397179297
0.1,1,3,0.0017300822164192957,0.013460536931417043,828.5524696369898
0.1,1,3,0.002863187778284238,0.011701174041410512,1531.4126908021296
0.1,1,3,0.004738413108877038,0.010621503206701943,255.27615191246812
0.1,1,3,0.007841804495209333,0.010408907256173357,532.5141346956032
0.1,1,3,0.012977740928894844,0.010232841255880865,83.02909938841486
0.1,1,3,0.021477423942461625,0.009915813953703596,111.76243832383197
0.1,1,3,0.035543916443669166,0.009855558454162604,88.65967975156052
0.1,1,3,0.05882316238386535,0.00971179061832645,28.37398270097556
0.1,1,3,0.09734899186819593,0.009644767215186057,19.99463699434194
0.1,1,3,0.16110705092512134,0.009771267993275434,19.55915994675668
0.1,1,3,0.26662301642457314,0.010309117156578904,18.141826098152634
0.1,1,3,0.4412459447251512,0.013674589563026059,34.06155758330293
0.1,1,3,0.7302369703384967,0.032450803016203754,36.50085221320116
0.1,1,3,1.2085006994937946,0.12849747214916035,12.189751200689185
0.1,1,3,2.0,0.28311131558566055,0.0
0.1,1,4,5.839156165254879e-07,0.018595877331435324,118530.4096082453
0.1,1,4,9.81033595899781e-07,0.018595877331435324,118530.4096082453
0.1,1,4,1.6482294513903394e-06,0.018510397998260507,82130.02054860548
0.1,1,4,2.769181744422154e-06,0.01851039799826053,72121.35962221306
0.1,1,4,4.6524878724696975e-06,0.01851121106307084,33249.895387484685
0.1,1,4,7.81662072093227e-06,0.018500708853121942,33249.895387484685
0.1,1,4,1.3132663892893526e-05,0.018482737216274314,15277.32681674007
0.1,1,4,2.2064120427623783e-05,0.018088882237395097,11348.656673853697
0.1,1,4,3.706981418355805e-05,0.01790787069435135,7923.834103541086
0.1,1,4,6.22808023601563e-05,0.017570708204798193,3364.2059657032305
0.1,1,4,0.00010463765271165824,0.01750625728160686,2670.7123899453627
0.1,1,4,0.00017580117708968616,0.017289742668098674,3182.4384454530264
0.1,1,4,0.0002953626449485117,0.016866953218056105,1107.3727066420458
0.1,1,4,0.0004962372463892837,0.01650671660297862,1557.2966222954774
0.1,1,4,0.000833725621420223,0.0153541783801791,683.5914945579293
0.1,1,4,0.0014007380882233346,0.014522626331158067,1926.4497385185807
0.1,1,4,0.002353372790028029,0.013078404678447014,2987.3546778822715
0.1,1,4,0.003953889406883368,0.011867909031446664,745.9117927174437
0.1,1,4,0.006642909065706648,0.011238164915816605,481.7460396244731
0.1,1,4,0.011160717034326799,0.010718940930268664,1484.5105825105447
0.1,1,4,0.018751062747998374,0.01044439083455464,90.10311448974808
0.1,1,4,0.03150356317591022,0.010351795325733857,159.6971010908987
0.1,1,4,0.05292897293965444,0.010226989672535311,33.15624535124893
0.1,1,4,0.08892569265272403,0.010167759044521546,43.56102519251068
0.1,1,4,0.14940359456403168,0.010163908830886923,1147.8732979374952
0.1,1,4,0.25101220359141996,0.0107241540458316,28.209434971164274
0.1,1,4,0.4217243001125828,0.014213675617717636,32.57675303556548
0.1,1,4,0.7085368072181147,0.0344138492050152,10.057490015524422
0.1,1,4,1.190409011405839,0.13361720313917616,45.09072399586741
0.1,1,4,2.0,0.30063806224577583,0.0
0.1,1,5,1.7377722860700815e-07,0.019480598981100973,701792.8219994723
0.1,1,5,3.0442261045352326e-07,0.01950191795056764,108487.75801047163
0.1,1,5,5.332869357982157e-07,0.01950191795056764,108487.75801047163
0.1,1,5,9.342110149747559e-07,0.01950191795056764,108487.75801047163
0.1,1,5,1.6365490356403436e-06,0.01950191795056764,108487.75801047163
0.1,1,5,2.866903411674835e-06,0.01950191795056764,108487.75801047163
0.1,1,5,5.022235810158205e-06,0.01943139971717166,73050.31706088627
0.1,1,5,8.797942905966368e-06,0.019465023362468997,19281.682090881874
0.1,1,5,1.5412219239105343e-05,0.019451697176027766,19281.682090881874
0.1,1,5,2.699909563099827e-05,0.019410313786453363,8071.372991459693
0.1,1,5,4.729696311626718e-05,0.01921429050045065,6008.202744931586
0.1,1,5,8.2854727824779e-05,0.018892769396974093,3704.6148261181047
0.1,1,5,0.0001451447507537141,0.018609120169629047,4732.063360955781
0.1,1,5,0.0002542642915430273,0.017146063170235974,2805.534804876096
0.1,1,5,0.0004454196904687111,0.01604765999442457,921.5528832126192
0.1,1,5,0.0007802853458235946,0.01496244333567639,2289.426180872478
0.1,1,5,0.001366902348359061,0.013468483585733415,721.2427460330564
0.1,1,5,0.0023945368703258006,0.01187064788930257,538.9699138122342
0.1,1,5,0.004194745023470771,0.011000249713514716,257.6943481465039
0.1,1,5,0.007348346158285996,0.00994416698693658,2823.6536136106224
0.1,1,5,0.012872818481185785,0.009609120028554958,1606.6133610497259
0.1,1,5,0.022550578331520806,0.009758422641454788,95.38678822381728
0.1,1,5,0.039504059179370284,0.009724066978706883,54.3110029309769
0.1,1,5,0.06920313389328263,0.009651474929842564,33.22714821022459
0.1,1,5,0.12122991510585174,0.00961503508770307,29.22713388851123
0.1,1,5,0.21237032905526537,0.009900716227944962,19.400287035870363
0.1,1,5,0.37202992861672535,0.012001749234324177,24.364294279121324
0.1,1,5,0.6517213040176996,0.026382805937346657,18.94956362226036
0.1,1,5,1.1416841104418514,0.11050946673697641,5.726769304870193
0.1,1,5,2.0,0.2613032031976475,0.0
0.1,1,6,6.029242540783745e-07,0.01975208932605837,89643.6168445212
0.1,1,6,1.0118515412709939e-06,0.01975208932605837,89643.6168445212
0.1,1,6,1.698129631785216e-06,0.01975208932605837,89643.6168445212
0.1,1,6,2.849868907374329e-06,0.01975208932605837,89643.6168445212
0.1,1,6,4.782763716737379e-06,0.01975208932605836,41727.90953200733
0.1,1,6,8.02662491279812e-06,0.01955474945711857,23974.081249856856
0.1,1,6,1.3470602209615511e-05,0.019555474892160342,17834.67836256371
0.1,1,6,2.260690213645993e-05,0.019563510965757692,13134.058824494217
0.1,1,6,3.79398052332557e-05,0.019448909258533906,9585.910270365774
0.1,1,6,6.367209502870793e-05,0.019385088681135164,5153.30664074799
0.1,1,6,0.00010685705054150395,0.019015033448101445,3051.518924688765
0.1,1,6,0.0001793317660630024,0.01909277889872279,4199.880328397908
0.1,1,6,0.00030096172556048906,0.01867570317146672,1439.003589592778
0.1,1,6,0.000505085976906766,0.01749058373440634,2296.651266979818
0.1,1,6,0.0008476554405473334,0.017377107332098084,767.8695398580722
0.1,1,6,0.001422569183745377,0.015896131156779653,2826.0618374734104
0.1,1,6,0.002387412367972623,0.014822968050365377,739.136470274086
0.1,1,6,0.004006650699224505,0.013233569288567964,458.5066158551126
0.1,1,6,0.006724121078097849,0.01160380584241939,279.2643001548825
0.1,1,6,0.011284688301296412,0.011111190906116987,191.12408099888233
0.1,1,6,0.01893841419248203,0.010910556915013962,150.20044026799522
0.1,1,6,0.03178320238449127,0.010609927773705303,58.30475459813004
0.1,1,6,0.053339838465173,0.010436519387046005,50.62391448713837
0.1,1,6,0.08951704529556925,0.010419120276273439,19.740395797587265
0.1,1,6,0.1502310773528325,0.010311346160898776,19.28853384107849
0.1,1,6,0.2521237885820823,0.010665145501395981,16.918779454255162
0.1,1,6,0.42312420232260234,0.013446643535518095,39.313774874574484
0.1,1,6,0.710103919975213,0.033901402176211154,23.542482849092945
0.1,1,6,1.19172473329642,0.13179067023194052,7.182766738624453
0.1,1,6,2.0,0.28417792644792533,0.0
0.1,1,7,5.953403432457096e-07,0.02300189109829718,58272.544437684934
0.1,1,7,9.995601262943333e-07,0.02300189109829718,58272.544437684934
0.1,1,7,1.6782340679794739e-06,0.022993769431753207,51704.6336341888
0.1,1,7,2.8177090230363868e-06,0.022993769431753207,51704.6336341888
0.1,1,7,4.730856255384866e-06,0.022984646012099253,29482.894359348164
0.1,1,7,7.94297804568767e-06,0.02294337135652586,25313.163403427305
0.1,1,7,1.333604253193352e-05,0.02294337135652586,25313.163403427305
0.1,1,7,2.2390850055300927e-05,0.022751054345922565,13373.739058041638
0.1,1,7,3.759362382044544e-05,0.02225464653745772,6159.939216764643
0.1,1,7,6.311866447511572e-05,0.022377455984791572,5021.308038207402
0.1,1,7,0.00010597450844724185,0.021801315807473833,3609.3362533194645
0.1,1,7,0.000177928296392617,0.021709955879325525,1972.9264635286004
0.1,1,7,0.00029873673509832566,0.02164934135874408,1904.1600305303273
0.1,1,7,0.0005015707940027822,0.02077749619904685,3692.509672338516
0.1,1,7,0.0008421236220372387,0.019537872126870973,2119.337286386235
0.1,1,7,0.0014139024904811046,0.016545243164210723,523.7427157616204
0.1,1,7,0.0023739035460761215,0.01525685472526806,589.5247083535734
0.1,1,7,0.003985719018116473,0.013078689966752441,462.19297992073547
0.1,1,7,0.006691913038182867,0.0121774759491127,301.4354328796215
0.1,1,7,0.011235538658659481,0.01155465418943325,270.43379054466175
0.1,1,7,0.01886416159772903,0.011333191123859799,130.92720615287686
0.1,1,7,0.031672410517760805,0.010978423427067483,96.62122127169881
0.1,1,7,0.05317710955817559,0.01088367180733168,50.66929392693023
0.1,1,7,0.08928291010172634,0.010927712290091174,48.56188397433418
0.1,1,7,0.1499035600555201,0.011157300388599533,24.14443055876785
0.1,1,7,0.2516839705573673,0.011919746808057598,46.2364059866966
0.1,1,7,0.4225704914016749,0.015768272364151834,191.18964898728618
0.1,1,7,0.7094842782717138,0.035911498867240994,13.273482559754346
0.1,1,7,1.1912046661021052,0.13382286496641038,8.601526765193167
0.1,1,7,2.0,0.2898233117344472,0.0
0.1,1,8,1.698684430895269e-07,0.020448753120109683,107680.10828520064
0.1,1,8,2.978087408889224e-07,0.020448753120109683,107680.10828520064
0.1,1,8,5.221101962010825e-07,0.020448753120109683,107680.10828520064
0.1,1,8,9.15349415747363e-07,0.02044875312010969,63308.77763736696
0.1,1,8,1.6047657352900016e-06,0.0204491101045831,29110.097858516925
0.1,1,8,2.81343170253538e-06,0.0204491101045831,29110.097858516925
0.1,1,8,4.932432049591765e-06,0.020470431323758843,29110.097858516925
0.1,1,8,8.647405907140238e-06,0.02048124151018206,21440.048784957475
0.1,1,8,1.5160397177500477e-05,0.020382101788623323,21268.167184994476
0.1,1,8,2.6578796583352878e-05,0.020415001290451817,10288.942028980853
0.1,1,8,4.659722430410107e-05,0.020438735925879855,5596.974147053692
0.1,1,8,8.169298809437659e-05,0.020182840113056023,4363.606779301551
0.1,1,8,0.00014322192798940205,0.019768105941164037,1505.1547271813597
0.1,1,8,0.0002510927943204148,0.019168691416559573,1792.4663640157225
0.1,1,8,0.00044020906745718117,0.018420648322280807,1615.2060102814949
0.1,1,8,0.0007717625812242025,0.017255223492276737,704.0256066622078
0.1,1,8,0.0013530331967452694,0.01593596201927002,714.32320216077
0.1,1,8,0.00237210105287923,0.014275935107035282,530.8916361731845
0.1,1,8,0.004158703140917909,0.01332950355323827,1131.5725608601508
0.1,1,8,0.007290925398514633,0.012468766048128611,186.26224592638897
0.1,1,8,0.012782252391059781,0.011973802964049382,109.81409478402313
0.1,1,8,0.02240949773289952,0.011352691152883959,496.2104699026825
0.1,1,8,0.03928772279540267,0.01092279836706004,65.68503135640644
0.1,1,8,0.06887816857145994,0.010895470021469535,158.46772113569133
0.1,1,8,0.12075533444543657,0.010853418709619457,38.64680524450965
0.1,1,8,0.21170497269974328,0.011051352953749665,25.413854486476197
0.1,1,8,0.3711554083438902,0.013429880842763238,59.100530748842345
0.1,1,8,0.6506995815270566,0.02768362963058662,21.68357997959165
0.1,1,8,1.1407888336822503,0.11529554816924481,9.85325522819019
0.1,1,8,2.0,0.29321965191378535,0.0
0.1,1,9,1.7513495542686983e-07,0.018731827688119252,936824.5556010235
0.1,1,9,3.0671874916022364e-07,0.01872044815934324,398845.5683066852
0.1,1,9,5.371651299257341e-07,0.018718581285169254,398845.5683066852
0.1,1,9,9.40752326351592e-07,0.01865614298137736,92637.03835322475
0.1,1,9,1.6475658791520779e-06,0.018655604657998835,92637.03835322475
0.1,1,9,2.8854282366469175e-06,0.01861921070692217,49629.5259761665
0.1,1,9,5.053331228930384e-06,0.018610412799208463,43172.012885396536
0.1,1,9,8.850040415130195e-06,0.018604874751484785,11633.595446602996
0.1,1,9,1.5499323476172794e-05,0.018535703030295808,11585.330245366571
0.1,1,9,2.714439900278207e-05,0.018503394163240622,6701.137550040329
0.1,1,9,4.753874569783332e-05,0.018306267341540738,5576.337595251937
0.1,1,9,8.325593586697727e-05,0.01818213916181423,5255.025815888867
0.1,1,9,0.00014580845067189353,0.018045546276434656,4814.630220719952
0.1,1,9,0.00025535842058524834,0.017208312126185413,1460.7856574411571
0.1,1,9,0.0004472163490065961,0.01658185720446244,1358.7124063489684
0.1,1,9,0.0007832225088188197,0.015437831601280346,1589.577896200054
0.1,1,9,0.0013716795007228113,0.014256036071564542,671.678648740564
0.1,1,9,0.0024022607005264487,0.012814273115883021,702.2735997837748
0.1,1,9,0.00420714639990818,0.011923160718315224,1593.6701388021454
0.1,1,9,0.007368093240829954,0.010833998792014047,175.3271821064331
0.1,1,9,0.012903947912710833,0.009975676276433807,517.5662024301866
0.1,1,9,0.022599045138467614,0.010063834760166035,71.1140375212088
0.1,1,9,0.03957834025875314,0.010027103216761564,31.253180336689
0.1,1,9,0.06931465502368817,0.009912863022221084,50.35688601513053
0.1,1,9,0.12139269533896946,0.009721816591236032,176.8158653907097
0.1,1,9,0.21259842491640213,0.009847383227749825,54.19305985975014
0.1,1,9,0.3723295718142407,0.011333484916101724,28.785140237905214
0.1,1,9,0.6520711999719077,0.023849121924351988,18.41165652878082
0.1,1,9,1.1419905428434218,0.10500924933632212,12.994109382181723
0.1,1,9,2.0,0.28037455481006096,0.0
0.1,2,0,8.191825520142977e-07,0.021982107028811364,153069.96286747328
0.1,2,0,1.3603305849491386e-06,0.021994404310999974,44206.46850911467
0.1,2,0,2.2589583918723057e-06,0.021994404310999974,44206.46850911467
0.1,2,0,3.7512153829880227e-06,0.021994404310999974,44206.46850911467
0.1,2,0,6.229250127047678e-06,0.021994404311000002,35951.45267186986
0.1,2,0,1.034426264119622e-05,0.021771535396238023,11252.54930682733
0.1,2,0,1.717763252521079e-05,0.021771535396238023,11252.54930682733
0.1,2,0,2.8525093513775847e-05,0.021765121885880107,11252.54930682733
0.1,2,0,4.736863236394508e-05,0.021886974903752056,6323.356820620654
0.1,2,0,7.866012186592746e-05,0.021294380055670768,3914.3460111215904
0.1,2,0,0.00013062261803176227,0.02115870513327736,2805.832374980297
0.1,2,0,0.000216911287914777,0.020946917966711123,1782.7749890659536
0.1,2,0,0.00036020183589802565,0.020637125719728353,10342.368634230885
0.1,2,0,0.0005981494270380447,0.019802985666535152,1722.5313282263553
0.1,2,0,0.000993284046356805,0.018615526936665863,2069.454089906514
0.1,2,0,0.0016494426846357174,0.01613308481982655,623.3821112493397
0.1,2,0,0.0027390565466919553,0.013445286024757318,627.0525037726203
0.1,2,0,0.004548464057502537,0.012268776347782647,242.9576296711065
0.1,2,0,0.007553157421075758,0.01153658213748551,358.62861787575724
0.1,2,0,0.01254273669227953,0.011467686241906918,207.0409678753348
0.1,2,0,0.020828407904339583,0.01133219409972163,122.99029600267868
0.1,2,0,0.034587553456064096,0.011340144967729632,56.897845807760476
0.1,2,0,0.057435924030796594,0.01126273976846608,87.26384194069708
0.1,2,0,0.0953778177303565,0.011316767619305114,53.4736856848582
0.1,2,0,0.15838394295053745,0.011347883319636267,32.948495933151456
0.1,2,0,0.2630116098428512,0.012046956756731538,26.992133123407548
0.1,2,0,0.4367558075867033,0.016966654334771097,28.816518541019292
0.1,2,0,0.7252745822691593,0.05693307517794135,18.82662147926433
0.1,2,0,1.20438746445582,0.29331301854425346,26.999259676998484
0.1,2,0,2.0,0.5877921544147329,0.0
0.1,2,1,7.273679276664775e-07,0.02086856150615876,48850.59604517778
0.1,2,1,1.2128250048992624e-06,0.02086856150615876,48850.59604517778
0.1,2,1,2.0222839591345995e-06,0.020847386802671338,48850.59604517778
0.1,2,1,3.3719888647190318e-06,0.020847386802671338,48850.59604517778
0.1,2,1,5.622508576221346e-06,0.020847386802671328,46312.1104349123
0.1,2,1,9.375061412700315e-06,0.020852828017979955,36214.948072411076
0.1,2,1,1.5632128488627577e-05,0.020751941531846164,8784.68296160973
0.1,2,1,2.6065262970323033e-05,0.020747978955249106,8784.68296160973
0.1,2,1,4.346163954616656e-05,0.020515540476255156,5857.650158315612
0.1,2,1,7.246863820984867e-05,0.02041235816142604,3943.2457621332514
0.1,2,1,0.00012083537526032342,0.020218072595822544,3312.693884777036
0.1,2,1,0.00020148285209972133,0.020020233261122074,1916.0421342978188
0.1,2,1,0.0003359557547016435,0.02020064006710419,1954.4948433753507
0.1,2,1,0.0005601780396740123,0.018870618198810016,646.5865346302402
0.1,2,1,0.0009340498912176661,0.016796506488655397,1348.776877296634
0.1,2,1,0.001557449841824296,0.01498685985260364,1145.0273383297474
0.1,2,1,0.002596916966219379,0.012611919297395538,498.02775287374413
0.1,2,1,0.004330141201554594,0.011599609016472435,582.5034479182019
0.1,2,1,0.00722014722430547,0.01057161897945607,2556.453725338005
0.1,2,1,0.012038989842162728,0.009814639499347879,271.2552456048533
0.1,2,1,0.020074005683954645,0.009555243332473833,178.84959083670503
0.1,2,1,0.03347172059138912,0.00966121913785439,218.61659756869122
0.1,2,1,0.05581128634647825,0.009583608198361905,210.20235240226145
0.1,2,1,0.09306063831238849,0.00960183788216511,45.123210653430476
0.1,2,1,0.15517080809329253,0.009745311273198222,63.170511680610275
0.1,2,1,0.2587343061574523,0.010469745786058771,31.241788384764753
0.1,2,1,0.43141775186560993,0.015490294115983709,31.756311900356593
0.1,2,1,0.7193529122168795,0.057388279750438524,51.272138885538155
0.1,2,1,1.1994606389680975,0.29955301058006784,16.064159041184332
0.1,2,1,2.0,0.5883691411940923,0.0
0.1,2,2,1.1236886328092061e-06,0.01670334600090405,119487.71344656387
0.1,2,2,1.845765272522338e-06,0.01670334600090405,119487.71344656387
0.1,2,2,3.0318447137196526e-06,0.016703346000904035,51057.757517724574
0.1,2,2,4.980092812965508e-06,0.016776198092188308,31611.53286586237
0.1,2,2,8.18027530022238e-06,0.01677619809218831,18797.70888528428
0.1,2,2,1.3436878889729222e-05,0.01679210492421848,18797.70888528428
0.1,2,2,2.207134939484766e-05,0.016753087115048734,15844.896823083178
0.1,2,2,3.6254287034007784e-05,0.016562373892269815,4707.848797371873
0.1,2,2,5.9551108762342034e-05,0.016482339105049353,4123.457969068295
0.1,2,2,9.781835046149711e-05,0.016347597314117487,2508.454333687633
0.1,2,2,0.00016067592838941397,0.015996221915775766,2148.781944816051
0.1,2,2,0.00026392546840137143,0.015525717656680243,4902.010469278972
0.1,2,2,0.00043352264131353595,0.01529233557355905,4712.594786092301
0.1,2,2,0.0007121021009069392,0.015333132305035645,5162.3231736722
0.1,2,2,0.0011696953141354736,0.01363296322892018,883.5014740974493
0.1,2,2,0.001921335614889985,0.011654994266992054,505.8458821887009
0.1,2,2,0.0031559761763883796,0.010992245501531963,328.2217550281694
0.1,2,2,0.0051839905265594855,0.009704099879991537,401.9039719301672
0.1,2,2,0.008515196654688344,0.009691046890363266,828.9000995820046
0.1,2,2,0.013987019014893581,0.009406456010146723,136.48994251893288
0.1,2,2,0.02297500678569525,0.009447056057830345,88.62336226240839
0.1,2,2,0.037738630099857624,0.009327382752709803,56.56829919112225
0.1,2,2,0.06198928318491807,0.009322650815772441,45.33742696643148
0.1,2,2,0.10182328345284772,0.00940216178695295,22.623634081074062
0.1,2,2,0.16725441109216585,0.00932258812498294,23.2355391526931
0.1,2,2,0.27473125086111927,0.01002698878695375,40.18270736917283
0.1,2,2,0.4512721650021147,0.014970211475231138,22.790657753464437
0.1,2,2,0.741257378865289,0.05642162738562836,41.969687626253396
0.1,2,2,1.2175856264471017,0.29252009016124636,22.68135015201976
0.1,2,2,2.0,0.5931582891241339,0.0
0.1,2,3,4.224525729235038e-07,0.01900597428172563,239790.70424327737
0.1,2,3,7.177266364836183e-07,0.01900597428172563,239790.70424327737
0.1,2,3,1.2193830922917973e-06,0.01900597428172563,239790.70424327737
0.1,2,3,2.071673322662093e-06,0.0189570784753965,37333.91204400678
0.1,2,3,3.519673499624649e-06,0.01893681529606383,30214.502468717197
0.1,2,3,5.979756271631358e-06,0.018875217876960514,30214.502468717197
0.1,2,3,1.0159318775428423e-05,0.018781300025708852,30214.502468717197
0.1,2,3,1.726019477924553e-05,0.01869296910004506,20861.31172806217
0.1,2,3,2.9324242146829625e-05,0.018664850174382182,8880.680241900394
0.1,2,3,4.982047934475766e-05,0.01842807927352742,6095.638196559834
0.1,2,3,8.464260217581726e-05,0.018198600903472896,3535.206190011459
0.1,2,3,0.00014380371681123753,0.018002478137211383,2787.323446696662
0.1,2,3,0.0002443156098364242,0.017699565062726588,8114.486419408384
0.1,2,3,0.000415080489804693,0.016896603225077057,2041.5555152368404
0.1,2,3,0.0007052018212502174,0.01576466492939123,1348.615347556405
0.1,2,3,0.0011981040326145458,0.015385232022489004,2640.6453832957127
0.1,2,3,0.0020355212220274656,0.013192899995703878,537.0230935166599
0.1,2,3,0.0034582528165625365,0.011342881229424112,578.646672835651
0.1,2,3,0.005875405480346963,0.010427564403258096,425.33582859468555
0.1,2,3,0.00998203179165021,0.010135816282295122,123.8696120426067
0.1,2,3,0.016958992706598928,0.0101647757604484,123.54965322657193
0.1,2,3,0.02881251428822878,0.010234193857347895,79.91536758610512
0.1,2,3,0.04895107828464146,0.010139104647407407,50.14133248424408
0.1,2,3,0.0831655315207273,0.010170052957557837,182.47139395801207
0.1,2,3,0.14129424469277008,0.010469171395913801,43.426866772536016
0.1,2,3,0.2400521372045195,0.011203678125549003,25.0510435863598
0.1,2,3,0.4078370545223353,0.015641853886337428,13.090673140495786
0.1,2,3,0.6928955725136646,0.053674008400603504,55.008620645190824
0.1,2,3,1.1771963069205278,0.2872133277361872,18.07761676966249
0.1,2,3,2.0,0.5855443136619326,0.0
0.1,2,4,1.3745114024743554e-07,0.01841783559809694,152584.9285617841
0.1,2,4,2.427416311119498e-07,0.01841783559809694,152584.9285617841
0.1,2,4,4.2868687279579825e-07,0.01841783559809694,152584.9285617841
0.1,2,4,7.570701163439384e-07,0.018417835598096996,82432.98353310273
0.1,2,4,1.3370018944667863e-06,0.018417835598096996,82432.98353310273
0.1,2,4,2.3611737238294016e-06,0.01841783559809694,28496.969398135694
0.1,2,4,4.169882912788117e-06,0.018414463437891913,28496.969398135694
0.1,2,4,7.364101730796089e-06,0.018414463437891913,28496.969398135694
0.1,2,4,1.3005159961494949e-05,0.018348365545224687,18479.193254371654
0.1,2,4,2.296738852978704e-05,0.01833713104233345,10769.332686930222
0.1,2,4,4.0560895632194736e-05,0.017919353894194735,9809.968356437286
0.1,2,4,7.163140260165435e-05,0.017549772812510488,3449.225068999939
0.1,2,4,0.00012650257738903496,0.017535699129358814,2267.932019759522
0.1,2,4,0.00022340623671801752,0.01756286418475591,1621.9532435404924
0.1,2,4,0.0003945401558975113,0.017140944159212967,837.8950520224181
0.1,2,4,0.0006967662895289194,0.01672612093676892,1482.1530065205952
0.1,2,4,0.0012305040563475905,0.015421671245467035,1352.4605225712075
0.1,2,4,0.0021730962812675364,0.01290678730797175,327.58900990125454
0.1,2,4,0.0038377341572329014,0.011529805555272374,425.35072303488244
0.1,2,4,0.006777519978544807,0.011005893666742426,249.65592621403383
0.1,2,4,0.011969244136674148,0.01042254219302394,129.4480229894255
0.1,2,4,0.02113793919557991,0.01028904104101028,628.796813417356
0.1,2,4,0.03733004927746328,0.010162913485729232,51.29106860459212
0.1,2,4,0.06592565936367314,0.010098769397593315,23.082380018272378
0.1,2,4,0.11642611372492671,0.010029903241932377,57.26949578091693
0.1,2,4,0.20561098801172994,0.010413954284610689,15.577986679385862
0.1,2,4,0.36311336897358387,0.012883426728855358,33.57753403938876
0.1,2,4,0.6412659167798176,0.038597588725066447,28.44987016862732
0.1,2,4,1.1324892200633216,0.24898749735375234,33.07436115300766
0.1,2,4,2.0,0.6027439593773876,0.0
0.1,2,5,4.842487506540035e-07,0.020653368931242415,605942.5776744025
0.1,2,5,8.1885143023771e-07,0.0206533689312416,207053.7345610958
0.1,2,5,1.3846554356552777e-06,0.0206533689312416,207053.7345610958
0.1,2,5,2.341414577407686e-06,0.020642342713731714,73938.66498144357
0.1,2,5,3.959268192019766e-06,0.020685696236788304,22404.99649055271
0.1,2,5,6.6950145299321775e-06,0.020685696236788304,22404.99649055271
0.1,2,5,1.132108697419079e-05,0.020674362798942726,22404.99649055271
0.1,2,5,1.914364930862834e-05,0.020210292992240957,10373.77178335423
0.1,2,5,3.237138886815596e-05,0.0201900799199076,10373.77178335423
0.1,2,5,5.473913569765755e-05,0.019963570710700266,6831.807600385891
0.1,2,5,9.256238554145316e-05,0.01974872571574991,3007.2393589625126
0.1,2,5,0.00015652046945803877,0.0187577682020293,2256.9764352276197
0.1,2,5,0.00026467184500547766,0.017803369631312873,1579.3136175849636
0.1,2,5,0.0004475528713986101,0.01678207267317839,1218.1058007449853
0.1,2,5,0.0007567996992388646,0.015408443088630168,1740.2606916461064
0.1,2,5,0.0012797276508989782,0.014567601340860867,669.6814736783963
0.1,2,5,0.0021639845551240343,0.013448813401762547,654.4957263798048
0.1,2,5,0.003659238863461134,0.01258642504710238,508.54218712920505
0.1,2,5,0.0061876731181645835,0.01217520696604377,475.86825915361266
0.1,2,5,0.0104631864838258,0.011494121301545129,351.9460543647505
0.1,2,5,0.01769296297729911,0.01136291343448447,186.7370068152059
0.1,2,5,0.029918317847051835,0.011000580541741647,105.82578769975282
0.1,2,5,0.05059105950459979,0.010921156027518152,79.56081566758887
0.1,2,5,0.08554810183120529,0.010996772935672684,60.45853205511611
0.1,2,5,0.1446595070074951,0.011025017680724704,49.0740326438713
0.1,2,5,0.24461528099058624,0.011557018444189014,38.90114931449294
0.1,2,5,0.413637768660467,0.01539219915452775,37.115527415719164
0.1,2,5,0.6994501854894112,0.05131564978336228,13.35896699336641
0.1,2,5,1.1827511872658678,0.2862518852865616,75.84879967004649
0.1,2,5,2.0,0.609682035901076,0.0
0.1,2,6,7.488509303765767e-07,0.021004043052172357,418937.33801843645
0.1,2,6,1.247393463920326e-06,0.021004043052172534,105258.2877498875
0.1,2,6,2.077837378193123e-06,0.021004043052172534,105258.2877498875
0.1,2,6,3.4611438131539247e-06,0.021004043052172582,43294.83857084115
0.1,2,6,5.7653773202169436e-06,0.021004643572640078,43294.83857084115
0.1,2,6,9.60363898146804e-06,0.02100832370132644,17956.08870808595
0.1,2,6,1.5997197852594666e-05,0.02103340606128632,17956.08870808595
0.1,2,6,2.6647226080539293e-05,0.021015194571841773,7824.590051020738
0.1,2,6,4.438743987105235e-05,0.021001046105975925,7472.623500801896
0.1,2,6,7.39380831742625e-05,0.020988644680343248,4372.6258549718605
0.1,2,6,0.00012316187100147233,0.02109791413566463,3747.467672889487
0.1,2,6,0.00020515606866399657,0.0205676158206631,1809.4224356446812
0.1,2,6,0.0003417373588711022,0.019505233035304024,1602.0936384859663
0.1,2,6,0.0005692467359543005,0.01841659453714763,1364.0110051463562
0.1,2,6,0.0009482189698693388,0.017100257287083018,614.7838540590296
0.1,2,6,0.0015794894516395646,0.01546106538762817,1112.2641018161942
0.1,2,6,0.0026310240641825855,0.013326287190944698,3580.216141096246
0.1,2,6,0.004382610861454176,0.01234512734632552,608.9284260648814
0.1,2,6,0.0073003049361707205,0.011773373275407452,267.12382335424553
0.1,2,6,0.012160434463806187,0.01114388249617685,397.17063236822855
0.1,2,6,0.020256162946816782,0.010722859495116062,111.33945702997373
0.1,2,6,0.03374156890111368,0.010674536430585097,124.17101555211335
0.1,2,6,0.05620479430866309,0.01058159923581876,56.405882605985106
0.1,2,6,0.09362276284594656,0.010522295227049859,39.086657293269106
0.1,2,6,0.1559514954324338,0.010412234448404365,36.97631902400898
0.1,2,6,0.2597751677936661,0.011084839654231122,76.585637594849
0.1,2,6,0.4327187605037404,0.016572852961217178,42.713822896167635
0.1,2,6,0.7207984014877754,0.05982886384462236,22.934078544011495
0.1,2,6,1.200665150229469,0.2951413190784978,14.005809201202892
0.1,2,6,2.0,0.5838078682848373,0.0
0.1,2,7,5.7026410038574286e-08,0.01896812282911564,147289.32068669898
0.1,2,7,1.0381183284844326e-07,0.01896812282911564,147289.32068669898
0.1,2,7,1.88980800861624e-07,0.01896812282911564,147289.32068669898
0.1,2,7,3.440238180404724e-07,0.01896812282911564,147289.32068669898
0.1,2,7,6.262667257178382e-07,0.01896812282911564,147289.32068669898
0.1,2,7,1.1400664464900532e-06,0.01896812282911575,121090.49395229775
0.1,2,7,2.0753960717339027e-06,0.01896812282911575,121090.49395229775
0.1,2,7,3.7780858017788374e-06,0.01894917206689858,16064.132906427738
0.1,2,7,6.877690730944476e-06,0.018948958264209153,15682.238264753481
0.1,2,7,1.2520263507051124e-05,0.018948517300905524,14891.506551537961
0.1,2,7,2.2792097583089417e-05,0.019029643228380074,14891.506551537961
0.1,2,7,4.149111653636608e-05,0.018909267164740104,7037.181393034726
0.1,2,7,7.553112411696538e-05,0.01870506673538624,4399.787043697347
0.1,2,7,0.00013749812457739387,0.01834637983109875,2673.6255942556054
0.1,2,7,0.00025030389105587297,0.018244903673523598,2926.7513263288674
0.1,2,7,0.00045565739947562157,0.01747584066411283,1446.2534856507352
0.1,2,7,0.0008294863688337161,0.015330550080489945,522.3904662937535
0.1,2,7,0.0015100108916759848,0.014729073538962054,2836.924345798206
0.1,2,7,0.0027488491416514066,0.012596360104479183,545.6371445138025
0.1,2,7,0.005004051060301268,0.011673667091137027,672.674078686778
0.1,2,7,0.009109458440145183,0.010980719779772809,210.99417509321643
0.1,2,7,0.01658301085915303,0.010759249532679305,169.53133920396087
0.1,2,7,0.030187990972425468,0.010559769471082224,36.013405367364264
0.1,2,7,0.05495472485011607,0.01051530807220218,82.83718952955208
0.1,2,7,0.10004050240079025,0.010444623340942276,35.45157647521714
0.1,2,7,0.1821154076905797,0.010531461965390699,35.652402122451456
0.1,2,7,0.331525941217625,0.012952360466545007,26.258404413588153
0.1,2,7,0.6035153812299717,0.03748823883505323,94.68526430049484
0.1,2,7,1.0986495175714326,0.2506444247896195,14.554033878982978
0.1,2,7,2.0,0.6265396890100926,0.0
0.1,2,8,1.5605927026207654e-06,0.019758006958046668,103649.18929402951
0.1,2,8,2.5345526112260117e-06,0.019758006958046585,57991.165220174684
0.1,2,8,4.116357156024502e-06,0.01975782689825771,54654.48574775144
0.1,2,8,6.68535983861774e-06,0.019650016464781338,17622.737494843564
0.1,2,8,1.0857667223163804e-05,0.019650016464781338,17622.737494843564
0.1,2,8,1.763389561291591e-05,0.019416164767897294,9840.798407944823
0.1,2,8,2.863914210078418e-05,0.019414075278407647,8961.511092997238
0.1,2,8,4.651272063038393e-05,0.01926426311263217,8569.02694457585
0.1,2,8,7.554113083509233e-05,0.01918926233226793,9767.272167772806
0.1,2,8,0.00012268606029716637,0.019036561367581827,3602.0624624483157
0.1,2,8,0.0001992539590663327,0.018549140346202295,2866.816296488991
0.1,2,8,0.0003236075892195285,0.018283980345119702,2695.108131271677
0.1,2,8,0.0005255698420808423,0.016656317568800993,685.1875952699583
0.1,2,8,0.0008535759608452731,0.015819687034275505,1649.0891459844563
0.1,2,8,0.001386289437857169,0.014112815018171918,603.6811971854474
0.1,2,8,0.002251467348742156,0.012925507186214422,419.81603585636805
0.1,2,8,0.0036565994690744407,0.012124211672850618,1105.0957196654508
0.1,2,8,0.005938669146015109,0.010873046667206822,446.51055537798493
0.1,2,8,0.009644969738717053,0.010146329100540585,268.864988279396
0.1,2,8,0.015664358288622397,0.009778934915295613,183.60633972797396
0.1,2,8,0.0254404241010062,0.009417460857423125,56.04143865918829
0.1,2,8,0.04131769501909014,0.0092057801488008,36.792755492006876
0.1,2,8,0.06710390970341684,0.009089720103622093,62.184830815282794
0.1,2,8,0.1089832018800615,0.00901601194873218,19.88455164828596
0.1,2,8,0.17699919936893727,0.009132379753132268,26.863260555881084
0.1,2,8,0.28746371951635963,0.009487919633500997,22.160831828492658
0.1,2,8,0.46686872219085596,0.01390166779656008,24.665906854881673
0.1,2,8,0.75823969761067,0.05458502236560072,13.427159759880848
0.1,2,8,1.231454179099385,0.2960895084886825,12.703792440463104
0.1,2,8,2.0,0.5819942676084393,0.0
0.1,2,9,4.781479800985974e-07,0.017878999373490478,128863.27067992902
0.1,2,9,8.088887528919479e-07,0.017878999373490478,128863.27067992902
0.1,2,9,1.368406940504424e-06,0.017878999373490478,128863.27067992902
0.1,2,9,2.314950663024994e-06,0.017878999373490478,128863.27067992902
0.1,2,9,3.9162301897302695e-06,0.017878999373490446,50460.324668773195
0.1,2,9,6.625134238892933e-06,0.017878999373490446,50460.324668773195
0.1,2,9,1.1207820162985498e-05,0.017731260205123948,20032.611696443142
0.1,2,9,1.8960405672748294e-05,0.017510400137008948,17208.78528724891
0.1,2,9,3.207554886207449e-05,0.0172933325122514,5742.911733492189
0.1,2,9,5.4262596094242675e-05,0.016995046275530275,4298.346557014697
0.1,2,9,9.179669372293615e-05,0.016830318236723773,5479.825828243519
0.1,2,9,0.00015529358314938062,0.016914321365592268,5527.23700492278
0.1,2,9,0.00026271204320453637,0.01638534501947874,1314.052952011084
0.1,2,9,0.00044443315844101865,0.01639366475815075,1202.1791634274455
0.1,2,9,0.0007518529790736638,0.01573208209835312,2502.70011385407
0.1,2,9,0.0012719188282999427,0.014869126939525707,644.3601388147066
0.1,2,9,0.002151720550176065,0.013125649302561273,729.7474763859667
0.1,2,9,0.0036400918227135243,0.011564847854488644,1872.4028887542488
0.1,2,9,0.006157987605175616,0.010644472892830086,828.498723685287
0.1,2,9,0.010417542521558793,0.010076137739309926,302.5244354946025
0.1,2,9,0.01762348337584716,0.00996325432774372,154.8491195446223
0.1,2,9,0.02981386115353121,0.009769326173316986,88.91422064293995
0.1,2,9,0.050436471492362446,0.009843152996790751,31.367045431096372
0.1,2,9,0.08532399220282101,0.009861040746198028,169.2004154832336
0.1,2,9,0.14434363527055008,0.010174142624550212,33.1507508392622
0.1,2,9,0.24418788321098658,0.011171895591419193,42.96069890539235
0.1,2,9,0.41309561169981185,0.016314036454300938,44.05743080464267
0.1,2,9,0.6988388701424486,0.057930611108303796,21.25097590486286
0.1,2,9,1.1822342154940777,0.3048383247723699,29.563496166118217
0.1,2,9,2.0,0.6216350660896954,0.0
0.1,3,0,3.0434289710612477e-07,0.022676110439562594,285911.7558857768
0.1,3,0,5.229439343168886e-07,0.022676110439562594,285911.7558857768
0.1,3,0,8.985600158214528e-07,0.022633278438974683,52371.013174234344
0.1,3,0,1.5439706803134739e-06,0.022633278438974683,52371.013174234344
0.1,3,0,2.6529618719884435e-06,0.022577030923649107,28289.56806845886
0.1,3,0,4.5585105882939775e-06,0.022577030923649107,28289.56806845886
0.1,3,0,7.832761941660826e-06,0.022558847071106492,23485.49372769295
0.1,3,0,1.3458816963654618e-05,0.02253745233874664,16391.17798902798
0.1,3,0,2.3125910810299587e-05,0.022534168957378364,10380.608015995684
0.1,3,0,3.9736609261436095e-05,0.022499566511559887,5261.984160527445
0.1,3,0,6.827831035709134e-05,0.022333532106169177,4086.1812163145833
0.1,3,0,0.00011732072141705458,0.02211388454154109,3076.4782796712034
0.1,3,0,0.0002015889321489129,0.021262339412640722,1791.8254595297333
0.1,3,0,0.0003463846545954803,0.020077012464223633,2029.114048294667
0.1,3,0,0.000595183116752659,0.01810340447147191,746.2158781550721
0.1,3,0,0.0010226865935533608,0.017272107755077547,808.1303281963513
0.1,3,0,0.001757253926052505,0.015630587713109604,1604.8889729733592
0.1,3,0,0.0030194405403299366,0.013108919128594665,927.7766525978113
0.1,3,0,0.005188220689919536,0.011744202215206058,1295.637568379008
0.1,3,0,0.008914775292898426,0.011372020204888512,234.5640448981923
0.1,3,0,0.015318010407168053,0.010988484789270907,88.31257800870844
0.1,3,0,0.026320511187873222,0.010789480986432223,68.38378086630217
0.1,3,0,0.045225802227342765,0.010784102509319169,74.6479532661628
0.1,3,0,0.07771023793979706,0.0113186914580002,60.917297905917756
0.1,3,0,0.1335273402183868,0.012565142560054587,26.045698674990973
0.1,3,0,0.22943631442242607,0.019530334764982886,35.4709392289085
0.1,3,0,0.3942340369369362,0.04733174409882418,23.626401860681767
0.1,3,0,0.6774013794234938,0.1385642926362093,64.5509086626942
0.1,3,0,1.1639599472692286,0.3893603808509339,46.50216563150011
0.1,3,0,2.0,0.5498052714324274,0.0
0.1,3,1,5.71231883794709e-07,0.022043600143983367,386402.6656254438
0.1,3,1,9.604507815865873e-07,0.02204360014398328,285320.8895479108
0.1,3,1,1.6148708257009775e-06,0.02200922196647751,54529.413554223196
0.1,3,1,2.715191484765381e-06,0.02200922196647751,54529.413554223196
0.1,3,1,4.56523499069488e-06,0.022009221966477494,33356.90840272689
0.1,3,1,7.675838200437554e-06,0.02200922196647749,23771.72424681329
0.1,3,1,1.2905905654229705e-05,0.021940059314337745,14904.119202167238
0.1,3,1,2.1699571617648716e-05,0.021904248606213497,13708.970361921176
0.1,3,1,3.648495665510658e-05,0.021722150276490593,8265.164673828673
0.1,3,1,6.134462401287001e-05,0.021551029839886125,5546.917524412064
0.1,3,1,0.00010314286325878588,0.020810248071295164,2634.760113659079
0.1,3,1,0.00017342106847029743,0.02017988449798787,2634.760113659079
0.1,3,1,0.0002915845657098124,0.019878131018830937,2025.2775197528015
0.1,3,1,0.0004902608414890605,0.0188830891808456,867.7621555938407
0.1,3,1,0.0008243086945032796,0.018561151897000746,13555.513538018806
0.1,3,1,0.001385965931461943,0.01640449720018828,649.9994013141122
0.1,3,1,0.0023303182120754996,0.01401842664763666,1220.3900966389401
0.1,3,1,0.0039181215398293966,0.012257562143789631,359.68540117535946
0.1,3,1,0.006587802610529359,0.010041531435950829,323.37528985619286
0.1,3,1,0.01107651786554511,0.009390673802436961,176.1864035025229
0.1,3,1,0.018623698261639537,0.009122916933713594,145.88020119260406
0.1,3,1,0.03131328285213989,0.00908574851204351,88.75356747237409
0.1,3,1,0.05264913924200358,0.0091863431710027,44.42152808805837
0.1,3,1,0.08852255689743027,0.00972946787958958,24.16334149863126
0.1,3,1,0.14883895905000877,0.011006027767900273,111.72810366709012
0.1,3,1,0.2502530033871318,0.02004645669232759,78.1314156024258
0.1,3,1,0.4207672917360148,0.054925837073387565,48.11355969471853
0.1,3,1,0.7074644915289131,0.1523718807522759,18.270957329303997
0.1,3,1,1.1895078743151815,0.38715503984559974,14.622342884555259
0.1,3,1,2.0,0.5244191673191854,0.0
0.1,3,2,5.574760715276739e-07,0.02045136374586517,258154.00728854048
0.1,3,2,9.3811039211924e-07,0.020423387574107613,98967.40015971732
0.1,3,2,1.5786347661352954e-06,0.020423387574107575,73254.14051829146
0.1,3,2,2.6564973011558733e-06,0.020468480558723093,28640.56642516598
0.1,3,2,4.470304380996787e-06,0.020497284545979332,17346.714933086685
0.1,3,2,7.52254528926642e-06,0.020497284545979332,17346.714933086685
0.1,3,2,1.2658799671365145e-05,0.020422623102059924,15103.17045809733
0.1,3,2,2.1301993269272964e-05,0.0203336182527855,8331.661517335531
0.1,3,2,3.584659912666235e-05,0.020320054366729474,8331.661517335531
0.1,3,2,6.032199206452412e-05,0.020112949201993583,6018.323626872622
0.1,3,2,0.00010150872928768418,0.020035245325407725,6136.193017883546
0.1,3,2,0.00017081700668271257,0.01949690837867488,2181.729788842821
0.1,3,2,0.00028744769023113047,0.018903468679379795,1530.092519507323
0.1,3,2,0.000483711641035178,0.017789217811488022,1670.7665640059759
0.1,3,2,0.0008139809767989755,0.016040386044378692,1258.603993269256
0.1,3,2,0.001369752088605263,0.014412816048441232,1590.1800330855228
0.1,3,2,0.0023049934061319475,0.013540079508995601,550.4759315046715
0.1,3,2,0.003878800146763541,0.011841805896365222,987.5766079557881
0.1,3,2,0.006527172936160494,0.01072676955394873,257.63271371204377
0.1,3,2,0.01098380553947711,0.009863036702848379,129.9598866270725
0.1,3,2,0.018483344214871553,0.009666286266305793,134.2519692933186
0.1,3,2,0.031103428783180138,0.009615657662005884,135.6017731022227
0.1,3,2,0.052340272995185344,0.009759116281307247,67.62647493661758
0.1,3,2,0.08807724049677686,0.010658350983982294,52.55012167524788
0.1,3,2,0.14821474649627228,0.014229957396803281,64.88147210104964
0.1,3,2,0.24941302605589868,0.025130701399451175,23.691309087565887
0.1,3,2,0.4197076136950032,0.05963550730158225,26.19486954912397
0.1,3,2,0.7062761868502976,0.14847718289375048,25.176094065239766
0.1,3,2,1.1885084659776715,0.3858384127088226,41.05864016594503
0.1,3,2,2.0,0.5259322062922271,0.0
0.1,3,3,6.547949182866829e-07,0.021488838593422946,454362.25618566293
0.1,3,3,1.0957800598958254e-06,0.021488838593422876,73753.24453688855
0.1,3,3,1.8337557395941671e-06,0.021488838593422876,73753.24453688855
0.1,3,3,3.068736360117956e-06,0.021488838593422876,73753.24453688855
0.1,3,3,5.1354401486394975e-06,0.021369585189091166,21522.00566660561
0.1,3,3,8.59400822534157e-06,0.021369585189091166,21522.00566660561
0.1,3,3,1.4381820299630026e-05,0.021372054280438944,24096.707462222534
0.1,3,3,2.4067553777868246e-05,0.021323553544014925,8521.073101697735
0.1,3,3,4.0276344216697055e-05,0.02136390255315806,7456.288722620303
0.1,3,3,6.740127885176161e-05,0.021183347945126746,4359.619489448456
0.1,3,3,0.00011279406011654848,0.021326804599645026,3834.651221113885
0.1,3,3,0.00018875754606313428,0.020530732837067685,2088.997132026611
0.1,3,3,0.00031588020822161176,0.019632167003258746,948.0789436683884
0.1,3,3,0.0005286162488717394,0.01919445971711023,1213.9998243008276
0.1,3,3,0.0008846237633704032,0.018406141342890245,1728.6863919947932
0.1,3,3,0.0014803918804801837,0.015779706416776174,1648.934357188006
0.1,3,3,0.0024773923226319894,0.013424370030540199,706.5626073750843
0.1,3,3,0.004145843273772318,0.01196378255365349,1240.3989412304265
0.1,3,3,0.006937946926558071,0.010303697247794523,353.92495818235943
0.1,3,3,0.01161045036609362,0.009849284404348565,157.4668555344306
0.1,3,3,0.0194297476084037,0.009655048643909845,137.3520617936741
0.1,3,3,0.032515111836551924,0.009586145691522554,78.45020590286605
0.1,3,3,0.054413084464679705,0.009608590834928502,138.85863266495193
0.1,3,3,0.09105869836289467,0.010115210703884141,57.82436944393099
0.1,3,3,0.1523840566863454,0.012049462508408139,26.06271712529337
0.1,3,3,0.2550102422905874,0.021171312100414164,26.552990999905553
0.1,3,3,0.42675214905819747,0.05455208786370343,79.45611212812271
0.1,3,3,0.7141571847857975,0.1521027613263017,53.50925319115874
0.1,3,3,1.1951210690016294,0.39941041653490955,45.75267047801398
0.1,3,3,2.0,0.5381148619163486,0.0
0.1,3,4,1.0606326603657126e-06,0.02006378257849937,76673.40134460316
0.1,3,4,1.7456627354157582e-06,0.02006378257849937,76673.40134460316
0.1,3,4,2.873132706255233e-06,0.02006511283124076,29909.380766820177
0.1,3,4,4.728800919146321e-06,0.02006511283124076,29909.380766820177
0.1,3,4,7.782988263728538e-06,0.0199972557830438,27635.882330007484
0.1,3,4,1.2809781453914875e-05,0.02000024368739006,23607.586341417948
0.1,3,4,2.108322604850649e-05,0.01998635284594865,8236.403600392052
0.1,3,4,3.4700234520907824e-05,0.020015460940756638,8236.403600392052
0.1,3,4,5.7112050738141205e-05,0.019890272738800997,4944.606602035929
0.1,3,4,9.399897103146959e-05,0.01979301192924421,3248.7013313344396
0.1,3,4,0.00015471002075354004,0.01950786951274916,2293.95013392697
0.1,3,4,0.0002546324737272668,0.01903331515896681,1221.6264497567824
0.1,3,4,0.0004190917715650531,0.0184847283566154,1135.2235789080419
0.1,3,4,0.000689770281152976,0.017191815031686663,735.305775814317
0.1,3,4,0.0011352717305450678,0.015842433232897003,1427.4963088766763
0.1,3,4,0.001868508889684905,0.014449020974523073,511.9249293906175
0.1,3,4,0.0030753214203222143,0.012172391048732238,1433.1976394938124
0.1,3,4,0.005061577116653445,0.011533132779884468,371.0821488907007
0.1,3,4,0.008330694391334712,0.01110519902533299,223.19972615081016
0.1,3,4,0.013711234155353746,0.01114704080484561,130.9789702951278
0.1,3,4,0.022566899376177795,0.010701656695908364,113.17509702324072
0.1,3,4,0.037142166903749066,0.010660074342827381,73.40606351754086
0.1,3,4,0.06113115228236588,0.010534609869354505,192.5800380667908
0.1,3,4,0.10061388688102091,0.011218071219101209,49.02448165924172
0.1,3,4,0.16559730767952555,0.013993940867189516,183.56406495905222
0.1,3,4,0.2725515250507654,0.025333145286503597,113.23588875946449
0.1,3,4,0.448584188042826,0.06266565473440115,38.530797369483835
0.1,3,4,0.738310944048327,0.16200049313220738,23.051922949235426
0.1,3,4,1.2151633174584617,0.3973261143294712,20.353429116193087
0.1,3,4,2.0,0.5299874879918469,0.0
0.1,3,5,1.1739780796382615e-06,0.019998940525771634,59577.10921202536
0.1,3,5,1.925461395878281e-06,0.019998940525771634,59577.10921202536
0.1,3,5,3.157981951553902e-06,0.019972990348771084,53438.78582226163
0.1,3,5,5.179459857096314e-06,0.019972990348771084,53438.78582226163
0.1,3,5,8.494920117599737e-06,0.01991877652044059,36164.20267975061
0.1,3,5,1.3932662824972051e-05,0.019923970126847285,18320.695248556847
0.1,3,5,2.2851197033881824e-05,0.019905138116689883,11869.064555981615
0.1,3,5,3.7478636527783555e-05,0.019924140935560664,5734.528265592493
0.1,3,5,6.146934858156525e-05,0.019773327295465805,3609.7659246919325
0.1,3,5,0.00010081692305537651,0.01979282451353541,2403.9106080073702
0.1,3,5,0.00016535154851798643,0.019742301682176607,2040.7423531544987
0.1,3,5,0.00027119588426913346,0.019427591393128857,1676.7070870724278
0.1,3,5,0.0004447929777719434,0.0189008291789979,2817.0466619473336
0.1,3,5,0.0007295125204735647,0.017344827164805406,1470.0702064878928
0.1,3,5,0.0011964858802257423,0.015535659607622123,913.0156917067221
0.1,3,5,0.001962376822059556,0.013921979252183015,435.0685826835042
0.1,3,5,0.0032185275692764585,0.012855582752159431,491.6625598450664
0.1,3,5,0.0052787617534744025,0.01140879891940091,286.72013706255393
0.1,3,5,0.008657786845121982,0.010793908409172185,382.2411411508021
0.1,3,5,0.014199783312105625,0.010429883932211286,320.9898066492339
0.1,3,5,0.02328930588356527,0.010355491489193012,254.47810816029568
0.1,3,5,0.038197186296206796,0.010299373013455196,92.78207941861544
0.1,3,5,0.06264785426588139,0.0103334643045253,37.6854963814103
0.1,3,5,0.10274981025261705,0.011337996252553077,58.01961764919729
0.1,3,5,0.1685217096525289,0.015134400328525397,130.1977893742844
0.1,3,5,0.27639531941119,0.028820461630744604,33.30859977602514
0.1,3,5,0.45332065969381374,0.06891323454468339,221.16014579400482
0.1,3,5,0.743498916490388,0.16556672408225026,11.380800545145894
0.1,3,5,1.2194252059805775,0.4158367794882748,30.7859464533716
0.1,3,5,2.0,0.561160035174201,0.0
0.1,3,6,2.776320542352551e-07,0.01858880231848374,80044.37790322135
0.1,3,6,4.785608930453538e-07,0.01858880231848374,80044.37790322135
0.1,3,6,8.249066520190177e-07,0.01858880231848374,80044.37790322135
0.1,3,6,1.421910971903709e-06,0.01858880231848374,80044.37790322135
0.1,3,6,2.4509813408239246e-06,0.01858880231848374,80044.37790322135
0.1,3,6,4.224814107049351e-06,0.018576630664715387,25115.850711882347
0.1,3,6,7.2824113108601015e-06,0.018519704889401543,22966.32580652067
0.1,3,6,1.2552863429435533e-05,0.018511087416619686,12815.155124562218
0.1,3,6,2.1637665541229874e-05,0.018501929029316137,20061.345403793894
0.1,3,6,3.729735232968899e-05,0.01842703387274584,6737.766953768518
0.1,3,6,6.429032226948326e-05,0.01833266913267272,3897.6106964919127
0.1,3,6,0.00011081873857903611,0.01804329390374433,16060.511587233594
0.1,3,6,0.00019102086265444158,0.01770389433197677,2065.8148652259133
0.1,3,6,0.00032926714775067666,0.016367670088427468,932.4353335392776
0.1,3,6,0.0005675655165686938,0.01593703632289346,1569.692555470426
0.1,3,6,0.0009783260121711513,0.014725606725941667,1103.78546111281
0.1,3,6,0.0016863635265883252,0.013499955282672902,2247.148336652451
0.1,3,6,0.002906824420927189,0.011549335389607703,1493.5227962116444
0.1,3,6,0.005010561531292777,0.01015345537490695,370.4190081561692
0.1,3,6,0.00863682260205558,0.009801176995264676,247.10061683302675
0.1,3,6,0.014887493985156543,0.009318484159259947,121.53636071432207
0.1,3,6,0.02566192306709207,0.009069423715813082,129.91510635901957
0.1,3,6,0.04423405955078394,0.009167881002223394,110.41394344467552
0.1,3,6,0.07624728743932055,0.009402608623559645,43.87474308082178
0.1,3,6,0.13142924029344116,0.01045699002053218,108.18334360357483
0.1,3,6,0.22654766856929723,0.016228410261878667,116.5742160421512
0.1,3,6,0.3905055375774345,0.04354480408049417,20.989758252440776
0.1,3,6,0.6731235675108945,0.13091650168404578,39.87301808277048
0.1,3,6,1.160278903980326,0.367283683715539,7.953604666216952
0.1,3,6,2.0,0.5345145990287034,0.0
0.1,3,7,1.004455435271723e-06,0.023706455206403118,73195.45018433241
0.1,3,7,1.6563075999164861e-06,0.023706455206403118,73195.45018433241
0.1,3,7,2.731186242024749e-06,0.023706455206403118,73195.45018433241
0.1,3,7,4.5036189467471935e-06,0.02377442720391022,46663.77796565371
0.1,3,7,7.426290930077314e-06,0.023762284385315614,37513.38738808454
0.1,3,7,1.224566235071494e-05,0.023680171467841616,18035.389823529236
0.1,3,7,2.019261672073436e-05,0.023680171467841616,18035.389823529236
0.1,3,7,3.329683265410926e-05,0.023510156993634516,9606.600810636444
0.1,3,7,5.490517054470374e-05,0.023481931823750416,5990.2714099532595
0.1,3,7,9.053647185781095e-05,0.02316001312740446,3198.7940265442226
0.1,3,7,0.0001492910896212648,0.02285357953976578,2929.7238818830924
0.1,3,7,0.00024617514889809145,0.022654795012276577,1744.5252790120367
0.1,3,7,0.00040593316110652545,0.021412734303606643,1692.1933034071674
0.1,3,7,0.0006693678546494986,0.02073243047193166,1767.9218980596831
0.1,3,7,0.001103761327645004,0.019442973082029216,12264.228392178587
0.1,3,7,0.0018200591198730255,0.01741385909992597,509.11251969493674
0.1,3,7,0.0030012060731469947,0.014474598746820819,503.0688326370559
0.1,3,7,0.004948871053223142,0.011821604220203513,2153.4205542527548
0.1,3,7,0.008160494182843264,0.011105949730552268,262.884859055425
0.1,3,7,0.013456334705841035,0.010917579877581497,191.80568158059984
0.1,3,7,0.022188967929946266,0.010410910868386788,109.29687487273378
0.1,3,7,0.036588737465222815,0.010607963642939526,239.70003201898598
0.1,3,7,0.06033339241038955,0.010699741002034892,72.9201908274792
0.1,3,7,0.09948739672162642,0.011263399382085674,63.084777592434506
0.1,3,7,0.1640508135050909,0.013067841907676882,26.856158633413106
0.1,3,7,0.2705133544401196,0.022459029516132302,108.65242602339092
0.1,3,7,0.446065907062234,0.05821865219537153,32.947796620006926
0.1,3,7,0.7355451780008072,0.1625354408685199,13.086678212960862
0.1,3,7,1.2128851371839038,0.42909388330493514,27.124222259739202
0.1,3,7,2.0,0.562579101997126,0.0
0.1,3,8,6.4138794608759e-07,0.017693744447426298,357984.7027374105
0.1,3,8,1.074109845123879e-06,0.017755575442891195,161418.43416213294
0.1,3,8,1.7987739969695206e-06,0.017755575442891476,83383.5534276719
0.1,3,8,3.0123435762759744e-06,0.017755575442891452,40286.16671810636
0.1,3,8,5.044665887331529e-06,0.017755575442891452,40286.16671810636
0.1,3,8,8.448124614745134e-06,0.017749363564357763,40286.16671810636
0.1,3,8,1.4147777295914327e-05,0.017678281905498573,10473.31951698824
0.1,3,8,2.3692785268038728e-05,0.01764366591755835,10473.31951698824
0.1,3,8,3.9677474561286894e-05,0.017568063020039482,6281.383006792628
0.1,3,8,6.64464717740588e-05,0.017582625598458787,3723.060756725778
0.1,3,8,0.0001112755703340204,0.017237989971495105,2403.91107181253
0.1,3,8,0.0001863492857117459,0.016737060590200605,2280.4164442804517
0.1,3,8,0.00031207259761544453,0.016514020522634457,2700.4537137116927
0.1,3,8,0.0005226170082191655,0.015234780625244113,766.2445518531354
0.1,3,8,0.0008752083309042013,0.014411219246607406,1268.2886168946402
0.1,3,8,0.0014656806235492637,0.012670456906111344,460.5588677562856
0.1,3,8,0.0024545238138082813,0.011735750199140128,715.6284986502812
0.1,3,8,0.0041105047414508895,0.010535403929831122,457.84430771929453
0.1,3,8,0.006883717784459031,0.00996143172670517,223.39688616661104
0.1,3,8,0.01152792017443379,0.009624470675990386,290.66868153014843
0.1,3,8,0.01930540264857201,0.009357244954583718,183.05435774747573
0.1,3,8,0.03233007912824114,0.00942989223956694,71.61617126665169
0.1,3,8,0.05414204694226595,0.00961429102381578,85.27564409603106
0.1,3,8,0.09066978263402742,0.010166709445282321,50.18899846401935
0.1,3,8,0.15184149745332343,0.0131508011861726,31.89511652353775
0.1,3,8,0.25428361775089303,0.023022181030354513,23.238369549466423
0.1,3,8,0.4258398352292266,0.0579407748556795,58.70075955392639
0.1,3,8,0.7131390015290043,0.14736178227110128,17.61304166466019
0.1,3,8,1.194268815241364,0.3683562743312491,19.304586293952415
0.1,3,8,2.0,0.5041717125274637,0.0
0.1,3,9,3.865880411346723e-07,0.01936990366288241,343351.59518079506
0.1,3,9,6.588068785179532e-07,0.01936990366288241,343351.59518079506
0.1,3,9,1.1227106299218664e-06,0.019369903662882323,89125.75548454613
0.1,3,9,1.913275649724727e-06,0.019369903662882323,89125.75548454613
0.1,3,9,3.2605228936723674e-06,0.019296875934963546,59114.426379708064
0.1,3,9,5.5564442800969035e-06,0.019297154575857577,59114.426379708064
0.1,3,9,9.46905574493536e-06,0.019056143411545327,28834.34492109307
0.1,3,9,1.613676160163519e-05,0.018783152743976697,14402.729659599054
0.1,3,9,2.7499582007137656e-05,0.018547638308578016,12924.17244764968
0.1,3,9,4.6863616705514166e-05,0.01838661718273796,9230.113413370853
0.1,3,9,7.986298010461803e-05,0.01839111415358008,4042.1238949302765
0.1,3,9,0.0001360990900738596,0.01839663145122524,2879.4258060726106
0.1,3,9,0.00023193427411133513,0.017724409934337663,1637.7734431732897
0.1,3,9,0.0003952525140201797,0.01716906145936066,8655.507913673739
0.1,3,9,0.0006735725042702403,0.015763880454998477,3612.9953463325396
0.1,3,9,0.0011478735805984502,0.014877484559339398,1581.2543517957847
0.1,3,9,0.001956157278812073,0.01207292820315005,986.6692036807447
0.1,3,9,0.003333599940033871,0.010762712893925368,1485.9125773764101
0.1,3,9,0.005680979070835447,0.009839148152996014,432.1439443104219
0.1,3,9,0.009681282632535242,0.009020422102522952,374.0509017032149
0.1,3,9,0.016498429626716576,0.008704796834083133,177.9174293439521
0.1,3,9,0.02811592125540901,0.008504775717086868,783.1927237771773
0.1,3,9,0.0479139558082705,0.00848216944338244,147.35748723415782
0.1,3,9,0.08165292327937648,0.008677967077235357,109.74594551679972
0.1,3,9,0.13914943501527602,0.010082663000638141,50.8707895804483
0.1,3,9,0.23713254207471826,0.0172026493913258,61.77719398637109
0.1,3,9,0.4041111809375649,0.04716606924545405,25.966011945030424
0.1,3,9,0.6886690672227384,0.14274048555374422,51.56656863424513
0.1,3,9,1.1736005003601009,0.39361099326000015,34.83120263641921
0.1,3,9,2.0,0.5490966131982777,0.0
0.1,4,0,3.673025172901128e-08,0.018557813183603163,117200.18002380036
0.1,4,0,6.788639323824698e-08,0.018557813183603163,117200.18002380036
0.1,4,0,1.2547048195854986e-07,0.018557813183603163,117200.18002380036
0.1,4,0,2.3189981220038244e-07,0.018557813183603163,117200.18002380036
0.1,4,0,4.286069684209739e-07,0.018557813183603163,117200.18002380036
0.1,4,0,7.921693926180551e-07,0.018557813183603195,91283.44456510185
0.1,4,0,1.4641207279311001e-06,0.018557813183603184,69370.43688880403
0.1,4,0,2.7060493954113837e-06,0.018557813183603184,69370.43688880403
0.1,4,0,5.001434096731759e-06,0.01850117164762766,69370.43688880403
0.1,4,0,9.243860465506489e-06,0.01850620891186105,28542.011008203976
0.1,4,0,1.708489098388628e-05,0.018529769227452513,11046.06963598689
0.1,4,0,3.1577012766525493e-05,0.018479702459642314,11046.06963598689
0.1,4,0,5.8361960646851196e-05,0.018119515598034958,5156.1090745924375
0.1,4,0,0.00010786702579274388,0.017874635761458993,3343.3696692674107
0.1,4,0,0.00019936436549446547,0.017358352374749822,2705.9581326464618
0.1,4,0,0.00036847358993080323,0.016704975225364696,950.8467735829013
0.1,4,0,0.0006810283580004317,0.016395604598690227,2439.5845697764066
0.1,4,0,0.0012587052018785457,0.0142579271650439,2715.9495647154004
0.1,4,0,0.00232639179650006,0.012547297546899419,909.6744379057006
0.1,4,0,0.004299734983811554,0.011439454324684064,288.40163332076185
0.1,4,0,0.007946950706595006,0.01101533959793978,293.88844419162484
0.1,4,0,0.014687887921191644,0.010683420696878998,127.28077774574223
0.1,4,0,0.027146771076163118,0.010568117604996059,164.88254931146537
0.1,4,0,0.05017380196633589,0.010368701068648466,48.43352042144217
0.1,4,0,0.0927333271678695,0.01118679400072943,41.37339703292109
0.1,4,0,0.17139362835993419,0.018361599601432636,60.47599033154439
0.1,4,0,0.31677689930402375,0.0737815913984638,39.051866713964166
0.1,4,0,0.5854803640771117,0.314933512553288,29.00899840938902
0.1,4,0,1.0821093882571307,0.5784395465511292,18.03752527482309
0.1,4,0,2.0,0.4898969805973269,0.0
0.1,4,1,2.4574415302680574e-07,0.020649349520927382,112843.35732240163
0.1,4,1,4.2538082656807513e-07,0.020649349520927382,112843.35732240163
0.1,4,1,7.363302254926947e-07,0.020649349520927382,112843.35732240163
0.1,4,1,1.2745807218167e-06,0.020649349520927382,112843.35732240163
0.1,4,1,2.2062872882065295e-06,0.020649349520927382,112843.35732240163
0.1,4,1,3.819062625679471e-06,0.020635910636314755,98797.57547611401
0.1,4,1,6.610761625118179e-06,0.020540835840118055,22797.32635648941
0.1,4,1,1.1443166438350803e-05,0.020490150566423955,19789.20283939638
0.1,4,1,1.980801389634997e-05,0.020286520726301927,8776.701712296584
0.1,4,1,3.428748647778475e-05,0.020276119280207717,8022.59302952709
0.1,4,1,5.935131786134845e-05,0.020267447600696223,3605.506139875044
0.1,4,1,0.0001027365751689361,0.020208558961164736,2653.5262424257685
0.1,4,1,0.0001778360491017184,0.020009871033020293,2052.2911243376975
0.1,4,1,0.0003078325348893981,0.019399310067472326,1561.7705397660545
0.1,4,1,0.0005328552338802321,0.018526345162286743,8012.047077533373
0.1,4,1,0.0009223674176466512,0.017440221415854665,1413.6214701810532
0.1,4,1,0.00159660935849487,0.015236458602909578,2128.2305871315675
0.1,4,1,0.002763715841283062,0.01303113597111118,575.1732977898286
0.1,4,1,0.004783966228633054,0.011547550945713563,715.4595266219832
0.1,4,1,0.008281000721867474,0.010871414874674565,304.51725303821934
0.1,4,1,0.01433433466673191,0.010613628108540456,280.7679801708347
0.1,4,1,0.024812599012977183,0.01046483738350792,173.34720039486896
0.1,4,1,0.04295037642784177,0.01063938099417682,154.03939561120617
0.1,4,1,0.07434669920424265,0.010410021996618796,311.6067014759109
0.1,4,1,0.12869343978515357,0.01163468120995137,55.0278854552496
0.1,4,1,0.2227671385684037,0.02515382454051066,70.07261729273968
0.1,4,1,0.3856078298070269,0.10837726782927933,31.64849549358192
0.1,4,1,0.6674835407235209,0.35730718391496474,124.2278250220238
0.1,4,1,1.1554077554902606,0.49856453329002703,82.15316427402738
0.1,4,1,2.0,0.4279843080395969,0.0
0.1,4,2,3.0958594310348546e-07,0.020242276771456246,30129.361154284023
0.1,4,2,5.316396915222066e-07,0.020242276771456246,30129.361154284023
0.1,4,2,9.129638082674463e-07,0.020242276771456246,30129.361154284023
0.1,4,2,1.567796627109778e-06,0.020242276771456246,30129.361154284023
0.1,4,2,2.6923151188669535e-06,0.020242276771456246,30129.361154284023
0.1,4,2,4.623406233908188e-06,0.020242276771456246,30129.361154284023
0.1,4,2,7.939592603386284e-06,0.02023939431669868,20279.479313244483
0.1,4,2,1.3634348252902815e-05,0.020235811669812878,17100.70506902957
0.1,4,2,2.341372682046035e-05,0.020155457405042466,8739.061443822016
0.1,4,2,4.0207466719681995e-05,0.02026458701656567,7530.393429560528
0.1,4,2,6.904669181506021e-05,0.020106172468485548,6096.1014040496675
0.1,4,2,0.0001185711520658971,0.019901555121947533,2964.813233263062
0.1,4,2,0.00020361754825113211,0.019879401165518177,1789.5389237065556
0.1,4,2,0.0003496643596138815,0.01845764098416031,1552.2800257641634
0.1,4,2,0.0006004647705186494,0.01778465827918981,832.7539187558856
0.1,4,2,0.0010311543934079005,0.016151842867078568,1902.644822116049
0.1,4,2,0.0017707606428367336,0.014571600293145005,1827.2125331370264
0.1,4,2,0.003040857192933662,0.012089815761904594,637.3329384376055
0.1,4,2,0.005221943747859185,0.011118343038894984,283.9415722363395
0.1,4,2,0.008967437395341213,0.01030729022999285,182.3646351699003
0.1,4,2,0.01539942544810662,0.010115423591483945,136.18155615740295
0.1,4,2,0.026444824053635997,0.009859081397656339,75.40367815971557
0.1,4,2,0.045412650074795294,0.009685104696442074,86.61666206563297
0.1,4,2,0.0779853472510531,0.010518519081136112,31.442273332184048
0.1,4,2,0.1339211513939544,0.013916662711780738,197.07983454011008
0.1,4,2,0.22997749478432014,0.03406903097387151,26.739512172296305
0.1,4,2,0.3949312528809365,0.12835540503702128,67.38748303568373
0.1,4,2,0.6781998153705443,0.3817175962280189,13.706894325676759
0.1,4,2,1.1646457103948364,0.5299889784249373,36.92028825520559
0.1,4,2,2.0,0.4594461459757355,0.0
0.1,4,3,1.258995787845052e-06,0.017701685981866392,121542.06523851061
0.1,4,3,2.0599280931245275e-06,0.01770168598186646,54032.205999915735
0.1,4,3,3.370387565876336e-06,0.017689226694000974,54032.205999915735
0.1,4,3,5.514518871861963e-06,0.017649083769836774,54032.205999915735
0.1,4,3,9.022677004866897e-06,0.017672363129829935,21589.184780577965
0.1,4,3,1.4762611612328468e-05,0.01769298718525722,12389.48097086171
0.1,4,3,2.415410653610889e-05,0.01755648654983224,10641.75627752526
0.1,4,3,3.952016607078359e-05,0.017462186245845845,10641.75627752526
0.1,4,3,6.466161453446665e-05,0.017331494419287993,4009.8502500754066
0.1,4,3,0.00010579723745885156,0.017145476513695627,3121.067206160245
0.1,4,3,0.00017310201012624575,0.01691435739411826,1994.2669364059425
0.1,4,3,0.0002832238972345673,0.016533680261390748,1459.4551841878817
0.1,4,3,0.00046340175891795913,0.015806309044353154,755.2262270916046
0.1,4,3,0.0007582029350807532,0.01540717385325749,1055.8208295615952
0.1,4,3,0.0012405470624612881,0.014488027752398071,465.22724695112674
0.1,4,3,0.0020297428867344395,0.01235425681251002,1109.3140304978906
0.1,4,3,0.003320999509744608,0.011458447060891642,582.0160398171527
0.1,4,3,0.005433711735513477,0.010448980661509108,217.92281884199807
0.1,4,3,0.008890462988032017,0.010199031413406508,177.3542775515617
0.1,4,3,0.014546287324183567,0.010185681145876178,159.3911792141435
0.1,4,3,0.023800163748788235,0.010111866598140916,184.44191119631753
0.1,4,3,0.03894105635651793,0.010140285269629297,209.3800558218908
0.1,4,3,0.06371409399394203,0.01028305862099403,46.76305681569214
0.1,4,3,0.10424693506778497,0.011285197113075265,95.89572173974588
0.1,4,3,0.1705654556126975,0.017562492805511185,54.49836692358247
0.1,4,3,0.2790736689711802,0.04932541699570851,35.04840256213415
0.1,4,3,0.45661128997821543,0.17678331061152064,23.95515854234547
0.1,4,3,0.7470925899393993,0.4280656377773977,22.298214069387033
0.1,4,3,1.2223686759234298,0.48621917223249494,8.387641506219047
0.1,4,3,2.0,0.41849508815016045,0.0
0.1,4,4,5.157592004589874e-07,0.020911025988192132,52633.55847303344
0.1,4,4,8.702409219999247e-07,0.020911025988192132,52633.55847303344
0.1,4,4,1.4683582215291963e-06,0.020911025988192132,52633.55847303344
0.1,4,4,2.4775620316468768e-06,0.020868625913248992,42280.88593548416
0.1,4,4,4.180392448285249e-06,0.020868625913248992,42280.88593548416
0.1,4,4,7.053579607072008e-06,0.020817039352162267,16684.652631334033
0.1,4,4,1.1901510656902616e-05,0.020814175119100504,15879.743052131678
0.1,4,4,2.0081428693928758e-05,0.020824751475200597,15879.743052131678
0.1,4,4,3.388341110760263e-05,0.020800252545083695,7745.906942726577
0.1,4,4,5.7171507355645145e-05,0.02070587728681429,3681.582471424006
0.1,4,4,9.646553125765987e-05,0.02071524412187361,2869.186526305347
0.1,4,4,0.00016276637001951837,0.020335826767665433,2308.7940197474054
0.1,4,4,0.00027463582964746376,0.018962338400089165,1435.420393296122
0.1,4,4,0.0004633932606416554,0.018284156230075323,1633.0138576858085
0.1,4,4,0.0007818838287915578,0.017185094126436175,1312.1828780527308
0.1,4,4,0.0013192732256814175,0.01576561358836265,668.7657832612057
0.1,4,4,0.0022260107958619077,0.01301850476209649,509.19037764954595
0.1,4,4,0.003755949841803537,0.011122694897465441,615.4465876364105
0.1,4,4,0.006337417248994855,0.01064217849027044,588.091647367105
0.1,4,4,0.010693129322667453,0.01040493229560456,514.9698709301978
0.1,4,4,0.018042525877466197,0.010411711347374493,175.13426281258
0.1,4,4,0.030443168712920007,0.010060646314981173,39.846611229463484
0.1,4,4,0.051366783541144906,0.010078020034924574,93.74536563160677
0.1,4,4,0.08667121600397144,0.01060772293509847,66.86757372208143
0.1,4,4,0.14624041385791708,0.013497102122826687,58.138421261330755
0.1,4,4,0.24675157026013053,0.035163381544271274,50.39207296725116
0.1,4,4,0.41634412690458744,0.13878929969867318,48.595633592468694
0.1,4,4,0.7024977868436748,0.4114303229690142,32.39807840830596
0.1,4,4,1.1853250919841989,0.5265907799713446,26.747670572262752
0.1,4,4,2.0,0.45383747276057107,0.0
0.1,4,5,1.681151444721253e-07,0.017369423773609557,91550.9184725173
0.1,4,5,2.9484036966178936e-07,0.017369423773609557,91550.9184725173
0.1,4,5,5.170910916756474e-07,0.017369423773609557,91550.9184725173
0.1,4,5,9.068744466608419e-07,0.017369423773609557,91550.9184725173
0.1,4,5,1.5904765625362643e-06,0.017369423773609557,91550.9184725173
0.1,4,5,2.789378072445801e-06,0.017369423773609623,39600.36406400364
0.1,4,5,4.892011749380336e-06,0.01736012493509135,39600.36406400364
0.1,4,5,8.579611058278372e-06,0.0173599388996181,26680.67210368221
0.1,4,5,1.50469233686237e-05,0.01741590092250687,26680.67210368221
0.1,4,5,2.638929682514845e-05,0.01734107315105614,7476.889638542467
0.1,4,5,4.628155336910485e-05,0.017272653694356047,6811.227854597931
0.1,4,5,8.116859636123537e-05,0.016792165261000705,3813.11692103448
0.1,4,5,0.00014235349843834725,0.016542431763799235,2587.621260130323
0.1,4,5,0.00024965959035993005,0.016424570569052846,2235.324282904731
0.1,4,5,0.0004378530330653086,0.01571430323970731,1280.4009807728044
0.1,4,5,0.0007679067256663265,0.014605226488340582,588.4241181978662
0.1,4,5,0.0013467549492471476,0.013394513621736078,1215.5996414113922
0.1,4,5,0.0023619390646017124,0.011538407997299044,572.73584515697
0.1,4,5,0.004142369142961164,0.010388720110319851,359.62148286964344
0.1,4,5,0.007264887724548598,0.009542402161585483,208.52107016300775
0.1,4,5,0.012741161356896437,0.00926630403523156,176.6878075658524
0.1,4,5,0.022345451007304843,0.008942013845089272,71.74130275073907
0.1,4,5,0.039189455869310726,0.00910613196357007,226.2408511180966
0.1,4,5,0.06873047453061433,0.00948425880647326,237.02437774343954
0.1,4,5,0.12053951820501534,0.011329529555016695,45.00596272080227
0.1,4,5,0.21140222802659808,0.026641723908212237,53.42793615510972
0.1,4,5,0.37075726434047,0.10934349775777776,58.91776360436744
0.1,4,5,0.6502341547882549,0.3498858892310181,24.208325991875167
0.1,4,5,1.1403807739419813,0.5142074427495552,11.07600777473728
0.1,4,5,2.0,0.4436285073439409,0.0
0.1,4,6,2.948528021740059e-08,0.021118545076731287,142861.7388648937
0.1,4,6,5.491037230591405e-08,0.021118545076731287,142861.7388648937
0.1,4,6,1.0225946521595909e-07,0.021118545076731287,142861.7388648937
0.1,4,6,1.9043757649276994e-07,0.021118545076731287,142861.7388648937
0.1,4,6,3.5465147860737713e-07,0.021118545076731287,142861.7388648937
0.1,4,6,6.604666662683249e-07,0.02111889203883399,59561.479288831244
0.1,4,6,1.2299856156373623e-06,0.02111889203883399,59561.479288831244
0.1,4,6,2.2905994987189766e-06,0.02111889203883399,59561.479288831244
0.1,4,6,4.265778393524367e-06,0.021100536305095882,57167.81952061575
0.1,4,6,7.944149692181458e-06,0.021106863490836555,31970.672761835827
0.1,4,6,1.4794372447380196e-05,0.021018624990911318,15410.270577641786
0.1,4,6,2.7551527173161784e-05,0.02088823288140001,8149.444154029848
0.1,4,6,5.1309148277383915e-05,0.020919821810195787,5551.4084356514195
0.1,4,6,9.555291365173518e-05,0.020727616409442973,3945.1884355722564
0.1,4,6,0.0001779479803090095,0.020463987321490632,2321.0172646563537
0.1,4,6,0.0003313921311857418,0.019683400862257543,2784.392382091973
0.1,4,6,0.0006171508348738899,0.017994894198592945,1662.0934728298566
0.1,4,6,0.0011493186383839111,0.01570343636879944,2227.219498051411
0.1,4,6,0.0021403735649269157,0.012750114279962197,495.0058927185717
0.1,4,6,0.003986012968413787,0.01170221980818486,1981.339785935887
0.1,4,6,0.007423143158145576,0.010894133818719993,302.30266348636184
0.1,4,6,0.013824103128357745,0.009814742951539472,108.08988129975903
0.1,4,6,0.025744596760708498,0.009576869360241264,156.8222656176308
0.1,4,6,0.04794410575626391,0.00986013639482772,62.010983703799454
0.1,4,6,0.08928620238775739,0.010713893172522897,66.14938238739866
0.1,4,6,0.16627749774613354,0.016352474924723612,130.2398367809661
0.1,4,6,0.3096582172533577,0.06364108476674485,66.61249367659974
0.1,4,6,0.5766758149014636,0.2973518400465279,102.45861621353343
0.1,4,6,1.0739420979749892,0.5513514658597592,11.412674954112473
0.1,4,6,2.0,0.4628510122079411,0.0
0.1,4,7,3.177286949096469e-07,0.02233173745550288,432043.3388238712
0.1,4,7,5.451346691359516e-07,0.022331737455502935,376411.9032382401
0.1,4,7,9.353005008832148e-07,0.02233173745550312,37875.20417013704
0.1,4,7,1.6047172863522805e-06,0.02233173745550312,37875.20417013704
0.1,4,7,2.7532515664068594e-06,0.02233173745550312,37875.20417013704
0.1,4,7,4.723819112806464e-06,0.02233173745550312,37875.20417013704
0.1,4,7,8.104768660728369e-06,0.022296440440017284,37875.20417013704
0.1,4,7,1.3905544110663314e-05,0.022282102372289236,24793.045093257326
0.1,4,7,2.3858072340861363e-05,0.02216189719079112,10000.695307082371
0.1,4,7,4.09338614362658e-05,0.022135407588261415,9526.09439149982
0.1,4,7,7.023119840296834e-05,0.022058912634036747,5057.253465988968
0.1,4,7,0.00012049733536126082,0.021393190213334565,3528.615185626107
0.1,4,7,0.00020674014055483512,0.020735261069209962,1551.6072151899955
0.1,4,7,0.00035470897002402987,0.019073451918127034,808.2986995099313
0.1,4,7,0.0006085826055735723,0.018055340382575,742.4349502263061
0.1,4,7,0.0010441596325619495,0.01617181462377141,947.8996138539645
0.1,4,7,0.001791489484396871,0.013400545046122226,630.7341759773353
0.1,4,7,0.0030737010631505645,0.012343390152558049,918.0742821221301
0.1,4,7,0.005273621926278625,0.010814231036972774,695.1817962682919
0.1,4,7,0.009048078407735631,0.010017834234044612,181.0569403500124
0.1,4,7,0.015524003050841046,0.00947638797255792,71.72012648730528
0.1,4,7,0.026634900789153676,0.009334691918846833,130.3420382203399
0.1,4,7,0.04569813196536483,0.009468614790133634,93.3426646139605
0.1,4,7,0.07840537051950684,0.010038601367399496,71.5504429410805
0.1,4,7,0.1345219566296568,0.013007861076395035,73.39619767379419
0.1,4,7,0.23080251640375882,0.029502893328412726,67.1754848769652
0.1,4,7,0.39599335984207323,0.11685688010612555,53.36777462604194
0.1,4,7,0.6794152138475553,0.36169141707594366,178.70712523283274
0.1,4,7,1.1656888211247076,0.5079050029434025,46.52110170825346
0.1,4,7,2.0,0.4398138048960884,0.0
0.1,4,8,1.3719306590775909e-06,0.01994917647579458,41976.08060446361
0.1,4,8,2.2380689712527483e-06,0.01994917647579458,41976.08060446361
0.1,4,8,3.6510246978896688e-06,0.019950235311443992,38521.33059665697
0.1,4,8,5.956019012738001e-06,0.01994929325216825,37328.03851357109
0.1,4,8,9.716220901107863e-06,0.01985193483007435,20964.49273048356
0.1,4,8,1.5850343727450063e-05,0.019935664562968403,20964.49273048356
0.1,4,8,2.5857110376079397e-05,0.019915701451357303,6403.112306207061
0.1,4,8,4.2181429532210704e-05,0.019928473907142134,6403.112306207061
0.1,4,8,6.881174932164407e-05,0.020059152178515463,3895.025899377696
0.1,4,8,0.00011225453706088802,0.019735069272759895,2913.0587613596595
0.1,4,8,0.0001831239754108494,0.019905435641799522,4290.68792796131
0.1,4,8,0.0002987352783084748,0.019060456270458954,1099.7815010627705
0.1,4,8,0.0004873352399969505,0.01879409143812298,1178.2555178797704
0.1,4,8,0.0007950036483392717,0.01768766964540519,2157.1402100174396
0.1,4,8,0.0012969117539636736,0.015956329167235078,628.3570703116899
0.1,4,8,0.0021156885268170966,0.014346810498330588,1640.3468053781714
0.1,4,8,0.003451382045713862,0.01261160998050379,596.2039143007826
0.1,4,8,0.005630336353620455,0.011678567308046785,165.91640173336603
0.1,4,8,0.009184925642835726,0.011203228978668775,265.3357940556129
0.1,4,8,0.014983626868077556,0.010893555985463165,75.46225983625344
0.1,4,8,0.024443210849169315,0.01077717488355673,104.96785515351493
0.1,4,8,0.03987489556950018,0.010920599273859887,52.449442936097356
0.1,4,8,0.06504903576252452,0.011496534204979985,94.78510180003725
0.1,4,8,0.10611631687559134,0.013750422792390408,72.98099075710478
0.1,4,8,0.17311052462561344,0.023204546541978052,101.01202673143251
0.1,4,8,0.2824000551327854,0.062021360336333035,63.0491665846987
0.1,4,8,0.4606871321745185,0.20150523736936723,287.6691037516976
0.1,4,8,0.7515318424827852,0.451469089571865,35.049193604486945
0.1,4,8,1.2259949775450032,0.501144290036818,18.25409079731069
0.1,4,8,2.0,0.43758246413369917,0.0
0.1,4,9,1.8292953256615606e-06,0.021444159900375716,136822.43244808752
0.1,4,9,2.954720812222938e-06,0.021435244980246192,136822.43244808752
0.1,4,9,4.772534514090042e-06,0.02135991955784319,72964.51237118062
0.1,4,9,7.708709937655546e-06,0.021363254141079976,43650.58959125878
0.1,4,9,1.2451289504029837e-05,0.02132735958960609,21817.49883060555
0.1,4,9,2.011161550596809e-05,0.02121950679539178,11300.624818725833
0.1,4,9,3.248475413964049e-05,0.021163593875044517,7637.915665309969
0.1,4,9,5.247013852267339e-05,0.021224373108374533,7637.915665309969
0.1,4,9,8.475100118516713e-05,0.02122146225178483,3405.93007830192
0.1,4,9,0.0001368918094009681,0.021045582981466592,3405.93007830192
0.1,4,9,0.00022111086853273293,0.020677925745647627,3241.7777848113865
0.1,4,9,0.0003571434726244013,0.0205686804743977,20753.156025908713
0.1,4,9,0.0005768665325437595,0.01882522839862737,1249.151847001577
0.1,4,9,0.0009317683840718863,0.01734677248714399,1386.0602081031323
0.1,4,9,0.0015050141975259672,0.015174952112406626,1049.1093761705608
0.1,4,9,0.002430934311010042,0.013762557745681319,888.4027227595653
0.1,4,9,0.003926502244404184,0.012046312848893778,2423.471796548757
0.1,4,9,0.0063421787275301685,0.010896788249005822,220.32197450540693
0.1,4,9,0.01024403616966218,0.010401940053081598,445.53774904155534
0.1,4,9,0.01654640803322388,0.010066422576671914,140.88484191893866
0.1,4,9,0.02672614722044318,0.009890386984789716,91.75194971557706
0.1,4,9,0.043168701256162116,0.010079475710534327,147.4509674364104
0.1,4,9,0.06972710105848424,0.010373942349557328,87.21296201134398
0.1,4,9,0.11262485274156994,0.01155372269115103,35.0537191507252
0.1,4,9,0.18191430968026612,0.017722805177875577,58.42083770553781
0.1,4,9,0.29383226935162216,0.05104698081702421,27.858148394557368
0.1,4,9,0.4746047887275689,0.18454598789479099,29.798727699601056
0.1,4,9,0.7665928115389834,0.4341304427413482,16.169115150254072
0.1,4,9,1.2382187299011298,0.5228375560174563,29.54085838363501
0.1,4,9,2.0,0.4660479890879951,0.0
0.1,5,0,3.5915606044767347e-09,0.016579462771474183,175166.50662009156
0.1,5,0,7.192182101331049e-09,0.016579462771474183,175166.50662009156
0.1,5,0,1.4402508846497065e-08,0.016579462771474183,175166.50662009156
0.1,5,0,2.884135275649343e-08,0.016579462771474183,175166.50662009156
0.1,5,0,5.7755467307128565e-08,0.016579462771474183,175166.50662009156
0.1,5,0,1.1565664176808685e-07,0.016579462771474183,175166.50662009156
0.1,5,0,2.3160506543803182e-07,0.016579462771474183,175166.50662009156
0.1,5,0,4.63794430795552e-07,0.016579462771474183,175166.50662009156
0.1,5,0,9.287589355187207e-07,0.016579462771474183,175166.50662009156
0.1,5,0,1.8598609707888279e-06,0.016579462771474093,49617.94575533779
0.1,5,0,3.724414052319863e-06,0.016525544739846906,26487.240263596377
0.1,5,0,7.458224163516069e-06,0.016525544739846906,26487.240263596377
0.1,5,0,1.4935264149432337e-05,0.016410036912017305,15755.503296715155
0.1,5,0,2.990820741276292e-05,0.016386309787966416,11395.460785009085
0.1,5,0,5.989186811127455e-05,0.016380740227929062,3910.861040918291
0.1,5,0,0.00011993483314976543,0.015929146166709995,2104.0611935448683
0.1,5,0,0.0002401722413456367,0.016063869223008457,1228.000865301509
0.1,5,0,0.0004809503961285127,0.01602433576310889,858.5052839840153
0.1,5,0,0.0009631141477473482,0.015034954402237724,696.7339550298876
0.1,5,0,0.0019286580675634693,0.01287539612510958,1030.1786785204101
0.1,5,0,0.003862181809163327,0.011323359511386624,634.9262068406771
0.1,5,0,0.007734107241661816,0.01062052319024549,3140.4442043639224
0.1,5,0,0.015487726311487135,0.010344481970679791,395.53010766111544
0.1,5,0,0.031014525504302424,0.010300632194702636,92.75668615640538
0.1,5,0,0.062107295345449814,0.010196539838892396,84.44685521516585
0.1,5,0,0.1243712767616529,0.011425726051062943,65.42277363362767
0.1,5,0,0.24905632095693664,0.035273299658698416,42.976116761830205
0.1,5,0,0.4987409683626415,0.3148808608134913,30.072551803008217
0.1,5,0,0.9987401747828536,0.6896016424302062,40.88888647536798
0.1,5,0,2.0,0.5333662110423566,0.0
0.1,5,1,2.9423850267384926e-07,0.019707317969436065,115250.31539254235
0.1,5,1,5.061708199771052e-07,0.019707317969436065,115250.31539254235
0.1,5,1,8.707524564869459e-07,0.019707317969436065,115250.31539254235
0.1,5,1,1.4979327344716265e-06,0.019699944642631563,73689.56198824184
0.1,5,1,2.5768546046419137e-06,0.019699944642631563,73689.56198824184
0.1,5,1,4.432895750693678e-06,0.019699944642631563,73689.56198824184
0.1,5,1,7.625794913348926e-06,0.01969065731384162,28539.6671289604
0.1,5,1,1.3118456045657801e-05,0.01966824466507926,17239.820363176874
0.1,5,1,2.2567337697556827e-05,0.019618010022318045,14062.306195932491
0.1,5,1,3.8822002298368075e-05,0.019469771382094766,5385.528214099343
0.1,5,1,6.678447775510832e-05,0.01945620515051416,4456.8845374326165
0.1,5,1,0.0001148875947908032,0.01903415007559747,2259.3656145135096
0.1,5,1,0.00019763813210033247,0.018751889259861168,1755.3799451102188
0.1,5,1,0.00033999172261577634,0.018034558112584843,2023.195244329939
0.1,5,1,0.0005848788906209692,0.017187049132633473,1657.3291039200014
0.1,5,1,0.0010061518970583966,0.015962228471546446,3702.1114503146227
0.1,5,1,0.0017308568597498909,0.013867105508945638,1169.1629090326685
0.1,5,1,0.0029775479007712632,0.012506483153974544,582.3429134897887
0.1,5,1,0.005122197974631169,0.010960237934107133,326.7124739523876
0.1,5,1,0.008811583546487901,0.010496922566569955,269.99060218130023
0.1,5,1,0.015158337296075939,0.010101732504307858,174.765379831267
0.1,5,1,0.02607649219568372,0.009918573053348924,96.66126550036464
0.1,5,1,0.044858709233735174,0.009900496067405213,93.71319300417457
0.1,5,1,0.07716926720879587,0.010385074301954029,125.70886015450199
0.1,5,1,0.1327522771668184,0.013158473270512859,214.05111365607218
0.1,5,1,0.22837027913318175,0.03262328021976545,186.3810456090077
0.1,5,1,0.3928594334079194,0.16639537169542243,77.77934308857574
0.1,5,1,0.6758258342697204,0.5739667818515745,15.072017194486103
0.1,5,1,1.1626055515691645,0.5728661856497773,22.111210410314698
0.1,5,1,2.0,0.521989348841782,0.0
0.1,5,2,1.5376453288418177e-07,0.02099976610474817,634641.0939884858
0.1,5,2,2.7050326531304493e-07,0.020952502914208186,141670.03198566096
0.1,5,2,4.7587057413385397e-07,0.020952502914208186,141670.03198566096
0.1,5,2,8.37153677477488e-07,0.020952502914208186,141670.03198566096
0.1,5,2,1.4727245553891972e-06,0.020952062572345432,34671.69835765823
0.1,5,2,2.590823733321811e-06,0.020952062572345432,34671.69835765823
0.1,5,2,4.557788890380582e-06,0.020985814529803096,34671.69835765823
0.1,5,2,8.01808293713678e-06,0.02097187548768843,29740.515778239962
0.1,5,2,1.4105447955803805e-05,0.020948909873039705,20566.974984103148
0.1,5,2,2.4814368171768842e-05,0.02065670941348499,8266.464388972712
0.1,5,2,4.3653549301901955e-05,0.020764606930496168,7532.884363758337
0.1,5,2,7.679552239502977e-05,0.020099443171280217,3909.371744063341
0.1,5,2,0.0001350990321345661,0.01982650652592782,4906.409021161256
0.1,5,2,0.00023766683153493055,0.0190432639019105,2349.6745296587264
0.1,5,2,0.00041810457054637,0.01859118114725536,3534.179875730795
0.1,5,2,0.00073553146134349,0.01739171907283112,1141.2490113146691
0.1,5,2,0.0012939502907588758,0.015870543677090246,957.440496791387
0.1,5,2,0.0022763232342186447,0.013591353978533633,444.4062646247846
0.1,5,2,0.004004518182537522,0.01157009364314722,785.4989274445819
0.1,5,2,0.007044766592552069,0.010729113832031923,123.32858936701503
0.1,5,2,0.012393185417400154,0.010271456454927736,249.04835905127203
0.1,5,2,0.021802148129711027,0.009904919117087744,258.3360811330827
0.1,5,2,0.03835443810938938,0.009725362979535029,297.4200951776054
0.1,5,2,0.06747330189369193,0.009970908547133582,169.73683627389525
0.1,5,2,0.11869933944678952,0.01082870120886243,55.397851738945945
0.1,5,2,0.2088164176002982,0.024878620024277244,62.6251377793963
0.1,5,2,0.3673507911892723,0.1407576649465449,72.45446009890851
0.1,5,2,0.646245181955422,0.5758079130582794,76.43265878025554
0.1,5,2,1.1368774621351443,0.6374127068390595,19.995763696000232
0.1,5,2,2.0,0.5644203173277308,0.0
0.1,5,3,5.69459918109416e-07,0.020823170951206296,457937.1833148891
0.1,5,3,9.575740372502456e-07,0.020816398670242525,54133.043754525934
0.1,5,3,1.6102064564262316e-06,0.020808461923559528,46031.50518279471
0.1,5,3,2.7076390247192417e-06,0.020807786874653643,46031.50518279471
0.1,5,3,4.553024277678044e-06,0.020803904514910244,41894.52088000847
0.1,5,3,7.6561276757618e-06,0.020789647085461563,23934.754510852483
0.1,5,3,1.2874144175980317e-05,0.020793722425178376,21910.729784586863
0.1,5,3,2.164848801942636e-05,0.020780989505660694,13840.409420655478
0.1,5,3,3.6402966062911926e-05,0.020612169580916356,5706.38032168517
0.1,5,3,6.121332524416325e-05,0.020317996874527972,3683.7146128240443
0.1,5,3,0.00010293312860748744,0.02027763220117121,5830.616488431389
0.1,5,3,0.0001730869695881423,0.019730373939090114,2313.1659403168346
0.1,5,3,0.0002910540022100057,0.019096391225918902,2170.0278928188923
0.1,5,3,0.0004894211990887242,0.017977633100275253,951.8540950874508
0.1,5,3,0.0008229851103185073,0.016530440626072628,638.1565276462936
0.1,5,3,0.0013838887507673758,0.01548903488996634,482.46847437026037
0.1,5,3,0.0023270749986707504,0.013559560689634674,1586.0938352948185
0.1,5,3,0.00391308770046412,0.011980293699413096,525.8863708683433
0.1,5,3,0.006580043771803699,0.0108217091799998,771.2816350098622
0.1,5,3,0.01106465772124589,0.010172515074574623,142.36516192729155
0.1,5,3,0.018605750164298242,0.009879041272121594,296.0377679846548
0.1,5,3,0.0312864571049112,0.009699798255956994,189.14106625326997
0.1,5,3,0.05260967117873625,0.009623654690489829,71.53473893756988
0.1,5,3,0.08846567357415101,0.010300661487077112,77.33526025261196
0.1,5,3,0.1487592533003971,0.01357326814881181,115.29032113443819
0.1,5,3,0.25014578591257974,0.040519814135060644,75.97394543757538
0.1,5,3,0.42063208050302275,0.2037392748752223,73.61559525968441
0.1,5,3,0.7073129235530471,0.626979625498969,18.293437851883688
0.1,5,3,1.1893804467478402,0.5723134012137051,10.468828340449544
0.1,5,3,2.0,0.5349486593002243,0.0
0.1,5,4,4.577956169704579e-07,0.02091715094641877,44772.18376875272
0.1,5,4,7.756209033396073e-07,0.02091715094641877,44772.18376875272
0.1,5,4,1.3140968663668304e-06,0.02091715094641877,44772.18376875272
0.1,5,4,2.226410565728416e-06,0.02097113623739989,44772.18376875272
0.1,5,4,3.7720994045833247e-06,0.02093718326830212,44772.18376875272
0.1,5,4,6.3908850133410365e-06,0.02093718326830212,44772.18376875272
0.1,5,4,1.082776641679164e-05,0.02080138811204403,21506.95141118069
0.1,5,4,1.834495931813201e-05,0.020761172814140378,16086.801647734696
0.1,5,4,3.108097454540744e-05,0.020509123674502326,9189.84545307475
0.1,5,4,5.265898724220402e-05,0.020538293236174877,3844.1464073086936
0.1,5,4,8.92175672716909e-05,0.020448021839791154,3844.1464073086936
0.1,5,4,0.00015115699573309057,0.020217039853684345,3002.3003307399863
0.1,5,4,0.0002560979643109308,0.019474788927406624,1719.49216300853
0.1,5,4,0.0004338943560377002,0.01875564230272124,1602.9401320571503
0.1,5,4,0.0007351261565390553,0.01726505334720233,2113.852487389763
0.1,5,4,0.0012454885815129798,0.014884393226953532,848.3427741240982
0.1,5,4,0.002110170877312271,0.01288579260059343,782.0225144485985
0.1,5,4,0.0035751601400052136,0.012019906646631448,484.40328549741196
0.1,5,4,0.006057220372106672,0.010999581672197152,294.7006078211304
0.1,5,4,0.010262454603281217,0.010229476950647744,181.90367663984395
0.1,5,4,0.017387178939269624,0.010427451692968867,118.73098905948387
0.1,5,4,0.029458253717343823,0.010448463090933797,133.06086392390603
0.1,5,4,0.049909690071427655,0.010512857971333216,106.7868127031966
0.1,5,4,0.08455956646063437,0.010864095399226033,102.74634087675025
0.1,5,4,0.14326517094731192,0.01359020107167372,64.7294858922438
0.1,5,4,0.2427272284575582,0.03627416406215008,282.14420521690687
0.1,5,4,0.4112409669783262,0.18691243448631384,121.9962912466168
0.1,5,4,0.6967456185116038,0.622195568372464,20.400504553435827
0.1,5,4,1.1804622980100679,0.5835006429485535,28.04288137291632
0.1,5,4,2.0,0.5432099265977323,0.0
0.1,5,5,2.0327298644318145e-07,0.021289643438681356,413859.3282248568
0.1,5,5,3.5417335543273817e-07,0.021289643438681356,413859.3282248568
0.1,5,5,6.170951088650774e-07,0.021289643438681356,413859.3282248568
0.1,5,5,1.0751976893347138e-06,0.021169821051607352,109030.898336808
0.1,5,5,1.873374224723386e-06,0.02111254630507976,38583.46170072515
0.1,5,5,3.2640797321927787e-06,0.02111254630507976,38583.46170072515
0.1,5,5,5.687180039900911e-06,0.02111254630507976,38583.46170072515
0.1,5,5,9.90907681796083e-06,0.021014524959778527,18710.157158861562
0.1,5,5,1.726511253298739e-05,0.02100558284438425,12156.04370852705
0.1,5,5,3.008192551665578e-05,0.020975861815495888,12156.04370852705
0.1,5,5,5.241334170632512e-05,0.021002652680915945,5864.008350139206
0.1,5,5,9.132255803581979e-05,0.02022910332393579,3174.250487313809
0.1,5,5,0.00015911615887676255,0.020418037927621747,5658.797164934949
0.1,5,5,0.0002772365619211475,0.01990727348828186,1256.3691204609352
0.1,5,5,0.0004830440340467703,0.019614198599532503,2572.099785091113
0.1,5,5,0.0008416333589309993,0.018289494984021045,2122.29302354945
0.1,5,5,0.0014664226466709492,0.01574939954048312,3348.388505598249
0.1,5,5,0.0025550263138342764,0.014003082317724949,761.8617205698142
0.1,5,5,0.004451758488049608,0.012981526292849033,389.8447732786762
0.1,5,5,0.007756536020241997,0.012127085399926603,225.27873379447436
0.1,5,5,0.013514626005614802,0.011723317409687012,164.10446321603658
0.1,5,5,0.02354725299992116,0.011677593621570464,344.1599833116791
0.1,5,5,0.041027633588375516,0.011706196531927327,941.3415374346271
0.1,5,5,0.07148463210836685,0.011898182831706444,54.98227188435725
0.1,5,5,0.12455148349371044,0.01387836711538856,64.49947092722678
0.1,5,5,0.21701268626474907,0.02890278300726039,72.06075936923936
0.1,5,5,0.3781127665349773,0.14850645096156032,96.4609219742601
0.1,5,5,0.658806020410787,0.5716324609482744,22.21765676221205
0.1,5,5,1.147872833035775,0.6088100274463434,20.155512023534175
0.1,5,5,2.0,0.5405893779924723,0.0
0.1,5,6,2.3307765917301984e-07,0.019292972007566474,600970.2076374578
0.1,5,6,4.0419214258349136e-07,0.019292972007566186,143732.92100181966
0.1,5,6,7.009307056965012e-07,0.019292972007566186,143732.92100181966
0.1,5,6,1.2155205468565212e-06,0.019279318734240915,50781.80937016737
0.1,5,6,2.1078976678047303e-06,0.019312448480819984,47486.658909769234
0.1,5,6,3.655415442731382e-06,0.019312448480819984,47486.658909769234
0.1,5,6,6.3390468441833605e-06,0.01929906280917992,14486.883758647438
0.1,5,6,1.0992872225413961e-05,0.019279078646449465,13263.308502721078
0.1,5,6,1.9063313891608507e-05,0.019199844778114934,11159.874151541433
0.1,5,6,3.3058688309852414e-05,0.019064599844012643,7226.777713329664
0.1,5,6,5.7328798076867786e-05,0.018904855615219877,5274.0407355185425
0.1,5,6,9.941686306890699e-05,0.01884608349255076,2619.7639178783606
0.1,5,6,0.00017240397486110746,0.018629327499669782,1735.9664189995979
0.1,5,6,0.00029897473758861136,0.01850965228172656,1983.617986492765
0.1,5,6,0.000518467708115142,0.017224342555035622,1056.146920351629
0.1,5,6,0.0008991019325788269,0.01631001894347962,815.6276998241673
0.1,5,6,0.0015591796220169895,0.014891155040426856,3372.5277263220823
0.1,5,6,0.002703854819597895,0.013176468127242602,1123.5453625743517
0.1,5,6,0.004688895866920907,0.012059112283968427,303.28027472698886
0.1,5,6,0.008131259227186445,0.011187447936510471,300.0776328893079
0.1,5,6,0.01410084132730434,0.010920914152445534,243.02791084529952
0.1,5,6,0.024453005442628576,0.010491635945913149,104.47911186608953
0.1,5,6,0.04240523393589111,0.010182960349304281,140.05680707343052
0.1,5,6,0.07353713102369293,0.010308575505134381,115.55455758702573
0.1,5,6,0.12752457980472978,0.011693286174907164,192.70551076130604
0.1,5,6,0.2211470345386914,0.024870958598843806,253.52637468951295
0.1,5,6,0.38350262326011036,0.14056755967604653,35.4493584769903
0.1,5,6,0.6650519296095471,0.5832006630639678,18.324348548870248
0.1,5,6,1.1533012872701973,0.5889643956689816,16.25083829072767
0.1,5,6,2.0,0.5307808880931097,0.0
0.1,5,7,2.3269608906417706e-08,0.017085266366775223,2206811.37367093
0.1,5,7,4.3690156294172266e-08,0.01708526636677575,179244.42521265315
0.1,5,7,8.203102014674356e-08,0.01708526636677575,179244.42521265315
0.1,5,7,1.5401840682389705e-07,0.01708526636677575,179244.42521265315
0.1,5,7,2.8917925923798366e-07,0.01708526636677575,179244.42521265315
0.1,5,7,5.429522723803036e-07,0.01708526636677575,179244.42521265315
0.1,5,7,1.019427087750883e-06,0.01708526636677575,179244.42521265315
0.1,5,7,1.9140385630660576e-06,0.017085266366775737,70748.84487562472
0.1,5,7,3.5937279526157173e-06,0.017094807212617448,25781.617473785413
0.1,5,7,6.7474505721156615e-06,0.01710686615855209,25781.617473785413
0.1,5,7,1.2668763418779718e-05,0.017113937011628708,14000.709041947064
0.1,5,7,2.3786401226009562e-05,0.01709823456742449,8039.77893010017
0.1,5,7,4.466046642295003e-05,0.01702062877251346,6460.080942802144
0.1,5,7,8.385283852584103e-05,0.016878114970855722,3177.239490467208
0.1,5,7,0.0001574389855728769,0.01664638668670062,1909.9261755543612
0.1,5,7,0.0002956016112749462,0.016144881936055015,1190.6915205807798
0.1,5,7,0.0005550106428238953,0.015688775322965795,1596.041636379952
0.1,5,7,0.0010420674377220533,0.014760602343061006,3068.5699864449116
0.1,5,7,0.0019565472460771572,0.01279459076277215,896.2877166299099
0.1,5,7,0.0036735406822616446,0.011667354475026107,743.9989819772007
0.1,5,7,0.006897303998811357,0.010058820876534251,163.62671570006628
0.1,5,7,0.012950122665507153,0.009586470390547587,117.49529518831373
0.1,5,7,0.02431467093237931,0.009471836920022392,239.78056118021505
0.1,5,7,0.04565232606827502,0.009524053138388191,67.50194213218158
0.1,5,7,0.08571511747949287,0.010546484458759591,46.425203349204
0.1,5,7,0.16093553159888063,0.016253632628426783,66.35013423674144
0.1,5,7,0.3021665966591108,0.07439630837539667,88.13086540439856
0.1,5,7,0.5673368163602295,0.4275930711524634,99.73108056987691
0.1,5,7,1.0652106048666907,0.6262172873799543,60.80116211976368
0.1,5,7,2.0,0.5214119463757939,0.0
0.1,5,8,1.9874637913197533e-07,0.0226811333659741,383539.9722868771
0.1,5,8,3.465554236641718e-07,0.02268113336597418,345645.40447631985
0.1,5,8,6.042910678201693e-07,0.02268113336597418,345645.40447631985
0.1,5,8,1.0537064772678463e-06,0.022681133365974205,138066.43022463002
0.1,5,8,1.8373552073859665e-06,0.022681133365974205,138066.43022463002
0.1,5,8,3.2038088698682253e-06,0.022573532901267974,52231.92847064663
0.1,5,8,5.5865034879399315e-06,0.02268097656648439,37090.02290317007
0.1,5,8,9.741224426427404e-06,0.022687761806732706,23108.83564452991
0.1,5,8,1.6985839806754968e-05,0.0226608990804119,9907.978014053848
0.1,5,8,2.9618325306006423e-05,0.022746067863673645,8867.531098906396
0.1,5,8,5.164567686453469e-05,0.022723943820257952,6420.392278717435
0.1,5,8,9.005492077079169e-05,0.022570058893845123,3403.170686192281
0.1,5,8,0.00015702938265879586,0.022297983564976046,16619.252065587105
0.1,5,8,0.00027381321095115783,0.021294506555291484,2660.891102120028
0.1,5,8,0.0004774499728773127,0.020625528930221567,2700.6479663819223
0.1,5,8,0.000832532790542416,0.0196485301282038,2089.8539919719915
0.1,5,8,0.0014516931337358076,0.017139768161605794,611.8047616214234
0.1,5,8,0.0025313272683982293,0.015590687587692836,479.0425344031807
0.1,5,8,0.004413892709712684,0.013260093861595972,281.3040492054242
0.1,5,8,0.007696534974390277,0.011615502468725504,319.37718685642125
0.1,5,8,0.01342050079324848,0.011433105169070968,344.2442527775154
0.1,5,8,0.023401419228378344,0.011050060016287604,66.00369862801058
0.1,5,8,0.04080521512116842,0.010994009087184353,227.85016411183025
0.1,5,8,0.07115233331941026,0.010798166811469678,63.022306262913034
0.1,5,8,0.12406881134588378,0.011156204116548267,63.811721261700825
0.1,5,8,0.2163396368138685,0.021266132447921405,50.5042785327251
0.1,5,8,0.37723290768280016,0.1255476000742748,75.25523319822145
0.1,5,8,0.6577836069922511,0.5466269572811215,24.521159836105863
0.1,5,8,1.1469817845042265,0.5757335770733168,11.917811350888213
0.1,5,8,2.0,0.5082100482614011,0.0
0.1,5,9,1.1702938582658368e-06,0.020734156251710743,53122.73096123908
0.1,5,9,1.9196268897232533e-06,0.020734156251710743,53122.73096123908
0.1,5,9,3.148753938783397e-06,0.020734068268131525,41746.65678753053
0.1,5,9,5.164884603399841e-06,0.020734068268131525,41746.65678753053
0.1,5,9,8.471933178984355e-06,0.020741882555620997,17810.343531936174
0.1,5,9,1.3896467646524022e-05,0.020745784292396537,15359.22268737352
0.1,5,9,2.2794303138500422e-05,0.02073983816052067,8058.463894308049
0.1,5,9,3.7389376119608044e-05,0.020694465228207726,7795.939843196757
0.1,5,9,6.132959793152421e-05,0.020652083910969975,4761.5454626028595
0.1,5,9,0.00010059861845273983,0.020307097437453438,3016.325303042718
0.1,5,9,0.00016501138725708223,0.019749292188993274,2040.7877592886994
0.1,5,9,0.0002706673147534192,0.019389711489194973,1708.52947648564
0.1,5,9,0.0004439741795618536,0.018754609702342634,1342.259276270088
0.1,5,9,0.0007282485227194613,0.017366976727540017,883.250561192574
0.1,5,9,0.0011945422397457036,0.01585480719575073,627.5463026848435
0.1,5,9,0.0019594013829347234,0.014701401218963715,3568.9518292201815
0.1,5,9,0.0032139958317956296,0.012427591294512852,923.4971019713317
0.1,5,9,0.005271900538994267,0.011327071324219461,665.6822800452618
0.1,5,9,0.008647470857957022,0.010507640597971579,201.81526440969836
0.1,5,9,0.01418440118247786,0.010148344628399314,301.9059564279149
0.1,5,9,0.023266599010316004,0.00998566420182315,70.61730259498576
0.1,5,9,0.03816408056587922,0.009880937014044853,174.0520339982722
0.1,5,9,0.06260034157949491,0.009980827930518119,345.8536009557143
0.1,5,9,0.10268301260670393,0.010677963504693723,60.06130866733928
0.1,5,9,0.16843040807691398,0.01599936945680084,75.60264412862999
0.1,5,9,0.2762755167070701,0.05500341114099935,115.82073143493406
0.1,5,9,0.4531732838698771,0.251991906793079,58.033490164366434
0.1,5,9,0.743337765362517,0.654925669971842,21.435048599157202
0.1,5,9,1.2192930454673454,0.5558045026195583,19.358513864877175
0.1,5,9,2.0,0.534548830852392,0.0
0.1,6,0,1.035022556106214e-06,0.017660785595435304,134668.38323551565
0.1,6,0,1.704948244166119e-06,0.017660785595435304,134668.38323551565
0.1,6,0,2.808488083796722e-06,0.017660785595435255,48150.91781789237
0.1,6,0,4.626301909056473e-06,0.017654790389450854,48150.91781789237
0.1,6,0,7.6207086215604855e-06,0.017654790389450826,33264.35563184467
0.1,6,0,1.2553266309973826e-05,0.017648501023445305,10756.45544036526
0.1,6,0,2.06784569355252e-05,0.017636470227947298,8192.897634156168
0.1,6,0,3.406273480350161e-05,0.017628629020585415,13001.306805058995
0.1,6,0,5.611008142006765e-05,0.017722424007114736,5030.504298380926
0.1,6,0,9.2427729456502e-05,0.017624317154666662,3446.3682258233534
0.1,6,0,0.0001522522326875288,0.017303321354778668,1991.4504172378813
0.1,6,0,0.00025079856980849677,0.017179061548180316,1511.049202297574
0.1,6,0,0.00041312972235407996,0.01628709715288055,1857.2614726938687
0.1,6,0,0.0006805308643613194,0.015193789058171557,918.3702243378584
0.1,6,0,0.0011210092914869913,0.014436322287516205,1030.7613222202694
0.1,6,0,0.0018465905036938314,0.013231106248973626,1616.2728867012224
0.1,6,0,0.0030418093000898244,0.011413803981799359,413.4696248432032
0.1,6,0,0.00501064193691264,0.010642243285704315,201.6485809863074
0.1,6,0,0.008253815457532555,0.010344485657700866,151.95489167021356
0.1,6,0,0.013596156034446048,0.009860663626564991,329.65063940948943
0.1,6,0,0.022396364428562812,0.009752420993075632,332.63947367243867
0.1,6,0,0.036892570101886915,0.00977322642787118,327.81495365121856
0.1,6,0,0.06077154767971321,0.010471939351693233,73.91078758481551
0.1,6,0,0.10010636280389613,0.013354477169929477,283.60934219854533
0.1,6,0,0.16490091591283582,0.02623154071748665,67.7492311183998
0.1,6,0,0.2716342029343391,0.08591450439613858,52.69764538147391
0.1,6,0,0.44745136675150776,0.31332978716239696,128.32231389530037
0.1,6,0,0.7370674364457293,0.6571619576522576,40.990115795199955
0.1,6,0,1.2141395607142764,0.45159747216315665,13.428927336426614
0.1,6,0,2.0,0.5490238714947286,0.0
0.1,6,1,4.2114760523403994e-07,0.020786925263176458,302983.33841006283
0.1,6,1,7.155858958567479e-07,0.020786925263176458,302983.33841006283
0.1,6,1,1.2158757831818633e-06,0.020788764267794305,55089.50935098666
0.1,6,1,2.0659349613900943e-06,0.020788764267794305,55089.50935098666
0.1,6,1,3.5102987687809752e-06,0.02073070290686176,37832.31104336535
0.1,6,1,5.964465327511598e-06,0.020731782614905096,32951.22360826745
0.1,6,1,1.0134421308942359e-05,0.020740612072374775,14840.575679154075
0.1,6,1,1.72197321348156e-05,0.02072410240430862,14840.575679154075
0.1,6,1,2.9258619289209937e-05,0.02060286031894638,10232.213533714565
0.1,6,1,4.9714292650353995e-05,0.020413252981193727,6939.7121430470825
0.1,6,1,8.447120724649118e-05,0.02014542478392394,3533.022282809597
0.1,6,1,0.00014352783622737249,0.02002636195225981,7764.846351816372
0.1,6,1,0.00024387291769133754,0.019511205393495334,1180.491953799066
0.1,6,1,0.0004143725812815078,0.018324049238732945,1156.9327853108266
0.1,6,1,0.0007040742274434146,0.017003505236559725,3697.3218713824394
0.1,6,1,0.001196315924709479,0.014513404540815861,1256.3289553487798
0.1,6,1,0.002032700155650163,0.01290244723958755,4122.9125137771825
0.1,6,1,0.0034538284055556697,0.011667366849321792,1426.795398007323
0.1,6,1,0.0058685146561656696,0.010191766152496375,630.6481608031005
0.1,6,1,0.009971388333662862,0.009898669567837408,164.82490573816182
0.1,6,1,0.016942717386970278,0.009922874644877365,59.30920235224176
0.1,6,1,0.028787934322611904,0.009825816035553755,113.47022886671247
0.1,6,1,0.04891453617708096,0.010262866852668995,70.10916583038174
0.1,6,1,0.08311231443722014,0.011965912011677245,59.72928347286192
0.1,6,1,0.14121889628277726,0.019412361501796826,96.79263598876847
0.1,6,1,0.23994972107761203,0.055578556749209175,108.93084880168935
0.1,6,1,0.4077065475000865,0.23934055780032915,35.581287667689
0.1,6,1,0.692747747852871,0.6487810462675921,23.08742088808548
0.1,6,1,1.1770707267219522,0.4760004724319745,12.32388620354754
0.1,6,1,2.0,0.5408067850555939,0.0
0.1,6,2,2.5652111257379296e-07,0.020027235481006864,328385.77014699485
0.1,6,2,4.433789558164778e-07,0.020027235481006864,328385.77014699485
0.1,6,2,7.663497810705904e-07,0.020022092246351653,99122.9882822734
0.1,6,2,1.3245824576077332e-06,0.020022092246351653,99122.9882822734
0.1,6,2,2.2894489309451925e-06,0.020022092246351555,78959.19338918809
0.1,6,2,3.9571537259165e-06,0.019991684414641973,45428.62107571321
0.1,6,2,6.8396658247668524e-06,0.019991042912971286,20478.845302786187
0.1,6,2,1.1821888113191474e-05,0.01999278551051602,20291.49440653561
0.1,6,2,2.0433313869626388e-05,0.019972818945642293,10908.296740417034
0.1,6,2,3.531756617022752e-05,0.019913500881153887,5765.910101671298
0.1,6,2,6.10439641923439e-05,0.019830652096664847,5025.87456061707
0.1,6,2,0.00010551025929576843,0.019682602787849425,2636.869707377874
0.1,6,2,0.00018236716707294886,0.019254317070803103,1633.083105967445
0.1,6,2,0.00031520900287984344,0.018524545827862154,987.6243495693955
0.1,6,2,0.000544816904770809,0.01809055896028985,1512.3747853376979
0.1,6,2,0.0009416782420938466,0.015745901562274192,804.7536444403657
0.1,6,2,0.0016276255451471223,0.014172708183025233,1113.1339286802845
0.1,6,2,0.00281323789463902,0.012383748740587003,450.2856649158296
0.1,6,2,0.00486248662994388,0.010630693041357912,387.94828989166626
0.1,6,2,0.00840447097326506,0.010274787325060611,196.38143158759252
0.1,6,2,0.014526545308212041,0.009967664033141525,155.21138591309656
0.1,6,2,0.025108126289304963,0.009817287371160777,182.59043705921857
0.1,6,2,0.043397655284446994,0.009995383840803958,48.38135697538189
0.1,6,2,0.07500983794995195,0.011759305620399054,71.42365823719197
0.1,6,2,0.1296493036870238,0.019259783643373062,126.92435814952485
0.1,6,2,0.22408983149310868,0.054333170014963114,72.45400275759579
0.1,6,2,0.38732373526535124,0.2097423161086333,49.18723893424377
0.1,6,2,0.6694622192373647,0.6073005406960856,82.96118125602612
0.1,6,2,1.1571190251978087,0.47620709422203406,10.987545923248272
0.1,6,2,2.0,0.5534370657810698,0.0
0.1,6,3,5.668244316137107e-07,0.017590340347961676,155214.713700471
0.1,6,3,9.532948160356591e-07,0.0175862465007756,155214.713700471
0.1,6,3,1.603267176916231e-06,0.017577196844069158,155214.713700471
0.1,6,3,2.696401572040852e-06,0.01757719684406909,48047.81486624446
0.1,6,3,4.534853293565707e-06,0.01757719684406909,48047.81486624446
0.1,6,3,7.626792169016052e-06,0.017843612306535448,13437.550287916474
0.1,6,3,1.2826866719568747e-05,0.017843612306535448,13437.550287916474
0.1,6,3,2.157243913240213e-05,0.01789365634849885,12131.11446514222
0.1,6,3,3.628088919106201e-05,0.017933687174553986,5039.325764304324
0.1,6,3,6.101780667523188e-05,0.01760554825316682,4033.614660660048
0.1,6,3,0.00010262076852221129,0.01743746926348322,3612.7266345397065
0.1,6,3,0.00017258932606576308,0.017040484064346932,1637.7246977873667
0.1,6,3,0.0002902636172071456,0.016933801224315224,1617.7914503343113
0.1,6,3,0.0004881702095648301,0.016406263780343804,4039.7585975114575
0.1,6,3,0.0008210128289571378,0.015578886092140011,2526.6552404364184
0.1,6,3,0.0013807931170422751,0.014675334070982475,1119.9452757186648
0.1,6,3,0.002322240974593658,0.013360648170395261,652.6214861041706
0.1,6,3,0.003905583738448339,0.011599902880940738,1281.2979728041728
0.1,6,3,0.006568476099127116,0.010940108604809026,375.5830850782303
0.1,6,3,0.01104697304018001,0.01056005559378653,522.7032537239253
0.1,6,3,0.018578984152303003,0.010168669859426683,405.5108569846722
0.1,6,3,0.03124644650403723,0.010079102992467882,239.33277880956422
0.1,6,3,0.05255079670266242,0.010083897773606531,171.00584150930118
0.1,6,3,0.08838080943789038,0.011519650304904639,130.60093024256955
0.1,6,3,0.14864032454337558,0.019093980122054606,80.44407274703411
0.1,6,3,0.24998578561205126,0.059806471791117005,157.5662291326769
0.1,6,3,0.4204302782576208,0.25188380267102173,114.8688222912214
0.1,6,3,0.707086678720582,0.6291193468295481,25.00912127705855
0.1,6,3,1.1891902107910088,0.44509669745280583,13.931749224341335
0.1,6,3,2.0,0.5318537000301775,0.0
0.1,6,4,1.3608095139616704e-07,0.02137742459976039,238131.80280468301
0.1,6,4,2.4040488635898696e-07,0.02137742459976039,238131.80280468301
0.1,6,4,4.247068292241908e-07,0.02137742459976039,238131.80280468301
0.1,6,4,7.503004349101217e-07,0.021359828966527807,202426.06472787005
0.1,6,4,1.325504333553233e-06,0.02130672647951929,79756.65299118463
0.1,6,4,2.341677622083297e-06,0.021232885216197504,37218.89662515088
0.1,6,4,4.136881296394098e-06,0.021226711407403086,33224.158870001775
0.1,6,4,7.308344538574798e-06,0.021226711407403086,33224.158870001775
0.1,6,4,1.2911151195242784e-05,0.021168317034545393,24748.793603166087
0.1,6,4,2.2809245555755767e-05,0.02118960139149963,8706.405843280205
0.1,6,4,4.0295530193656e-05,0.02104281704035852,6408.915611625939
0.1,6,4,7.118735030576701e-05,0.02072284295542378,3737.6793211638574
0.1,6,4,0.00012576181078152957,0.020696830236677868,3737.6793211638574
0.1,6,4,0.0002221747681732156,0.019940555393793316,1439.4443555859002
0.1,6,4,0.0003925009293844532,0.018983409975646622,1783.2591721147805
0.1,6,4,0.00069340447988023,0.017703103062050002,789.2581838081517
0.1,6,4,0.0012249901509074435,0.01666313440107058,615.6677551351814
0.1,6,4,0.002164106107418625,0.014367775428689541,542.7043704022652
0.1,6,4,0.0038231778767341667,0.012618639889360352,342.46206164531316
0.1,6,4,0.006754146216326047,0.012167187080686164,595.5887163935075
0.1,6,4,0.011932087018268579,0.01157401193517981,124.68259324497599
0.1,6,4,0.02107960000442206,0.01114916760075511,71.09781741290092
0.1,6,4,0.03723988399230669,0.010870557614222393,464.48949673141396
0.1,6,4,0.06578914967407039,0.011792199355400036,89.96045927285856
0.1,6,4,0.11622517985639803,0.01602504163825731,61.031665358866874
0.1,6,4,0.20532705620264496,0.04199485795975979,64.79260291531905
0.1,6,4,0.36273723181959217,0.17762643914648443,49.37062075211201
0.1,6,4,0.6408229961582912,0.5843231389494219,68.44383451339382
0.1,6,4,1.132098048897083,0.49405292835830467,11.890547226260846
0.1,6,4,2.0,0.5222652736570434,0.0
0.1,6,5,1.4524570568497105e-07,0.01869562809323276,166681.48751493782
0.1,6,5,2.560195836552283e-07,0.01869562809323276,166681.48751493782
0.1,6,5,4.5127686843397434e-07,0.018695628093232615,87204.8941598963
0.1,6,5,7.954501334469135e-07,0.018695628093232615,87204.8941598963
0.1,6,5,1.4021124481661484e-06,0.018652054862078576,46002.811670131116
0.1,6,5,2.4714551354508896e-06,0.018652054862078576,46002.811670131116
0.1,6,5,4.356348518648039e-06,0.018639888819619848,19172.847370616935
0.1,6,5,7.678784916508161e-06,0.018639888819619848,19172.847370616935
0.1,6,5,1.35351286843993e-05,0.018651317988202517,19172.847370616935
0.1,6,5,2.3857903365596028e-05,0.018584856242646625,11002.38005849898
0.1,6,5,4.2053501394352034e-05,0.018209369618527246,6122.393857850418
0.1,6,5,7.412625294119516e-05,0.01799598557578974,3263.9347677833684
0.1,6,5,0.00013065978320273746,0.017735733596455985,2205.4915419745375
0.1,6,5,0.00023030948239255618,0.01710201001070747,2031.2716537616814
0.1,6,5,0.0004059585618447272,0.016649343844996008,999.4949283518398
0.1,6,5,0.0007155691212667402,0.016467193539995116,1472.0903309520324
0.1,6,5,0.001261308949819124,0.014779816220673559,952.7156647667307
0.1,6,5,0.0022232656770844465,0.012551747687818002,1048.5791514797647
0.1,6,5,0.0039188735413402025,0.010741646622747849,858.6790129002494
0.1,6,5,0.00690766289935981,0.010641314631995974,348.98166550320667
0.1,6,5,0.012175898565707177,0.010121227863451732,203.33307018377357
0.1,6,5,0.021462035429686336,0.010102794441950256,169.97691019610215
0.1,6,5,0.037830387818967415,0.010232143187396393,106.61790691031806
0.1,6,5,0.06668231665268451,0.010530977470519658,106.50086975178614
0.1,6,5,0.11753861407520316,0.01464602677845673,50.90532730877563
0.1,6,5,0.207181251225521,0.03656850793131351,224.9647130131519
0.1,6,5,0.36519122840693796,0.1594318873733371,81.4511235690776
0.1,6,5,0.6437099521143359,0.5570779212945489,23.622625670971512
0.1,6,5,1.134645276828255,0.4615848703361046,10.421517006387006
0.1,6,5,2.0,0.5060247115015357,0.0
0.1,6,6,2.53985946274682e-07,0.019720349307634073,316226.3466786607
0.1,6,6,4.391474718823801e-07,0.01980266454186423,118137.60632953039
0.1,6,6,7.592959566830555e-07,0.01980266454186423,118137.60632953039
0.1,6,6,1.312839960945178e-06,0.01980266454186423,118137.60632953039
0.1,6,6,2.2699301212978477e-06,0.01980266454186423,76394.45597434988
0.1,6,6,3.924760754437779e-06,0.0198026645418643,47357.73311274591
0.1,6,6,6.7860005182749015e-06,0.019847770438129114,15264.398488867871
0.1,6,6,1.1733149079713485e-05,0.019847770438129114,15140.976053811577
0.1,6,6,2.028688134580021e-05,0.019749574143331994,12860.575257003997
0.1,6,6,3.507647878182632e-05,0.019741500488347285,11814.575741133025
0.1,6,6,6.064802878075813e-05,0.019691325060367307,4469.041390100041
0.1,6,6,0.00010486181973594754,0.019325905477681364,3271.319415079846
0.1,6,6,0.00018130846887183692,0.018447444856828237,1657.416685535803
0.1,6,6,0.0003134864621596954,0.01858225264192935,3275.361233105217
0.1,6,6,0.0005420252157491303,0.017018988730909426,927.4840534847465
0.1,6,6,0.0009371739132971853,0.015204909136981817,2706.9234308925925
0.1,6,6,0.001620394989467183,0.013654841604788859,2000.7290049878368
0.1,6,6,0.0028016997535202704,0.012004026955692169,502.07780270499404
0.1,6,6,0.004844202530801838,0.011078422712326263,388.77620785342305
0.1,6,6,0.00837573624009572,0.010587853984261686,304.31503530528
0.1,6,6,0.014481838262868947,0.010221119368313648,105.70073802082972
0.1,6,6,0.025039427395996693,0.01014703732423664,74.86384039003059
0.1,6,6,0.04329373888444341,0.010724136584283485,597.5165697972498
0.1,6,6,0.07485585820121583,0.011652149286212434,75.0863858060647
0.1,6,6,0.12942747961770476,0.01727227073704486,44.12026644421686
0.1,6,6,0.22378305295976592,0.04544027817069374,69.51713106273165
0.1,6,6,0.3869259831058541,0.1947263432844659,32.9294343028161
0.1,6,6,0.6690038160724728,0.5826447368102631,26.653954110344653
0.1,6,6,1.1567227983164088,0.450913667258162,14.524550586003565
0.1,6,6,2.0,0.5092160168471692,0.0
0.1,6,7,1.2023815831874166e-07,0.019617219232968296,101197.52980779058
0.1,6,7,2.1332506701735458e-07,0.019617219232968296,101197.52980779058
0.1,6,7,3.7847871968665557e-07,0.019617219232968296,101197.52980779058
0.1,6,7,6.714923063588997e-07,0.019617219232968296,101197.52980779058
0.1,6,7,1.191353421065516e-06,0.019617219232968296,101197.52980779058
0.1,6,7,2.113684640082697e-06,0.019616006455146873,101197.52980779058
0.1,6,7,3.7500733860534437e-06,0.01958423147237791,43105.10043091993
0.1,6,7,6.653334245848592e-06,0.01958423147237791,43105.10043091993
0.1,6,7,1.1804264084967106e-05,0.019471724648558474,38313.77103335345
0.1,6,7,2.0942980682893982e-05,0.01943891901720295,14491.56974429571
0.1,6,7,3.715677967952652e-05,0.019461192361179994,5409.8058872839865
0.1,6,7,6.592310316556608e-05,0.019191818544159803,4422.50541549113
0.1,6,7,0.00011695996177441734,0.018826313494998442,2587.3180929312903
0.1,6,7,0.00020750893088143467,0.01839976643032191,1952.8295657918484
0.1,6,7,0.0003681598022287882,0.017934079593975284,1080.5010055938465
0.1,6,7,0.0006531846094594609,0.016942729667414426,1276.496683800184
0.1,6,7,0.0011588721295802222,0.015351473907408706,1090.054897630051
0.1,6,7,0.002056056730775054,0.013535554019077158,383.1441034796539
0.1,6,7,0.003647830655567386,0.012288057074358564,684.198375847703
0.1,6,7,0.006471936446365033,0.010783702348292895,734.762107376372
0.1,6,7,0.011482430332082672,0.010286251247780789,253.27458427728837
0.1,6,7,0.020371987182473635,0.010031155732843048,145.44525939190387
0.1,6,7,0.0361437300083835,0.010107444729535198,311.5105440773536
0.1,6,7,0.06412576285355293,0.010673906068533074,74.69531819849301
0.1,6,7,0.11377114261854844,0.015576411364928218,69.14780319445762
0.1,6,7,0.20185136701282771,0.04597716062515038,72.71948352713251
0.1,6,7,0.3581222217443454,0.19339042861966188,53.23689883034447
0.1,6,7,0.6353760571705984,0.6082382576917851,17.189005067848854
0.1,6,7,1.1272764143461882,0.5133426953160641,6.565689471194734
0.1,6,7,2.0,0.5751475003094536,0.0
0.1,6,8,8.835164466702864e-08,0.019579100273086802,640733.4378220405
0.1,6,8,1.5842691338724244e-07,0.019579100273087034,581799.6387513134
0.1,6,8,2.8408171664488977e-07,0.019579100273087034,581799.6387513134
0.1,6,8,5.093984349404486e-07,0.019579100273087034,581799.6387513134
0.1,6,8,9.134229706311749e-07,0.01957910027308701,85401.33810325737
0.1,6,8,1.6378957335709505e-06,0.019572196366704063,85401.33810325737
0.1,6,8,2.9369771949091354e-06,0.019559836368030693,48067.15338874853
0.1,6,8,5.266412792107498e-06,0.019556552050046434,48067.15338874853
0.1,6,8,9.443418132407924e-06,0.019549990398135642,27215.3726650429
0.1,6,8,1.6933375628499437e-05,0.019572762726908638,19931.469032656445
0.1,6,8,3.0363921850693763e-05,0.01966284330822213,9161.048234196627
0.1,6,8,5.4446778385009904e-05,0.01957288437319681,6174.550009644588
0.1,6,8,9.763072409036167e-05,0.019234276290380242,3746.81525985797
0.1,6,8,0.00017506560661874858,0.01870306776686193,2294.807332341426
0.1,6,8,0.0003139172315512511,0.01785940456848546,1914.8474136144494
0.1,6,8,0.0005628977054265577,0.016666640033591352,889.990273309206
0.1,6,8,0.001009354679922224,0.015606103711163017,2747.838968757194
0.1,6,8,0.0018099147679219304,0.014235436535729881,1000.479733313127
0.1,6,8,0.003245431494303184,0.01186981192993205,1543.5358119543434
0.1,6,8,0.005819514692566619,0.01137698205785279,154.22411589127455
0.1,6,8,0.010435207557591733,0.010832240498174885,441.1561107074741
0.1,6,8,0.01871179342653976,0.010768933850431477,111.52528519279295
0.1,6,8,0.03355287485228518,0.010829466241398088,407.833139704205
0.1,6,8,0.0601650192042174,0.011720437925832763,202.54391308661477
0.1,6,8,0.10788433336278822,0.01653500203080227,96.34009562960425
0.1,6,8,0.19345176880318116,0.042367527989631705,175.9966257692333
0.1,6,8,0.34688620383122015,0.16856321503755622,46.562805482501986
0.1,6,8,0.622015705273075,0.5598109510520533,53.33472630814806
0.1,6,8,1.1153615604574794,0.48431769247744294,35.4641396990973
0.1,6,8,2.0,0.5331749318391625,0.0
0.1,6,9,6.521086257649249e-07,0.021310695110164982,145705.3786914584
0.1,6,9,1.0914393357146581e-06,0.021310695110164982,145705.3786914584
0.1,6,9,1.8267506002514985e-06,0.021258998719134982,65574.84122182937
0.1,6,9,3.0574468468595013e-06,0.02120273792018959,23281.496962897407
0.1,6,9,5.117272834115453e-06,0.02120273792018959,23281.496962897407
0.1,6,9,8.564819789319903e-06,0.021187071384677143,18716.8113953738
0.1,6,9,1.4335006242872322e-05,0.021111123295889232,11033.26820004865
0.1,6,9,2.3992612692146997e-05,0.02110724677430345,10682.67556988217
0.1,6,9,4.0156624562448e-05,0.020911243598856454,5607.178514777172
0.1,6,9,6.721045835817648e-05,0.02078417446058748,11939.248781750457
0.1,6,9,0.00011249067275789986,0.02036926202627341,2754.9128947783856
0.1,6,9,0.00018827652372326777,0.02030202850264895,2478.9234393247266
0.1,6,9,0.0003151198985324652,0.01917332344658193,1264.8255767003247
0.1,6,9,0.0005274186525616172,0.018755099586544116,1268.0788972727369
0.1,6,9,0.0008827447468895825,0.017472935529844844,2252.424428204389
0.1,6,9,0.0014774568255720086,0.015385264579666841,500.4647700129754
0.1,6,9,0.002472831109016342,0.013386783530065846,487.2769487881089
0.1,6,9,0.004138796875740555,0.011975741433672478,646.3308384303447
0.1,6,9,0.006927136882168124,0.011348623419061142,179.5360057758749
0.1,6,9,0.011594003480953125,0.010568267243758495,112.36248695875825
0.1,6,9,0.01940497481179852,0.010424484771286378,142.72923871238964
0.1,6,9,0.03247825896077608,0.010384485470999839,782.1941288978093
0.1,6,9,0.05435911746104801,0.010540110813487057,87.19354382659661
0.1,6,9,0.09098128242381026,0.012291199705302671,113.30464158495383
0.1,6,9,0.1522760879518062,0.020249206682235118,82.15253974450994
0.1,6,9,0.25486568604178955,0.06430771297712916,75.97701414247526
0.1,6,9,0.42657070322236174,0.25999934326448115,72.85806131829287
0.1,6,9,0.7139547409210055,0.6251676873410882,46.373230143882445
0.1,6,9,1.1949516650651644,0.4441600737477397,21.851092701502285
0.1,6,9,2.0,0.5212759985969353,0.0
0.1,8,0,3.2669439220534013e-07,0.019863882310087292,136313.59636287772
0.1,8,0,5.599797358428503e-07,0.019863882310087292,136313.59636287772
0.1,8,0,9.598490578238438e-07,0.019863882310087292,136313.59636287772
0.1,8,0,1.6452563456043918e-06,0.01984455693098807,117623.61952075231
0.1,8,0,2.820098035922947e-06,0.019795954293285952,46957.79384119887
0.1,8,0,4.8338685661138795e-06,0.019598395584280347,36670.33400167076
0.1,8,0,8.285628732341819e-06,0.019505253194908763,27837.232187664966
0.1,8,0,1.4202215585973161e-05,0.019288923460582853,19483.574673447267
0.1,8,0,2.43437081320261e-05,0.019136465722494354,9843.268068827365
0.1,8,0,4.1727019423826516e-05,0.01918454356769722,6742.92856044488
0.1,8,0,7.152337435831246e-05,0.018977101105738553,6742.92856044488
0.1,8,0,0.00012259665680022805,0.018876166660071348,2559.157006204471
0.1,8,0,0.0002101402568522145,0.018239881129124634,2115.019334074501
0.1,8,0,0.0003601968332780229,0.01765498934812436,1286.4866840736777
0.1,8,0,0.0006174055397427223,0.017151576610152455,612.4064372265284
0.1,8,0,0.0010582813764239162,0.01576185462795238,833.7860079889323
0.1,8,0,0.0018139770371227906,0.014414766262869605,469.3014411940704
0.1,8,0,0.0031092984951959467,0.012009322435489569,321.0164324663865
0.1,8,0,0.005329580768873503,0.011139563564181896,533.3713222629781
0.1,8,0,0.009135318212719954,0.011264461334490992,2923.1003494752817
0.1,8,0,0.015658649801322453,0.010655210523242585,227.2507604296885
0.1,8,0,0.026840150270742644,0.010720960198903277,110.90543761970817
0.1,8,0,0.04600611647213697,0.010891096718670262,95.72035898366111
0.1,8,0,0.07885808132583415,0.01260975616916278,289.5934946558105
0.1,8,0,0.13516891811892226,0.02841220844478018,54.866507671256834
0.1,8,0,0.23169009590719516,0.13906295645635705,36.53289894780397
0.1,8,0,0.39713494262236393,0.5370791810719906,191.3183417466215
0.1,8,0,0.680720347730541,0.6311583787776053,23.476834274298078
0.1,8,0,1.1668079085526812,0.5154483184764065,7.454637264756028
0.1,8,0,2.0,0.5184291264796056,0.0
0.1,8,1,3.5870097692125553e-07,0.021181165474200396,107720.47996991764
0.1,8,1,6.128631450715704e-07,0.021181165474200396,107720.47996991764
0.1,8,1,1.0471151704431256e-06,0.021199851061336945,60948.97704259731
0.1,8,1,1.789062026309469e-06,0.021199851061336945,60948.97704259731
0.1,8,1,3.0567248229514526e-06,0.021202816939049973,23148.68388767372
0.1,8,1,5.222606318754506e-06,0.021202816939049973,23148.68388767372
0.1,8,1,8.923150869157493e-06,0.021202816939049973,23148.68388767372
0.1,8,1,1.5245763623388454e-05,0.021096605665761575,15333.041665174922
0.1,8,1,2.604834456667441e-05,0.02117153908693341,14481.841637974127
0.1,8,1,4.450523249772065e-05,0.020894705687515627,4629.714237794723
0.1,8,1,7.603998459887739e-05,0.019906409772267174,3025.346431893362
0.1,8,1,0.000129919088909234,0.019906965782080715,2943.1836094786813
0.1,8,1,0.00022197492216818085,0.01957614538483042,1819.9305662129725
0.1,8,1,0.0003792580942896982,0.01898158461659502,2793.6981171841417
0.1,8,1,0.0006479862710584693,0.01869342433623532,4092.2038551775413
0.1,8,1,0.0011071252368829547,0.016584058411558605,1842.6037524337062
0.1,8,1,0.001891592993383867,0.013888953323372904,376.11392257471425
0.1,8,1,0.003231905419022814,0.011946940981771155,397.39024103919263
0.1,8,1,0.005521913368278866,0.0112592776425994,342.23292917924357
0.1,8,1,0.00943453575940233,0.01068447247149098,509.56804574802027
0.1,8,1,0.016119496822744453,0.010584972275315971,242.0670813558568
0.1,8,1,0.027541172607196577,0.010402925183743049,286.02031020070234
0.1,8,1,0.047055822952806914,0.010944418754613923,153.6903214114098
0.1,8,1,0.08039782856548819,0.013785801050474502,102.98689673453467
0.1,8,1,0.13736473899369017,0.033255305339387815,266.0174611287082
0.1,8,1,0.2346962829155868,0.1635753212933411,74.42678819478945
0.1,8,1,0.40099333801320985,0.5787996274323066,37.81395555037355
0.1,8,1,0.6851222999079613,0.6492621838416784,123.49615372698293
0.1,8,1,1.1705744742714665,0.5442488738047875,31.26994027741361
0.1,8,1,2.0,0.540373520371932,0.0
0.1,8,2,1.467457371395752e-06,0.020483116651270408,122127.60655260598
0.1,8,2,2.388354301382075e-06,0.020473605166395053,53231.23053150857
0.1,8,2,3.88715637000395e-06,0.020468033697446035,25995.70398195316
0.1,8,2,6.326525606405456e-06,0.020470315801643872,24972.467164440444
0.1,8,2,1.0296711127281782e-05,0.020487261338904307,16617.772849244226
0.1,8,2,1.6758370491908455e-05,0.020530550137601,13591.249146168666
0.1,8,2,2.7275018020070163e-05,0.02054457537929622,12655.420391316531
0.1,8,2,4.439134511045379e-05,0.02032528762951047,6813.3121750007185
0.1,8,2,7.224895394259175e-05,0.020298549803080643,6230.014071978521
0.1,8,2,0.0001175884923696419,0.019820796106480455,5338.586573779203
0.1,8,2,0.00019138067450432823,0.019264492950228695,1814.586220510909
0.1,8,2,0.00031148084166769706,0.018892165943547333,1041.5017702493365
0.1,8,2,0.0005069493823098774,0.018634115092477272,1078.728922445719
0.1,8,2,0.0008250834139537353,0.016614327476718763,594.73989913269
0.1,8,2,0.001342861168662847,0.01598285835371341,2484.4032336795863
0.1,8,2,0.0021855682562583467,0.013744867143262385,917.3247155570753
0.1,8,2,0.0035571127635781966,0.012375899705437619,3732.4794668096933
0.1,8,2,0.005789364471495715,0.011538705289564317,1095.1176849091712
0.1,8,2,0.009422456697746485,0.011368066253475423,178.799911114866
0.1,8,2,0.01533548123598618,0.010794886866929386,233.56641857251392
0.1,8,2,0.024959200374519073,0.010839737883263097,202.67956983389476
0.1,8,2,0.04062224548086269,0.011271076686548509,327.82485740485913
0.1,8,2,0.06611457110589687,0.012694695548205029,139.80728942105193
0.1,8,2,0.10760450242899434,0.02106854503938921,689.341748679615
0.1,8,2,0.17513127211315604,0.06831741302563338,88.56108503200237
0.1,8,2,0.2850341926185793,0.26877146075991853,65.11878374989828
0.1,8,2,0.46390624576307304,0.6653555530345742,45.39743433089888
0.1,8,2,0.7550287313984533,0.5586665590604705,37.835406434092555
0.1,8,2,1.228843953802478,0.5575389494693967,16.899041112685147
0.1,8,2,2.0,0.5276126156568184,0.0
0.1,8,3,9.19352936445961e-07,0.021019389143144714,117093.4519043986
0.1,8,3,1.5206119393998132e-06,0.02100003088568671,117093.4519043986
0.1,8,3,2.51509575765756e-06,0.021000030885686617,28462.122415685215
0.1,8,3,4.159974353932687e-06,0.021000030885686617,28462.122415685215
0.1,8,3,6.880607457067593e-06,0.020973528487075663,28462.122415685215
0.1,8,3,1.1380541068359707e-05,0.020982257031416082,19914.04234579091
0.1,8,3,1.8823441944153595e-05,0.020936555065282584,11212.204253496437
0.1,8,3,3.113401766195543e-05,0.020924078407404848,6988.756433317986
0.1,8,3,5.149573912416264e-05,0.020774377694561155,4451.295516192674
0.1,8,3,8.517407476081141e-05,0.02072721998735632,3439.2157408049047
0.1,8,3,0.00014087812185525642,0.020673805032991228,2886.2673164119747
0.1,8,3,0.00023301274798932068,0.0204901444935704,1713.5094036153419
0.1,8,3,0.0003854036383400918,0.01999174044397549,1519.7737457679111
0.1,8,3,0.0006374585327519844,0.019050093432425887,1275.4362466952075
0.1,8,3,0.0010543579264805348,0.01759826667294315,1367.0689076520416
0.1,8,3,0.0017439105134150724,0.015694661920055867,763.8881284393374
0.1,8,3,0.002884432129183379,0.013586409391946563,774.3558585403883
0.1,8,3,0.004770857589230622,0.01193371287897258,1396.8110501083204
0.1,8,3,0.007891009778470102,0.011445311473689466,293.33207364113775
0.1,8,3,0.013051748906626366,0.011310112035750728,208.76861784634798
0.1,8,3,0.021587623676047343,0.010713726705007505,139.34657532446693
0.1,8,3,0.03570598080859797,0.010752500289864044,411.56377470082253
0.1,8,3,0.05905777702242222,0.012032796719854737,161.66913254270492
0.1,8,3,0.09768170339659936,0.016999338123165855,103.35682262710142
0.1,8,3,0.16156576931161096,0.04882344398154693,96.68761354157373
0.1,8,3,0.2672301659940284,0.21332277349422873,270.72888839066604
0.1,8,3,0.44199932895107247,0.608109814225265,38.40712137276323
0.1,8,3,0.7310679393791358,0.566620822625311,11.000557977450196
0.1,8,3,1.20918810726796,0.5259461965714176,9.62134710354905
0.1,8,3,2.0,0.5069687102870499,0.0
0.1,8,4,4.62283517244089e-07,0.01868825225239624,512603.52928587666
0.1,8,4,7.829611041494445e-07,0.018688252252396387,62390.73096638183
0.1,8,4,1.3260868444228653e-06,0.018688252252396387,62390.73096638183
0.1,8,4,2.245968937194801e-06,0.018688252252396346,32038.76338175381
0.1,8,4,3.803956345739431e-06,0.018688252252396346,32038.76338175381
0.1,8,4,6.442691009949725e-06,0.01868825225239636,31699.309039285912
0.1,8,4,1.091186745509786e-05,0.018666020532814614,23713.713203481544
0.1,8,4,1.8481229531843214e-05,0.01840307392564018,13332.446201301867
0.1,8,4,3.1301319083481355e-05,0.018160308930527235,7473.955148595708
0.1,8,4,5.301446933916181e-05,0.018145160206001723,6126.23951855575
0.1,8,4,8.97896332041844e-05,0.01778903094793747,2973.424574147447
0.1,8,4,0.0001520750529325105,0.017392876032193152,2273.358856727338
0.1,8,4,0.0002575667245664622,0.0170448282406065,1371.0792881430898
0.1,8,4,0.0004362360316477229,0.016450000269321075,1242.0298706856474
0.1,8,4,0.0007388449561101906,0.01530555511068702,952.5418589014395
0.1,8,4,0.0012513681346026403,0.013963468622801267,2758.984517022425
0.1,8,4,0.0021194192304472476,0.01228217907393134,517.3892360206469
0.1,8,4,0.003589621431279272,0.011208958539910047,372.5124484274242
0.1,8,4,0.006079675901204468,0.011011038530458279,545.2558778344904
0.1,8,4,0.01029703543153678,0.010835988006438433,290.69402147514074
0.1,8,4,0.017439899823824132,0.010493563332144932,150.4463213561417
0.1,8,4,0.02953763807916005,0.010307448640946988,150.44761907581778
0.1,8,4,0.050027355208978275,0.010810719443397026,248.80630536318455
0.1,8,4,0.08473041285488085,0.013554906424123724,472.87867127703174
0.1,8,4,0.14350634433039383,0.03577003233399549,241.47523187470748
0.1,8,4,0.2430540601560075,0.1712998881276161,74.77793301917657
0.1,8,4,0.41165619843476353,0.5906494959098564,59.50253109401113
0.1,8,4,0.6972145439619113,0.6345441071230251,26.677103052448512
0.1,8,4,1.1808594700148798,0.5473797238935149,21.45117665184594
0.1,8,4,2.0,0.5381491339110793,0.0
0.1,8,5,7.760870746054132e-08,0.01889140101167958,1911014.857025424
0.1,8,5,1.3978684305559826e-07,0.01889140101168019,525318.8161909666
0.1,8,5,2.5178052992810656e-07,0.01889140101168057,249215.49309589365
0.1,8,5,4.5350072914705003e-07,0.01889140101168057,249215.49309589365
0.1,8,5,8.168340554197396e-07,0.01889140101168057,249215.49309589365
0.1,8,5,1.4712608629061498e-06,0.018891401011680516,105796.45122460359
0.1,8,5,2.649997894134127e-06,0.018891401011680523,90226.7843993797
0.1,8,5,4.773109253408638e-06,0.018903206756830025,45705.98711554427
0.1,8,5,8.597203792276692e-06,0.018931441008301055,21526.71674645299
0.1,8,5,1.548506625804838e-05,0.01889257456420951,13194.00592134905
0.1,8,5,2.789131010614889e-05,0.018811952730244018,9526.22979141934
0.1,8,5,5.0237123075468735e-05,0.01879515167643575,10482.177172785556
0.1,8,5,9.048583681780518e-05,0.01883092189306822,2453.2926826707376
0.1,8,5,0.00016298080310686835,0.018706339418352567,2805.589611880766
0.1,8,5,0.0002935569047655965,0.01841533289232911,1582.5448353003687
0.1,8,5,0.0005287472800035921,0.017146088800968712,702.1334131257938
0.1,8,5,0.0009523662416812663,0.016475065124384857,4202.315256407099
0.1,8,5,0.00171537801251278,0.014663943149442455,784.8079479293918
0.1,8,5,0.0030896955362652283,0.012930261842255701,1187.4453176046545
0.1,8,5,0.005565081537237052,0.011278048392578567,466.53301039922223
0.1,8,5,0.010023684260337487,0.010997850183660928,299.32652036531
0.1,8,5,0.01805440683638585,0.010895911245437753,126.59932512260043
0.1,8,5,0.032519141440191565,0.010974783738215308,387.4436528038212
0.1,8,5,0.05857265594990174,0.011357488917257377,213.76959328323983
0.1,8,5,0.10549958802987851,0.01782438370205281,107.87795093905522
0.1,8,5,0.19002319246021446,0.07714841829050077,191.70534257874647
0.1,8,5,0.3422649732295189,0.3977179549622608,42.9429890225483
0.1,8,5,0.6164790222874003,0.7113420504868505,39.289360825265476
0.1,8,5,1.1103864392970577,0.48384598210421353,25.724610453307857
0.1,8,5,2.0,0.5259818063436542,0.0
0.1,8,6,4.362304129035264e-07,0.01940271912899824,386672.8639662402
0.1,8,6,7.403147884736529e-07,0.01940271912899812,62373.1308193507
0.1,8,6,1.2563681252411802e-06,0.01940271912899812,62373.1308193507
0.1,8,6,2.1321482303175875e-06,0.01940271912899812,62373.1308193507
0.1,8,6,3.6184108659822443e-06,0.01940271912899812,62373.1308193507
0.1,8,6,6.140706827455491e-06,0.019507944604817692,41780.11910385806
0.1,8,6,1.042122681403188e-05,0.01949488707651833,19443.566606896344
0.1,8,6,1.7685581051342614e-05,0.019495490859847777,14373.21250714758
0.1,8,6,3.0013719373467623e-05,0.019411255312752028,11812.938901491549
0.1,8,6,5.093546816551323e-05,0.019353845059090678,8107.163136577258
0.1,8,6,8.644119993783584e-05,0.01922974295441496,4594.221411169172
0.1,8,6,0.00014669701321704974,0.01900393348998368,2510.6375855081333
0.1,8,6,0.00024895551776559535,0.01855934635849117,2055.9930700562836
0.1,8,6,0.00042249564913931224,0.017657154208608517,1191.4693964767428
0.1,8,6,0.0007170058938389081,0.016798253574933524,603.634623389346
0.1,8,6,0.0012168112330790285,0.01587068630009109,549.7390589257642
0.1,8,6,0.0020650173027447435,0.014419538264780693,998.0619426195897
0.1,8,6,0.0035044847916506873,0.011724204122167374,985.3169417507114
0.1,8,6,0.005947365980220586,0.01110176069138023,568.5158589984524
0.1,8,6,0.01009311331210674,0.010196804146138097,229.77647368972953
0.1,8,6,0.017128748536717416,0.009831525938152036,240.6142887228808
0.1,8,6,0.029068734032954124,0.009805273804838463,143.2275633422374
0.1,8,6,0.04933175920396573,0.009902588632027417,105.21789868450607
0.1,8,6,0.08371958900580781,0.012461290068753312,85.2922266944835
0.1,8,6,0.14207824120608153,0.03111401949055132,99.69104470975368
0.1,8,6,0.24111712520247944,0.15288000741107644,55.397400450679015
0.1,8,6,0.4091933259617211,0.5718555213530921,77.67993292224281
0.1,8,6,0.6944308823813627,0.6285725730143354,32.478059864965196
0.1,8,6,1.1784997941292685,0.528770509867356,10.343257166843408
0.1,8,6,2.0,0.5246421620349948,0.0
0.1,8,7,1.0299850885520097e-06,0.018495810240709332,181924.61989989722
0.1,8,7,1.696935704655394e-06,0.018485650363276124,73211.80973153425
0.1,8,7,2.795759684038272e-06,0.018485650363276124,73211.80973153425
0.1,8,7,4.606109818687024e-06,0.018399505305798373,24200.102813534653
0.1,8,7,7.58872365995336e-06,0.01825752584968969,19532.2279153277
0.1,8,7,1.2502682101390203e-05,0.018245170760890987,19532.2279153277
0.1,8,7,2.0598596909428598e-05,0.018212791069680937,15295.084346881868
0.1,8,7,3.39368937957674e-05,0.01773697027407545,6860.483032301409
0.1,8,7,5.591219467856204e-05,0.01774152879858407,5525.97627529638
0.1,8,7,9.211725541491104e-05,0.017284373248867103,3000.5346021954365
0.1,8,7,0.00015176633280019532,0.01721290184623025,2595.479771650684
0.1,8,7,0.00025004023044189965,0.017025900267977626,2170.6507324394033
0.1,8,7,0.00041194984214152177,0.017186795208935478,2977.0161987116785
0.1,8,7,0.0006787014719211666,0.01591668698987495,1305.1919259288538
0.1,8,7,0.0011181839167441903,0.015110457494404197,1038.5731265806844
0.1,8,7,0.001842246294421784,0.012986688831714112,1441.9116427637625
0.1,8,7,0.003035163856758651,0.01152850701724625,995.8694834673236
0.1,8,7,0.005000536391506461,0.010772542380504891,652.2139977702376
0.1,8,7,0.00823855494559179,0.010849746780830609,383.33151941273303
0.1,8,7,0.013573301397590127,0.010262812982035449,296.6173258057249
0.1,8,7,0.02236247886267975,0.009944457254285131,113.69347497434745
0.1,8,7,0.036842949716904265,0.009912230263186182,838.6898458485741
0.1,8,7,0.06070002132490211,0.010234678432373604,224.32680908279983
0.1,8,7,0.1000053637712144,0.014407938964832783,143.50562731647344
0.1,8,7,0.1647622614410844,0.04512755524436008,142.60030706590308
0.1,8,7,0.2714514679161054,0.22615587396679282,72.50053233554824
0.1,8,7,0.44722558909618443,0.6725402126207183,31.75094327069037
0.1,8,7,0.736819473027289,0.5932639761889785,21.474046962070016
0.1,8,7,1.21393531378512,0.5699987569499061,38.954788332783444
0.1,8,7,2.0,0.5423304601465432,0.0
0.1,8,8,1.0798404637135676e-07,0.021306935890923348,173079.04262553694
0.1,8,8,1.9229541151329844e-07,0.021306935890923348,173079.04262553694
0.1,8,8,3.424350775104619e-07,0.021306935890923348,173079.04262553694
0.1,8,8,6.098002099310957e-07,0.021306935890923348,173079.04262553694
0.1,8,8,1.0859176540424608e-06,0.021306935890923348,173079.04262553694
0.1,8,8,1.9337762305695585e-06,0.021239862657751133,87354.40301753045
0.1,8,8,3.443622539881455e-06,0.021168725569913355,39637.64735326607
0.1,8,8,6.132320797886159e-06,0.021117887153197734,39637.64735326607
0.1,8,8,1.0920290459442092e-05,0.02112727090410247,16842.36437914822
0.1,8,8,1.9446592513504674e-05,0.021197509462857467,15279.619061480427
0.1,8,8,3.463002763441292e-05,0.021196401541974424,8485.221732162716
0.1,8,8,6.166832637272528e-05,0.021303593307520144,4476.159985208717
0.1,8,8,0.00010981748319004586,0.021208973105210447,2751.848412208962
0.1,8,8,0.0001955603520242424,0.021167452270558735,1594.1767656094019
0.1,8,8,0.00034824920561749007,0.020573465558487724,1643.9703509313686
0.1,8,8,0.0006201538704439387,0.019609005932604295,2693.657235993666
0.1,8,8,0.0011043552054761146,0.017777381259768178,552.7543575033123
0.1,8,8,0.0019666093819411903,0.0161898476306069,692.1880939908511
0.1,8,8,0.0035020910319082713,0.014017094139929522,241.46324968795255
0.1,8,8,0.006236440092473372,0.012692722489211893,265.49249122223154
0.1,8,8,0.011105703613254353,0.011956662342654245,238.62959484268316
0.1,8,8,0.019776771830824283,0.01153066605574406,216.42834808733173
0.1,8,8,0.03521800307921895,0.011285477033030202,194.38992186421262
0.1,8,8,0.06271537900612885,0.012016518392143807,141.24644475475841
0.1,8,8,0.1116820495198165,0.020248021948920947,77.46453588449629
0.1,8,8,0.19888072722526057,0.08806440650369282,63.413522711760464
0.1,8,8,0.3541620504970256,0.4499605388841964,29.824638615516587
0.1,8,8,0.6306833234282647,0.72172116287168,410.38699634057633
0.1,8,8,1.1231058039457045,0.5189657888537093,13.906157832200813
0.1,8,8,2.0,0.546120334215788,0.0
0.1,8,9,1.9709594778483092e-07,0.02025969054302224,337279.5658356699
0.1,8,9,3.4377639307654146e-07,0.02025969054302224,337279.5658356699
0.1,8,9,5.99617646963173e-07,0.02025969054302224,337279.5658356699
0.1,8,9,1.0458580920348446e-06,0.02025969054302224,337279.5658356699
0.1,8,9,1.8241943915669064e-06,0.02029023659562391,40584.92314995916
0.1,8,9,3.181775045359871e-06,0.02029023659562391,40584.92314995916
0.1,8,9,5.549678524435655e-06,0.020350458056569747,22462.186692008694
0.1,8,9,9.679795486955546e-06,0.020334251833203212,22462.186692008694
0.1,8,9,1.6883579878856698e-05,0.02035003101874027,13966.061009389035
0.1,8,9,2.944848059133833e-05,0.020142798700347287,13966.061009389035
0.1,8,9,5.136428502490996e-05,0.019984171128704587,5761.160487368261
0.1,8,9,8.959001358108061e-05,0.01992740076053527,3144.3043917646046
0.1,8,9,0.00015626364758247266,0.01958008990434664,1632.9914689998677
0.1,8,9,0.0002725563551084874,0.019481988813883834,1221.6851425093894
0.1,8,9,0.0004753950637867761,0.01864254226139526,3422.7829829520033
0.1,8,9,0.000829188028225856,0.016943667646952962,1804.3202317038658
0.1,8,9,0.0014462766623539527,0.014812299691897011,833.2979313316706
0.1,8,9,0.0025226077956590365,0.01216604665696588,650.8422543353537
0.1,8,9,0.004399953519517117,0.011233690085313927,370.9231489421026
0.1,8,9,0.0076744355611782005,0.011096529620397928,353.9053250703927
0.1,8,9,0.013385814400407654,0.010439311314695722,129.75379601667387
0.1,8,9,0.023347648922685427,0.010106319236436744,108.77554671740936
0.1,8,9,0.0407231636351071,0.00991663868406323,231.01834775667888
0.1,8,9,0.07102968105882261,0.01128637678443847,224.4893083922835
0.1,8,9,0.1238905610704723,0.021819793615323064,169.1106544597772
0.1,8,9,0.21609094808753776,0.11240691305778527,95.15166732076233
0.1,8,9,0.3769076307500891,0.5036162060696605,40.88915013208046
0.1,8,9,0.6574054275521883,0.6712194702084915,33.53502337364342
0.1,8,9,1.1466520200585602,0.5145115127695972,15.324208786651955
0.1,8,9,2.0,0.5276092713079072,0.0
0.1,10,0,5.351262519770475e-07,0.017384562435206155,243473.69235349257
0.1,10,0,9.017719674402869e-07,0.017384562435206155,243473.69235349257
0.1,10,0,1.519627710763111e-06,0.017384562435206256,35758.93360264817
0.1,10,0,2.560811893359339e-06,0.017384562435206256,35758.93360264817
0.1,10,0,4.3153711311815545e-06,0.017384562435206256,35758.93360264817
0.1,10,0,7.272079627608162e-06,0.01737387593474963,23756.385622075897
0.1,10,0,1.2254598852032987e-05,0.017354756277942033,17196.862164307448
0.1,10,0,2.0650928030836464e-05,0.017142964897956206,8813.399026203317
0.1,10,0,3.4800064341889014e-05,0.017132464757883756,8611.069361741851
0.1,10,0,5.864358620548443e-05,0.017199895827041626,8139.090191290221
0.1,10,0,9.882367369362774e-05,0.016761954233129015,2725.591871642209
0.1,10,0,0.00016653344575627698,0.01671681946928851,2903.9869706496083
0.1,10,0,0.00028063506970442826,0.016490904312645122,1785.6127928852393
0.1,10,0,0.0004729142665027745,0.016648993340638768,1408.5029991723784
0.1,10,0,0.0007969349792861188,0.016011514939929847,3436.797576438535
0.1,10,0,0.0013429608836003281,0.013695139958773113,1897.3925529542114
0.1,10,0,0.0022631004809152153,0.011702320565292296,505.1969829235487
0.1,10,0,0.0038136805392188205,0.0105094041760649,500.5358979620181
0.1,10,0,0.006426652010313991,0.01039213318135881,304.7969880900379
0.1,10,0,0.010829920240286577,0.010092817320178306,273.24777602824673
0.1,10,0,0.01825012031501586,0.009942007537872428,586.9270633475421
0.1,10,0,0.03075432543570981,0.010499023218169026,182.85705538222746
0.1,10,0,0.051825879319126404,0.012613698836486715,188.21330177530348
0.1,10,0,0.08733476443225596,0.023265574352673984,194.3101699158308
0.1,10,0,0.14717282521095093,0.08043899893275729,150.03579418762962
0.1,10,0,0.24800937657963584,0.29203772402259254,104.74950007511254
0.1,10,0,0.4179348380603272,0.6302050154225642,58.52953498277067
0.1,10,0,0.7042859881889406,0.4046325254039996,18.223604361987043
0.1,10,0,1.1868327499601108,0.4999182738086359,8.054353786949804
0.1,10,0,2.0,0.47718430889118435,0.0
0.1,10,1,5.694533793398901e-07,0.02260876771227505,326161.6556983052
0.1,10,1,9.575634211416965e-07,0.0226087677122752,107051.83948244818
0.1,10,1,1.6101892424828382e-06,0.02250053221468102,55776.24747221136
0.1,10,1,2.7076111507227234e-06,0.02250053221468102,55776.24747221136
0.1,10,1,4.552979208961616e-06,0.022470396965149506,55776.24747221136
0.1,10,1,7.656054921957167e-06,0.02236585908068813,36654.42877470237
0.1,10,1,1.2874026934419617e-05,0.02235646974155301,20145.400024664097
0.1,10,1,2.164829944372874e-05,0.02237201213314867,13374.853979105988
0.1,10,1,3.6402663377406834e-05,0.022125658005455167,11142.13900296001
0.1,10,1,6.121284050108972e-05,0.022027260803427033,3532.212493658321
0.1,10,1,0.00010293235424464623,0.021729256352877355,3460.8125308224166
0.1,10,1,0.00017308573599287072,0.02135688086522387,6750.239855965491
0.1,10,1,0.0002910520431019101,0.020157919332743388,1372.5286444751305
0.1,10,1,0.0004894180985386636,0.01920290401252803,2121.149927944208
0.1,10,1,0.0008229802224522815,0.018327473808743965,673.2468203448622
0.1,10,1,0.0013838810795308207,0.016278738619472,1295.1076692265592
0.1,10,1,0.0023270630205143644,0.014363422418322905,303.1642602036849
0.1,10,1,0.0039130691079911056,0.012344725108393342,697.0430025766568
0.1,10,1,0.006580015113011328,0.011363955097624416,400.64994991080005
0.1,10,1,0.011064613911121322,0.010765584067801237,387.4504445096057
0.1,10,1,0.01860568386235083,0.010958977992817824,147.98921903487442
0.1,10,1,0.03128635800276735,0.011372295453666574,140.19171919512095
0.1,10,1,0.05260952536434478,0.013068355123288857,105.89647636893801
0.1,10,1,0.08846546340794355,0.02668877085470043,175.20970378470835
0.1,10,1,0.14875895879658005,0.08745432764132985,75.57285952487828
0.1,10,1,0.2501453897347195,0.31802904283578387,139.91157309473965
0.1,10,1,0.4206315808589354,0.683663797947916,36.112079488386144
0.1,10,1,0.7073123634360133,0.4409620834464083,34.02353896876702
0.1,10,1,1.1893799758159802,0.5474566794862392,8.628303492874021
0.1,10,1,2.0,0.5173406603307071,0.0
0.1,10,2,1.9738907308664003e-07,0.020852061065069247,96168.14507288473
0.1,10,2,3.4427002196217603e-07,0.020852061065069247,96168.14507288473
0.1,10,2,6.004478675970789e-07,0.020852061065069247,96168.14507288473
0.1,10,2,1.0472525015305896e-06,0.020852061065069247,96168.14507288473
0.1,10,2,1.8265329284140717e-06,0.020852061065069368,67107.54776942666
0.1,10,2,3.1856906846294466e-06,0.020847467500970458,67107.54776942666
0.1,10,2,5.55622347687244e-06,0.02084746750097052,51344.21582878749
0.1,10,2,9.690714630237033e-06,0.020856472213985903,22865.29146921926
0.1,10,2,1.6901758979923448e-05,0.02085048474690315,15543.44712332911
0.1,10,2,2.9478678045484405e-05,0.020754750122326568,8528.152114158256
0.1,10,2,5.141432086101481e-05,0.020837822478187995,4177.64568501287
0.1,10,2,8.967269107253313e-05,0.02071082610807979,3838.099013495622
0.1,10,2,0.00015639983937407683,0.020441204211588796,1686.7637816207935
0.1,10,2,0.00027277992289147923,0.019885099813044364,1042.0287991228024
0.1,10,2,0.00047576063140774893,0.019264439613969404,792.588935188296
0.1,10,2,0.000829783130657855,0.017918445590631778,859.8182448971548
0.1,10,2,0.0014472404786562527,0.016308150014766848,1080.638682383884
0.1,10,2,0.0025241595372041945,0.013259576691152528,1631.4773317231843
0.1,10,2,0.004402434469753537,0.012004869305895984,1084.0728509119162
0.1,10,2,0.007678369364062184,0.011154500152861608,214.1077983396783
0.1,10,2,0.013391989476738185,0.011070983011828222,227.52020461589302
0.1,10,2,0.02335722256140397,0.011094471581200686,106.44170318904186
0.1,10,2,0.04073777437852622,0.011699721621361014,272.4207899679386
0.1,10,2,0.07105152408223472,0.01767322144545449,156.19639073527418
0.1,10,2,0.12392230924302682,0.051276972094508384,141.93595045080102
0.1,10,2,0.21613524729392922,0.21511918079723416,1571.4520978200997
0.1,10,2,0.3769655795486767,0.5930656023028733,43.30058505552932
0.1,10,2,0.657472809010272,0.45783395972769286,18.77341367864094
0.1,10,2,1.1467107822029687,0.5241528348764896,65.53053660718822
0.1,10,2,2.0,0.48329614509858715,0.0
0.1,10,3,4.285632972944601e-07,0.0200500542634507,102574.04159603517
0.1,10,3,7.277479822167963e-07,0.0200500542634507,102574.04159603517
0.1,10,3,1.2357967398611032e-06,0.0200500542634507,102574.04159603517
0.1,10,3,2.09851984419021e-06,0.020050054263450696,75747.02117370944
0.1,10,3,3.5635193024987785e-06,0.020060388336659303,24240.292725699423
0.1,10,3,6.0512507682202185e-06,0.02005755182633352,24240.292725699423
0.1,10,3,1.0275694545616474e-05,0.02005586458067386,24230.975551931024
0.1,10,3,1.74492683313252e-05,0.019872535299998863,16577.54303971524
0.1,10,3,2.963079176273061e-05,0.019685306127312657,9374.084107770872
0.1,10,3,5.031636879066923e-05,0.01956959717971414,8676.085305022545
0.1,10,3,8.544277144369232e-05,0.019563900858312704,3315.3418773208264
0.1,10,3,0.0001450912966782463,0.01921481857914504,2506.4745302863225
0.1,10,3,0.000246381104171557,0.01895535305153817,10393.264476340899
0.1,10,3,0.0004183824246013302,0.01814714979641834,934.3441307086991
0.1,10,3,0.0007104597319013694,0.017653272175247224,1112.8455525437298
0.1,10,3,0.0012064393745371512,0.01608174137581366,665.8759446596298
0.1,10,3,0.0020486677838001018,0.015054507702237166,511.67208179839525
0.1,10,3,0.003478864978184758,0.013195368162538397,2475.35940427523
0.1,10,3,0.005907498342162311,0.012675823999231195,326.39925630234774
0.1,10,3,0.010031586992163236,0.012145349867936805,165.23975051509646
0.1,10,3,0.017034746647851654,0.011477789709930577,152.82471437786427
0.1,10,3,0.028926887997201875,0.011809953400968935,148.62654587157627
0.1,10,3,0.04912106217371839,0.014073040950056974,109.35114996513836
0.1,10,3,0.08341300831626641,0.02516885540400745,286.64673604617633
0.1,10,3,0.141644533902041,0.07995517836665444,97.66833707791118
0.1,10,3,0.2405281189266728,0.3080285514133864,261.84451790280315
0.1,10,3,0.408443406890762,0.6933512845234966,22.632933092233053
0.1,10,3,0.6935821781543595,0.4592615557198127,24.94735874829296
0.1,10,3,1.1777794175093734,0.5606935349898399,10.983004570627195
0.1,10,3,2.0,0.5321998464056713,0.0
0.1,10,4,3.7266684005388097e-07,0.019502691675527935,385905.52365729405
0.1,10,4,6.35886625106723e-07,0.019502691675527387,118523.60468575195
0.1,10,4,1.0850222142950933e-06,0.019502691675527387,118523.60468575195
0.1,10,4,1.8513885322186858e-06,0.01956236041520895,78635.31975762454
0.1,10,4,3.159050065585698e-06,0.01956236041520895,78635.31975762454
0.1,10,4,5.390331172094691e-06,0.019595335204596474,39346.79363855529
0.1,10,4,9.197597233859815e-06,0.019577204753326506,16294.153969046683
0.1,10,4,1.5693988398013734e-05,0.019543719691320613,14220.07369058606
0.1,10,4,2.677887121761128e-05,0.01928966961559884,6695.966040112242
0.1,10,4,4.569316132412633e-05,0.019218319536611333,5409.054563197044
0.1,10,4,7.796687824614273e-05,0.019120103626001046,3523.5847626737946
0.1,10,4,0.00013303597140780854,0.018968609600073457,2418.813729353072
0.1,10,4,0.00022700113287266136,0.018188379466267356,1374.3939730952845
0.1,10,4,0.0003873351979932781,0.017754339196676284,871.6756017325704
0.1,10,4,0.0006609154487729012,0.01679467437645908,713.6479959323913
0.1,10,4,0.0011277292450820992,0.01625523671505481,1812.9081020683316
0.1,10,4,0.0019242601342950919,0.01289388284624437,888.0844733891295
0.1,10,4,0.0032833918962239922,0.012464776728465528,287.818938135498
0.1,10,4,0.005602497371353905,0.011817576564331323,171.26738975503574
0.1,10,4,0.00955961937779181,0.011250534421177209,219.8225186581452
0.1,10,4,0.01631171182971354,0.010794432119557414,795.8267884805246
0.1,10,4,0.027832901321755078,0.01092642678569031,320.62559113246954
0.1,10,4,0.047491667586685084,0.011807691537629261,291.6444460977755
0.1,10,4,0.08103569455769459,0.020416097582701024,147.12186479335725
0.1,10,4,0.1382723354673075,0.06959669449491096,253.99559577479963
0.1,10,4,0.2359360138756058,0.27408128767051143,87.73096082340396
0.1,10,4,0.40258091002354945,0.6483008905869265,60.83782832377891
0.1,10,4,0.6869294197741213,0.44858978185367887,40.014475130878566
0.1,10,4,1.1721172465023466,0.5394217488536036,5.710546135488243
0.1,10,4,2.0,0.5006560241368908,0.0
0.1,10,5,8.29452074135873e-07,0.01884432787728818,91543.74097230381
0.1,10,5,1.376792507746059e-06,0.01884432787728818,91543.74097230381
0.1,10,5,2.2853130017915527e-06,0.01884432787728812,55069.225548522445
0.1,10,5,3.7933497507968683e-06,0.018844327877288163,45444.44698094948
0.1,10,5,6.296512696768519e-06,0.018772064179365087,25859.834188261862
0.1,10,5,1.0451467632858986e-05,0.018707144810543256,25859.834188261862
0.1,10,5,1.7348202241656623e-05,0.018580143412656742,11161.191840462376
0.1,10,5,2.8795967378898406e-05,0.01860682241391295,6617.595041839538
0.1,10,5,4.779790584268612e-05,0.018487881278899547,4822.669965265169
0.1,10,5,7.933888008987235e-05,0.018094336559109005,2598.2766434878176
0.1,10,5,0.00013169317322462377,0.01800412351303332,1817.3825083442641
0.1,10,5,0.00021859511823616796,0.01739524103148163,3699.7899724378603
0.1,10,5,0.000362842086242248,0.017038527296795912,1482.935881193941
0.1,10,5,0.0006022750215601281,0.01633102354957017,1467.2319661814724
0.1,10,5,0.0009997054237888944,0.014876792342764228,849.5140978444726
0.1,10,5,0.0016593929659643968,0.013715659063764546,2751.1121072989467
0.1,10,5,0.0027543963951460857,0.012224684769802546,784.9625783472515
0.1,10,5,0.004571972798007225,0.010748738962940773,732.8746654884841
0.1,10,5,0.0075889350213186645,0.010298525048732597,696.8168228804917
0.1,10,5,0.012596736092327426,0.010062492387387332,387.93607456572505
0.1,10,5,0.020909094587579252,0.010026390957908284,159.87839598304208
0.1,10,5,0.03470662823035763,0.010788638355481557,88.04671058774794
0.1,10,5,0.057608904970749095,0.013099902723968486,85.18584267792704
0.1,10,5,0.09562398023516103,0.027938577642216703,345.0948566148558
0.1,10,5,0.15872451664646814,0.10196347446756547,926.5296719208818
0.1,10,5,0.26346395666336464,0.3514252621308181,217.3313391575133
0.1,10,5,0.43731906026415324,0.6683361142035885,38.37430305448995
0.1,10,5,0.7258980047683905,0.4196420581904091,27.060309067709863
0.1,10,5,1.2049049794638511,0.5211978607538943,8.928148579609081
0.1,10,5,2.0,0.4986931411959566,0.0
0.1,10,6,6.360138948835478e-08,0.02052952837220699,97170.13237597422
0.1,10,6,1.153461949087911e-07,0.02052952837220699,97170.13237597422
0.1,10,6,2.0918952851451316e-07,0.02052952837220699,97170.13237597422
0.1,10,6,3.7938190223550286e-07,0.02052952837220699,97170.13237597422
0.1,10,6,6.880393524757301e-07,0.02053007113317703,20986.843601352677
0.1,10,6,1.2478142678017287e-06,0.02053007113317703,20986.843601352677
0.1,10,6,2.2630107439741064e-06,0.02053007113317703,20986.843601352677
0.1,10,6,4.104150561096151e-06,0.02053007113317703,20986.843601352677
0.1,10,6,7.443204533163535e-06,0.020528052863509724,20986.843601352677
0.1,10,6,1.3498845351255663e-05,0.020528052863509724,20986.843601352677
0.1,10,6,2.448123318460918e-05,0.020473202097721622,9096.468253505234
0.1,10,6,4.4398669859823315e-05,0.020313227957887214,6496.04187042691
0.1,10,6,8.052053058180322e-05,0.02016472957017058,6932.138794574143
0.1,10,6,0.0001460304073443006,0.01995515489042535,2238.224900956216
0.1,10,6,0.0002648377962124546,0.019868059415471383,1473.5533646685185
0.1,10,6,0.0004803044761581789,0.019316855022635655,3250.381816190325
0.1,10,6,0.0008710704933993608,0.01674934627417032,3402.9064170302045
0.1,10,6,0.0015797558468331279,0.01453174061923574,538.4046158591923
0.1,10,6,0.0028650132848195143,0.012140164385573155,917.4864978843676
0.1,10,6,0.005195930205700542,0.01110345522210938,741.7427067276377
0.1,10,6,0.009423234037189495,0.010189519047043549,202.04148390959787
0.1,10,6,0.017089786853223207,0.00997240339689228,126.06696153369849
0.1,10,6,0.03099369213753595,0.01017411839699382,101.74262634905568
0.1,10,6,0.05620953383249372,0.01141138700135508,342.63561688075475
0.1,10,6,0.10194047484390617,0.024951132607011157,260.69754159090354
0.1,10,6,0.18487718546766774,0.13321008618121571,107.28540877639334
0.1,10,6,0.3352895281170995,0.5232540594988186,65.8874138535051
0.1,10,6,0.6080743136618546,0.5215515972343338,20.63555123049317
0.1,10,6,1.1027912891040204,0.5423165681534392,20.984106034262805
0.1,10,6,2.0,0.49107613120821725,0.0
0.1,10,7,4.452120716536007e-08,0.019889830689804745,104784.79143980793
0.1,10,7,8.174194516503023e-08,0.019889830689804745,104784.79143980793
0.1,10,7,1.500800635199661e-07,0.019889830689804745,104784.79143980793
0.1,10,7,2.755503972982648e-07,0.019889830689804766,100768.80913090381
0.1,10,7,5.05916773157085e-07,0.019889830689804766,100768.80913090381
0.1,10,7,9.288746591231611e-07,0.019889830689804766,100768.80913090381
0.1,10,7,1.7054349215918774e-06,0.019889830689804898,41697.84937268332
0.1,10,7,3.131217159622662e-06,0.019889830689804898,41697.84937268332
0.1,10,7,5.748985655555669e-06,0.019889830689804898,41697.84937268332
0.1,10,7,1.0555267930304697e-05,0.019626275299883436,14411.67600932457
0.1,10,7,1.937971109266059e-05,0.01961903297767501,13412.325910680724
0.1,10,7,3.5581588692476735e-05,0.019523906728334837,5280.832592379258
0.1,10,7,6.532860308531966e-05,0.019243924874466925,4109.710914252285
0.1,10,7,0.00011994479555044733,0.01912090609607145,3810.556958139809
0.1,10,7,0.0002202213624688928,0.018636084041172812,2331.8945667874964
0.1,10,7,0.00040433141150553734,0.0182579468677214,23279.755431230864
0.1,10,7,0.0007423616333004614,0.016888271097694682,930.1706638950836
0.1,10,7,0.0013629927799685218,0.015540939994275384,652.259988642262
0.1,10,7,0.002502485628179573,0.015068556511601121,480.1357630402793
0.1,10,7,0.00459462031735043,0.013293177452803511,591.2656437888576
0.1,10,7,0.008435827012507627,0.011774873599900449,219.25610158277564
0.1,10,7,0.015488369543011745,0.011115798142480234,118.56682707187758
0.1,10,7,0.028436997433116454,0.010869065143919401,428.40445995167767
0.1,10,7,0.05221097164329576,0.013339376493669754,145.08028562176852
0.1,10,7,0.0958605269894802,0.03148995305148519,135.4244719054201
0.1,10,7,0.1760020996636787,0.13214200902691148,187.9119310672588
0.1,10,7,0.3231438430275154,0.480816325812704,199.2646785046392
0.1,10,7,0.5932994179395061,0.5042667402231291,94.92315972552417
0.1,10,7,1.0893111749537,0.5116078070640786,81.74334155138475
0.1,10,7,2.0,0.4663494230277708,0.0
0.1,10,8,1.5755833304709204e-07,0.021438242070330425,247629.1896527391
0.1,10,8,2.769444772765839e-07,0.021438242070330425,247629.1896527391
0.1,10,8,4.867926818639054e-07,0.021438242070330425,247629.1896527391
0.1,10,8,8.556484586605233e-07,0.021438242070330425,247629.1896527391
0.1,10,8,1.5039960789977837e-06,0.021328840726050843,108057.55713157376
0.1,10,8,2.643613954709586e-06,0.02132726968475427,27771.338971135803
0.1,10,8,4.646750639265177e-06,0.02132726968475427,27771.338971135803
0.1,10,8,8.167717326898159e-06,0.02132726968475427,27771.338971135803
0.1,10,8,1.4356614225949126e-05,0.021304919861546444,16626.51543610296
0.1,10,8,2.523500309614646e-05,0.021318352237269265,10278.803610693965
0.1,10,8,4.435623687035611e-05,0.021227747615281255,6394.326802869279
0.1,10,8,7.796613861321766e-05,0.021020637614819,4168.899434458758
0.1,10,8,0.00013704315783194816,0.020264719781920598,3102.956336309779
0.1,10,8,0.0002408844075467436,0.01969875703494664,1641.415787745532
0.1,10,8,0.0004234089371342443,0.019112889378403358,1282.653226598176
0.1,10,8,0.0007442371628406961,0.018200084295508907,954.6347350730372
0.1,10,8,0.0013081654778051015,0.016240197963584144,637.5471979012549
0.1,10,8,0.002299397292644136,0.014363941447229057,449.088895128661
0.1,10,8,0.004041711846952519,0.01224715741768454,823.7595120241975
0.1,10,8,0.0071042245313822265,0.011343550637836425,289.57329727141945
0.1,10,8,0.012487284621823738,0.010971351719500864,519.5523668027129
0.1,10,8,0.021949232676644694,0.010550565677628401,204.7184662933168
0.1,10,8,0.03858075071433152,0.011232728957935085,127.84998728895478
0.1,10,8,0.06781441281385744,0.014325603832219723,250.59115412533382
0.1,10,8,0.11919919908608659,0.04100300142643505,73.65163159327129
0.1,10,8,0.20951960613100043,0.18210251322737364,291.05525026883146
0.1,10,8,0.3682781905404057,0.587307924083507,60.034487475332455
0.1,10,8,0.6473323815954225,0.4710103323540885,48.48034264952741
0.1,10,8,1.1378333635426794,0.5308158031712372,27.038292125091697
0.1,10,8,2.0,0.4845302661136961,0.0
0.1,10,9,2.8551711106494787e-07,0.02011149053442002,59207.86224877828
0.1,10,9,4.916775089146532e-07,0.02011149053442002,59207.86224877828
0.1,10,9,8.466980205523573e-07,0.02011149053442002,59207.86224877828
0.1,10,9,1.458064534189871e-06,0.02011149053442002,59207.86224877828
0.1,10,9,2.510874165591442e-06,0.02010440022823307,59207.86224877828
0.1,10,9,4.323875197291879e-06,0.02010440022823307,59207.86224877828
0.1,10,9,7.445971199178749e-06,0.020115762408694903,19292.866761604153
0.1,10,9,1.2822406884852771e-05,0.020115762408694903,19292.866761604153
0.1,10,9,2.208095007658017e-05,0.020157086903656824,14222.216941132137
0.1,10,9,3.802471413228938e-05,0.019946515243944096,13270.709371761875
0.1,10,9,6.548082758340537e-05,0.0196494592855856,4958.812321793048
0.1,10,9,0.00011276189391169281,0.019592757345008975,2703.2507404473845
0.1,10,9,0.00019418271252537216,0.019230987992045118,1887.1088632413982
0.1,10,9,0.00033439422251315445,0.01812909108599127,1512.2302251271142
0.1,10,9,0.0005758468124991641,0.01759213732606386,1534.8368478582336
0.1,10,9,0.0009916425857279963,0.01627182194070246,1265.3074816501382
0.1,10,9,0.001707667727744406,0.015122059532681822,2900.2985461494454
0.1,10,9,0.0029407057647074723,0.01274552237885852,837.3778832305113
0.1,10,9,0.005064070869340751,0.011689405338745929,657.413910993325
0.1,10,9,0.008720632331693552,0.011333524468103038,231.5466520826967
0.1,10,9,0.015017449444675552,0.011196601411782388,167.5040683846771
0.1,10,9,0.0258609443954839,0.011101694764842473,218.47717529572816
0.1,10,9,0.044534089992454055,0.01187666676854048,157.01506835127617
0.1,10,9,0.0766903613853459,0.01688429160370268,189.02583801763248
0.1,10,9,0.1320653802606386,0.05370671389394697,72.8423914863075
0.1,10,9,0.22742446832073218,0.22748308931350386,68.65544232055495
0.1,10,9,0.39163851032641256,0.6023107099713743,59.71088234664831
0.1,10,9,0.6744248932545894,0.4255489200469289,13.995863295517841
0.1,10,9,1.161399925309615,0.5074712313769808,20.385673790437824
0.1,10,9,2.0,0.4698842184051524,0.0
0.1,12,0,3.067509313225972e-08,0.021441516111326105,2674206.6439031027
0.1,12,0,5.7048283709734164e-08,0.021441516111326105,2674206.6439031027
0.1,12,0,1.0609606497995243e-07,0.021441516111328295,393369.3255979464
0.1,12,0,1.973131227137971e-07,0.021441516111328295,393369.3255979464
0.1,12,0,3.6695487624754516e-07,0.021441516111328295,393369.3255979464
0.1,12,0,6.824476717504981e-07,0.021441516111328295,393369.3255979464
0.1,12,0,1.2691882703406157e-06,0.021422192365403454,49013.96391680987
0.1,12,0,2.3603844400822005e-06,0.021422192365403454,49013.96391680987
0.1,12,0,4.3897464506876885e-06,0.02142298495353212,28055.11133059074
0.1,12,0,8.163870924625346e-06,0.02141622085588831,24611.47542756964
0.1,12,0,1.5182833273548647e-05,0.021430045549412028,14498.446506520335
0.1,12,0,2.8236412400524963e-05,0.02143042000484687,14498.446506520335
0.1,12,0,5.251292501785924e-05,0.021380082211271904,5499.306631134779
0.1,12,0,9.766139036416817e-05,0.021259033379283077,4081.983897202271
0.1,12,0,0.0001816266598102986,0.02076786356588209,2271.9551032449754
0.1,12,0,0.0003377818340578252,0.01925809313473886,1529.3015638685686
0.1,12,0,0.0006281928409553817,0.018945155664071747,5907.248232169595
0.1,12,0,0.001168287354849394,0.016805235847459517,1532.6516594605525
0.1,12,0,0.0021727330439251817,0.014444960872046613,1914.4251006874038
0.1,12,0,0.004040760058361624,0.012318565208811494,1336.8053183911045
0.1,12,0,0.007514840304427608,0.010854697242351956,444.1172425850092
0.1,12,0,0.0139757926690523,0.010964383206097663,473.9482602641928
0.1,12,0,0.02599160764777064,0.010962920667978543,203.1034276074032
0.1,12,0,0.04833812894288301,0.012922322617455512,173.55556602756457
0.1,12,0,0.08989727535761712,0.032602321572204496,177.93853020262287
0.1,12,0,0.16718727624464877,0.1655267462926657,122.30056989002266
0.1,12,0,0.3109280590197128,0.6371639165072547,39.131712625187205
0.1,12,0,0.5782512883593928,0.46322567240642715,25.93325012883655
0.1,12,0,1.0754080977558165,0.5186882100191603,21.491463814626698
0.1,12,0,2.0,0.5380676404664068,0.0
0.1,12,1,2.9519131428124007e-07,0.02174268249428076,759030.483603743
0.1,12,1,5.077533080844163e-07,0.021687705469868836,75745.40270935197
0.1,12,1,8.733773976325058e-07,0.021687705469868836,75745.40270935197
0.1,12,1,1.5022808646448244e-06,0.021687705469868836,75745.40270935197
0.1,12,1,2.5840464871150964e-06,0.021647378048920248,45462.122533227535
0.1,12,1,4.444772215846972e-06,0.02160832396885762,45462.122533227535
0.1,12,1,7.645373312467506e-06,0.02160262436776958,33815.086361158574
0.1,12,1,1.3150670101516603e-05,0.021649328382972267,21127.072670855745
0.1,12,1,2.2620232793198533e-05,0.021357785424604217,9822.75509938062
0.1,12,1,3.8908658469007246e-05,0.0211398401742781,5659.225091932986
0.1,12,1,6.692608859061111e-05,0.02083496793160238,3484.440195154438
0.1,12,1,0.0001151183697995179,0.02046794943196206,2312.181316235213
0.1,12,1,0.0001980130520754458,0.02046727121575745,2893.10093158565
0.1,12,1,0.0003405987147013729,0.019956110725085022,3036.669001893352
0.1,12,1,0.0005858577666487697,0.018705597425790373,1589.0033494836384
0.1,12,1,0.0010077234819973364,0.01608435825630433,2506.9126820765896
0.1,12,1,0.0017333671651700497,0.013505950382314618,578.4339705670262
0.1,12,1,0.0029815339058434243,0.012046041647805837,348.90462775949857
0.1,12,1,0.005128483226357795,0.010932315651037094,1455.6008026670888
0.1,12,1,0.0088214124117408,0.010446218592053216,207.33253675916657
0.1,12,1,0.015173553954134694,0.01040528268416486,196.43549649605268
0.1,12,1,0.026099759182849697,0.010076253465891017,128.4553239745237
0.1,12,1,0.04489372967347081,0.01083692201503568,129.61966848958065
0.1,12,1,0.07722090268629907,0.019210945361829993,438.4614715517661
0.1,12,1,0.13282629567778223,0.07410673917917569,246.6440718532051
0.1,12,1,0.22847213914545336,0.35536115100701055,70.27193560667548
0.1,12,1,0.39299084642342297,0.7293243854237165,21.925276389578443
0.1,12,1,0.6759765367902258,0.42669687861675937,34.92163025532919
0.1,12,1,1.1627351691509342,0.4817389791038287,11.947504451485644
0.1,12,1,2.0,0.5361509173250618,0.0
0.1,12,2,2.765566646800719e-07,0.021043554068448475,258444.00299942674
0.1,12,2,4.767710189252629e-07,0.021043554068448475,258444.00299942674
0.1,12,2,8.219313924326935e-07,0.021043554068448486,143077.38934145437
0.1,12,2,1.416972062163552e-06,0.02100423526963683,35043.97382903358
0.1,12,2,2.4427949138302822e-06,0.02100423526963683,35043.97382903358
0.1,12,2,4.2112665100283016e-06,0.02100423526963683,35043.97382903358
0.1,12,2,7.260030515897035e-06,0.02100423526963683,35043.97382903358
0.1,12,2,1.2515959976943383e-05,0.020768742308079367,13059.689920783025
0.1,12,2,2.1576941557124204e-05,0.02071479298434433,12261.944443206483
0.1,12,2,3.719765865480593e-05,0.020360072398081453,9493.124088124094
0.1,12,2,6.412705923757782e-05,0.019999831025066573,4849.794975966977
0.1,12,2,0.00011055211201924713,0.019959740715085432,3444.2479963865603
0.1,12,2,0.00019058677596047206,0.01929301282797787,1850.0582727691942
0.1,12,2,0.00032856286965086,0.018817154471415413,1806.8013314507405
0.1,12,2,0.0005664273335291508,0.018078088952224923,2623.875582957608
0.1,12,2,0.0009764947710308143,0.016670275036571897,505.48622093949774
0.1,12,2,0.0016834322452439537,0.015285148603164345,691.8964251737775
0.1,12,2,0.002902160061067722,0.01296381161304784,476.804637680446
0.1,12,2,0.005003190977155152,0.011521632383850455,358.7573284439706
0.1,12,2,0.008625272013659155,0.011126859591221483,3344.5124541139853
0.1,12,2,0.014869573767882316,0.010673353784267876,106.48263400584106
0.1,12,2,0.025634463897294964,0.010697144877591267,212.19417878197567
0.1,12,2,0.04419264126595768,0.011811324079782463,262.4742857235276
0.1,12,2,0.07618608877042733,0.019085863228437146,135.01286962852927
0.1,12,2,0.1313413264259133,0.06333594247242928,177.7087436364976
0.1,12,2,0.22642642909914434,0.3108069309971816,60.056082637411485
0.1,12,2,0.3903487895982959,0.6477718770668792,25.677315645590035
0.1,12,2,0.6729434286760574,0.3744086628249677,23.494166373487648
0.1,12,2,1.1601236388213607,0.4302577798912731,14.576354103180378
0.1,12,2,2.0,0.4834221648349806,0.0
0.1,12,3,5.755731353751515e-07,0.019708618630377234,154147.45261744448
0.1,12,3,9.674974023788441e-07,0.019708618630377234,154147.45261744448
0.1,12,3,1.6262941511328572e-06,0.01959358658718167,46508.34857169146
0.1,12,3,2.733684513783641e-06,0.019524349938412015,34812.969004463994
0.1,12,3,4.5951287568087614e-06,0.019524349938412015,34812.969004463994
0.1,12,3,7.724083808934379e-06,0.019524349938412015,34812.969004463994
0.1,12,3,1.2983634158028686e-05,0.019505886430279368,18183.04113302674
0.1,12,3,2.1824563290540768e-05,0.019499562454875698,10819.968412546348
0.1,12,3,3.668553480677697e-05,0.0195119905525425,7976.712992797611
0.1,12,3,6.166576834289063e-05,0.01940693314237873,4781.232132254535
0.1,12,3,0.00010365575983416166,0.019142913056514974,2424.686980700845
0.1,12,3,0.00017423794165756382,0.018995722352346086,1859.5986135950093
0.1,12,3,0.0002928815568149382,0.018603250378653874,4693.939025190059
0.1,12,3,0.0004923130146413668,0.01825342913924624,992.5884378743173
0.1,12,3,0.0008275430758462444,0.01697409723540231,1033.2726491544588
0.1,12,3,0.0013910409069318157,0.014590683079238703,834.5340819338568
0.1,12,3,0.002338240583765341,0.013558755100115633,667.2266812813219
0.1,12,3,0.003930415705478084,0.012240242288639487,568.6480633339361
0.1,12,3,0.006606748563482762,0.010937050507952281,244.31240360545866
0.1,12,3,0.011105473276082451,0.010324217733884096,1352.6421122969805
0.1,12,3,0.01866750876027992,0.010406583122667002,254.13360841883443
0.1,12,3,0.03137875123842143,0.010546196962322858,134.61046861364662
0.1,12,3,0.052745443536514405,0.013006289307117003,116.46454658616953
0.1,12,3,0.08866132985104706,0.02771553117202938,661.9848744097379
0.1,12,3,0.14903337395417493,0.10819319360746399,130.4867909730592
0.1,12,3,0.2505144755834338,0.42466019528712823,93.30031077944601
0.1,12,3,0.4210969718510149,0.6783965831575753,36.985570892198865
0.1,12,3,0.7078339855975183,0.43202362829271707,21.512237212344004
0.1,12,3,1.1898184614448706,0.4665625748846006,10.336167788744406
0.1,12,3,2.0,0.518012720353319,0.0
0.1,12,4,2.4427565947782155e-07,0.01813020920914335,518238.4711901819
0.1,12,4,4.22926278004901e-07,0.018104318181515346,93772.97140694188
0.1,12,4,7.322327447991965e-07,0.018104318181515346,93772.97140694188
0.1,12,4,1.2677500085486553e-06,0.01809152682615017,90125.83380445749
0.1,12,4,2.1949169790485983e-06,0.01809155863825311,87640.35137427646
0.1,12,4,3.8001660520051463e-06,0.018057356671171296,50710.55218805915
0.1,12,4,6.5794115042437814e-06,0.018057356671171296,50710.55218805915
0.1,12,4,1.1391253737276654e-05,0.01800913350482991,15135.511654673348
0.1,12,4,1.9722229202919182e-05,0.017928146809044202,11508.689540335556
0.1,12,4,3.4146050443914496e-05,0.017998703451267587,12680.594638771641
0.1,12,4,5.9118710614405446e-05,0.017744774313105345,5842.465698071899
0.1,12,4,0.00010235508643819425,0.017394250387698585,2270.827097821339
0.1,12,4,0.00017721231757069839,0.01710494961371313,1386.1194021759827
0.1,12,4,0.0003068162667005416,0.017058321857061486,2729.872842085351
0.1,12,4,0.000531205859742241,0.016033871846398973,1232.8742879836234
0.1,12,4,0.0009197024279677667,0.01505282922994561,1418.5044818788388
0.1,12,4,0.001592325349009214,0.013162904694962849,674.932175041934
0.1,12,4,0.0027568699831530493,0.012279991558961418,386.2819813711634
0.1,12,4,0.004773102499900181,0.01139049831643051,485.5088852730284
0.1,12,4,0.008263903489745577,0.010382064421836259,1162.9917622518267
0.1,12,4,0.014307696281246302,0.010102213173207942,442.5315278141836
0.1,12,4,0.024771607404467808,0.010131684888354904,207.92723136189284
0.1,12,4,0.042888283434238,0.011228622841247276,271.1912964659271
0.1,12,4,0.07425456192252512,0.01872501000653773,308.8051431814028
0.1,12,4,0.1285605187430853,0.06788059829788988,224.40973125259845
0.1,12,4,0.22258305148626123,0.33255021145072744,629.8997555486702
0.1,12,4,0.3853688153510226,0.7244371048328226,31.803406808949415
0.1,12,4,0.6672076910322028,0.419359237938895,18.03020090475884
0.1,12,4,1.1551689842029198,0.47998802331755286,14.22386699436691
0.1,12,4,2.0,0.5367999024864396,0.0
0.1,12,5,4.503783457288077e-08,0.020473412747398875,3610163.3212866704
0.1,12,5,8.265759402682693e-08,0.020473412747398133,163417.91008200037
0.1,12,5,1.5170085140855703e-07,0.020473412747398133,163417.91008200037
0.1,12,5,2.784154146878752e-07,0.020473412747398133,163417.91008200037
0.1,12,5,5.109736854874969e-07,0.020473412747398133,163417.91008200037
0.1,12,5,9.377861048152874e-07,0.020473412747398133,163417.91008200037
0.1,12,5,1.7211116802337726e-06,0.020473412747398213,101029.07532833997
0.1,12,5,3.158743129831908e-06,0.020473412747398213,101029.07532833997
0.1,12,5,5.79721715612614e-06,0.020418856765572656,26578.379108860794
0.1,12,5,1.0639588397639527e-05,0.020302292665492078,26578.379108860794
0.1,12,5,1.9526755376338176e-05,0.020331886051861786,12312.805560245119
0.1,12,5,3.583730509837613e-05,0.020269435784889864,5756.489630287164
0.1,12,5,6.577193250806952e-05,0.02003182166707529,5756.489630287164
0.1,12,5,0.00012071072570805752,0.01952356787727261,3970.0154414667445
0.1,12,5,0.00022153947353117806,0.019313386774464727,15266.470935368805
0.1,12,5,0.00040658970480529085,0.01776764455018444,2070.376672268437
0.1,12,5,0.000746210981811276,0.016766861547782494,1287.9582008516725
0.1,12,5,0.0013695153192390978,0.015302854501425515,1292.2017499538701
0.1,12,5,0.0025134610121630703,0.012951542690208658,1315.8118591260204
0.1,12,5,0.004612935810877821,0.011589204498676231,605.0970911044332
0.1,12,5,0.008466085884087884,0.010616692054671402,1376.1627921894778
0.1,12,5,0.01553774280312667,0.010252741392611103,217.061183871588
0.1,12,5,0.028516300770096047,0.010575782807406448,224.19933741848888
0.1,12,5,0.05233574914413847,0.01295603400717885,292.42744900314307
0.1,12,5,0.09605140093593426,0.03226331871019116,101.24063092067635
0.1,12,5,0.17628240299659287,0.17679035515629146,139.49747330123463
0.1,12,5,0.32352974869133194,0.6506395731522338,32.15373916466828
0.1,12,5,0.5937716783353563,0.43405492146632746,26.168598638915235
0.1,12,5,1.0897446291084467,0.4865941352375214,8.931225261630285
0.1,12,5,2.0,0.5129595399624223,0.0
0.1,12,6,2.4654058972117804e-07,0.020694245181778204,82938.83388880287
0.1,12,6,4.267118379547556e-07,0.020694245181778204,82938.83388880287
0.1,12,6,7.385517851508753e-07,0.020694245181778204,82938.83388880287
0.1,12,6,1.2782835882031023e-06,0.020694245181778204,82938.83388880287
0.1,12,6,2.212450047135952e-06,0.020694245181778204,82938.83388880287
0.1,12,6,3.829303024967051e-06,0.02069424518177817,62651.58243798903
0.1,12,6,6.627748127468005e-06,0.020694048674241232,26873.403762589278
0.1,12,6,1.1471289933116123e-05,0.020694048674241215,24470.1825914474
0.1,12,6,1.9854480013241388e-05,0.020692354071018156,10115.683636832233
0.1,12,6,3.436408450092392e-05,0.020594975337556828,5756.301293725272
0.1,12,6,5.947727176934789e-05,0.0201937802604533,3944.377047228775
0.1,12,6,0.00010294311367526027,0.02002627157612756,2864.844103150262
0.1,12,6,0.00017817368446645796,0.019634236545890672,1774.0895907195068
0.1,12,6,0.0003083825688087991,0.019570852499785404,1039.6721420573147
0.1,12,6,0.000533747781160222,0.01924732525786572,2472.6648386749025
0.1,12,6,0.0009238093287629819,0.017329508000364285,1527.503954083975
0.1,12,6,0.0015989268827579955,0.015568548456894508,1236.062297563256
0.1,12,6,0.0027674186618461055,0.014005988525472555,1371.6364252828148
0.1,12,6,0.004789841319525335,0.012918181814950856,419.4730466958566
0.1,12,6,0.00829024541264298,0.012602571983032922,3390.2252610867918
0.1,12,6,0.014348736088956426,0.012708921480015139,119.16883879461285
0.1,12,6,0.024834756645024672,0.013503816952004009,350.95574952484804
0.1,12,6,0.0429839348771836,0.014373791413193482,711.7267254353255
0.1,12,6,0.07439648730748114,0.023405104027484205,385.80720742256807
0.1,12,6,0.12876525472846276,0.07703140565966769,110.74936103583671
0.1,12,6,0.22286658181533037,0.33147196391509753,66.46624699262303
0.1,12,6,0.3857369241010799,0.7014679119220998,55.3999926855545
0.1,12,6,0.6676325064215043,0.41913169100696424,21.547271721503016
0.1,12,6,1.1555366774114124,0.4694553270327457,19.45307058804042
0.1,12,6,2.0,0.5192645553380179,0.0
0.1,12,7,3.7233767491429117e-07,0.021531825365696422,292272.5571574697
0.1,12,7,6.35344325332725e-07,0.021531825365696422,292272.5571574697
0.1,12,7,1.0841299146679556e-06,0.021471682815744318,48297.18816783856
0.1,12,7,1.8499223570816239e-06,0.021471682815744318,48297.18816783856
0.1,12,7,3.156644495211238e-06,0.021476471548052628,48297.18816783856
0.1,12,7,5.386390640127689e-06,0.021474219016093796,43245.22934223449
0.1,12,7,9.191153508755712e-06,0.021466527509668692,16761.974658767227
0.1,12,7,1.5683471264072642e-05,0.02150787769992658,16761.974658767227
0.1,12,7,2.6761741130389582e-05,0.021296074109073585,8715.042145199563
0.1,12,7,4.566532346513236e-05,0.021230162844717924,4430.21587959861
0.1,12,7,7.792175243811617e-05,0.021034430286668782,4190.341545685764
0.1,12,7,0.00013296302406930655,0.020600914073229663,2228.451047423594
0.1,12,7,0.00022688357507995497,0.020050853606047987,1503.2640074736128
0.1,12,7,0.0003871464040576407,0.019368823491728606,1171.425654714287
0.1,12,7,0.0006606134363051299,0.018104840213526013,1572.9928642230823
0.1,12,7,0.001127248264875777,0.016629645790884884,382.6013937627908
0.1,12,7,0.0019234980411124022,0.015408014669789987,446.25417245377764
0.1,12,7,0.0032821915361927584,0.012872344831822707,418.70229243567195
0.1,12,7,0.005600619834281317,0.011245418912855923,352.77216434141775
0.1,12,7,0.00955670690825374,0.010870099626079384,591.593247902559
0.1,12,7,0.01630723913293152,0.010750829503722472,245.96683158108783
0.1,12,7,0.02782611737406571,0.011719100406483511,576.0653712959896
0.1,12,7,0.047481538830913585,0.014116955245830717,221.4522130580487
0.1,12,7,0.08102088047155201,0.024816667662531416,128.6399715148655
0.1,12,7,0.13825127057827527,0.08973045467281135,58.01831190114089
0.1,12,7,0.23590725878643798,0.38408586454622506,96.9655509575727
0.1,12,7,0.4025441105557303,0.7073208825018856,38.540124660894506
0.1,12,7,0.686887558173007,0.42353577196490155,12.09900178079154
0.1,12,7,1.1720815314413986,0.47670430739873304,49.60232754909266
0.1,12,7,2.0,0.5341852279212905,0.0
0.1,12,8,2.3695389428368715e-08,0.02148734183729596,87092.34291746982
0.1,12,8,4.446177751438207e-08,0.02148734183729596,87092.34291746982
0.1,12,8,8.342760796206497e-08,0.02148734183729596,87092.34291746982
0.1,12,8,1.5654267911400132e-07,0.02148734183729596,87092.34291746982
0.1,12,8,2.9373502348685377e-07,0.02148734183729596,87092.34291746982
0.1,12,8,5.511612840098979e-07,0.02148734183729596,87092.34291746982
0.1,12,8,1.0341931901254363e-06,0.02148734183729596,87092.34291746982
0.1,12,8,1.9405491378502226e-06,0.02148734183729596,87092.34291746982
0.1,12,8,3.641225829338997e-06,0.021470666726016257,56658.84195241287
0.1,12,8,6.832357543356781e-06,0.021276613715775716,31723.95534817826
0.1,12,8,1.2820163260442038e-05,0.021275431107318735,11105.653976501037
0.1,12,8,2.4055618427667657e-05,0.021408660727318195,9407.094517171754
0.1,12,8,4.513770738966325e-05,0.02096651349543712,7607.936777024456
0.1,12,8,8.46959156141056e-05,0.020303725539435127,3869.5111736093677
0.1,12,8,0.00015892251814620135,0.02015050503999655,2110.60072188095
0.1,12,8,0.0002982005282167756,0.01927189272584102,1243.0288695933082
0.1,12,8,0.0005595403097436341,0.018086954066803492,1405.7137603805604
0.1,12,8,0.0010499155051811513,0.017402419027161945,1193.0443576819455
0.1,12,8,0.0019700503231390915,0.016122500950886177,610.0057352176764
0.1,12,8,0.003696581540655304,0.012831129396034932,471.831399085399
0.1,12,8,0.006936226413211677,0.011957164346269518,253.50836176654948
0.1,12,8,0.013015061706661668,0.011479077169060216,243.83478981095843
0.1,12,8,0.024421323805919062,0.012060752367435782,323.7274099204706
0.1,12,8,0.04582391308435261,0.014155775408798928,155.22694385617902
0.1,12,8,0.0859835047047432,0.02781302038434958,93.9680115061656
0.1,12,8,0.16133853666537096,0.13636680850564048,192.43569361106398
0.1,12,8,0.3027339197524867,0.6153988152909217,97.83425332085618
0.1,12,8,0.5680467175600459,0.4791064078623355,371.51725306197125
0.1,12,8,1.0658768386263422,0.526991785674319,25.49263685545804
0.1,12,8,2.0,0.529663019171362,0.0
0.1,12,9,1.2066728869442053e-06,0.022085549363432894,105399.9429836451
0.1,12,9,1.9772110004734253e-06,0.022085549363432974,66886.96415131305
0.1,12,9,3.2397871723903957e-06,0.022085549363432974,66886.96415131305
0.1,12,9,5.308599294598367e-06,0.022085549363432967,36928.589703677346
0.1,12,9,8.69848078626025e-06,0.022085549363432957,23156.519589224106
0.1,12,9,1.4253019259888064e-05,0.02222976120975557,14085.789538630273
0.1,12,9,2.335448718167261e-05,0.02211095929286646,11506.956938043428
0.1,12,9,3.82678267371676e-05,0.02216579890795062,6452.441500180388
0.1,12,9,6.270429111948498e-05,0.022050918115312425,7486.285461193537
0.1,12,9,0.00010274500696895698,0.021475764259880938,3894.018617886997
0.1,12,9,0.00016835429072844802,0.021117126921198763,2802.3184557364402
0.1,12,9,0.00027585931465499156,0.02058198676237892,2470.0082267067423
0.1,12,9,0.00045201319878842124,0.019727034524968698,1097.695047495807
0.1,12,9,0.0007406526480154286,0.01877628660688441,1332.9253021460052
0.1,12,9,0.001213606917856928,0.01672967883182129,627.589236542252
0.1,12,9,0.0019885728553278733,0.015501545313519811,738.8969843513808
0.1,12,9,0.003258404301064669,0.01335774884633012,638.5342477248985
0.1,12,9,0.00533910465525599,0.012345898334121039,404.1397661517011
0.1,12,9,0.008748465778314231,0.011593578524292046,662.9792570108833
0.1,12,9,0.014334922878687349,0.011475871441065672,957.6200073936797
0.1,12,9,0.023488691519750162,0.011443512152772053,561.2309863232553
0.1,12,9,0.038487729161784244,0.012119203676994048,319.4002395569634
0.1,12,9,0.06306461536119715,0.016697646414778333,173.32146658462582
0.1,12,9,0.103335421373854,0.03819639556713322,128.09274575652634
0.1,12,9,0.16932172263881162,0.1569220929627603,135.46027921830645
0.1,12,9,0.2774445139547156,0.5496947111955317,43.384396810065546
0.1,12,9,0.4546106496197682,0.6721718812712908,30.017223701540637
0.1,12,9,0.7449087379736071,0.48276596488372114,21.321352086609977
0.1,12,9,1.2205807945184188,0.4935894483623964,7.877924483080278
0.1,12,9,2.0,0.551604575430288,0.0
